title,img_url,product_link
"Ty Pennington Clear Glass Candle Holder in Wicker Sleeve, 3x4","https://static.athome.com/images/w_1200,h_1200,c_pad,f_auto,fl_lossy,q_auto/v1689683827/p/124381351/ty-pennington-clear-glass-candle-holder-in-wicker-sleeve-3x4.jpg",https://www.athome.com//ty-pennington-clear-glass-candle-holder-in-wicker-sleeve-3x4/124381351.html
"Black Pre-Lit LED Floor Lantern, 28""","https://static.athome.com/images/w_1200,h_1200,c_pad,f_auto,fl_lossy,q_auto/v1706631356/p/124295125/black-pre-lit-led-floor-lantern-28.jpg",https://www.athome.com//black-pre-lit-led-floor-lantern-28/124295125.html
"Clear Dual Side Glass Candle Holder, 2.2""","https://static.athome.com/images/w_1200,h_1200,c_pad,f_auto,fl_lossy,q_auto/v1704894788/p/124394352/clear-dual-side-glass-candle-holder-2.2.jpg",https://www.athome.com//clear-dual-side-glass-candle-holder-2.2/124394352.html
"Gold Metal Lantern with Glass, 13""","https://static.athome.com/images/w_1200,h_1200,c_pad,f_auto,fl_lossy,q_auto/v1691844572/p/124389080/gold-metal-lantern-with-glass-13.jpg",https://www.athome.com//gold-metal-lantern-with-glass-13/124389080.html
"Oversized Grey Metal Hurricane, 21""","https://static.athome.com/images/w_1200,h_1200,c_pad,f_auto,fl_lossy,q_auto/v1712454307/p/124401020/oversized-grey-metal-hurricane-21.jpg",https://www.athome.com//oversized-grey-metal-hurricane-21/124401020.html
"White LED X-Frame Lantern, 11""","https://static.athome.com/images/w_1200,h_1200,c_pad,f_auto,fl_lossy,q_auto/v1734960025/p/124259503/white-led-x-frame-lantern-11.jpg",https://www.athome.com//white-led-x-frame-lantern-11/124259503.html
"Large Black Wooden Oversized Candle Holder, 36""","https://static.athome.com/images/w_1200,h_1200,c_pad,f_auto,fl_lossy,q_auto/v1729686155/p/124405354/large-black-wooden-oversized-candle-holder-36.jpg",https://www.athome.com//large-black-wooden-oversized-candle-holder-36/124405354.html
"Gold Metal Candle Holder, 30""","https://static.athome.com/images/w_1200,h_1200,c_pad,f_auto,fl_lossy,q_auto/v1633179298/p/124349233/gold-metal-candle-holder-30.jpg",https://www.athome.com//gold-metal-candle-holder-30/124349233.html
"Oversized Grey Metal Hurricane, 29""","https://static.athome.com/images/w_1200,h_1200,c_pad,f_auto,fl_lossy,q_auto/v1712454308/p/124401021/oversized-grey-metal-hurricane-29.jpg",https://www.athome.com//oversized-grey-metal-hurricane-29/124401021.html
"Black LED Lantern, 9.5""","https://static.athome.com/images/w_1200,h_1200,c_pad,f_auto,fl_lossy,q_auto/v1706804786/p/124340442/black-led-lantern-9.5.jpg",https://www.athome.com//black-led-lantern-9.5/124340442.html
"Antique Gold Candle Holder, 9.5""","https://static.athome.com/images/w_1200,h_1200,c_pad,f_auto,fl_lossy,q_auto/v1709301603/p/124390557/antique-gold-candle-holder-9.5.jpg",https://www.athome.com//antique-gold-candle-holder-9.5/124390557.html
"White Sand LED Lantern, 9.5""","https://static.athome.com/images/w_1200,h_1200,c_pad,f_auto,fl_lossy,q_auto/v1706376755/p/124261248/white-sand-led-lantern-9.5.jpg",https://www.athome.com//white-sand-led-lantern-9.5/124261248.html
"Oversized Brass Floor Lantern, 36""","https://static.athome.com/images/w_1200,h_1200,c_pad,f_auto,fl_lossy,q_auto/v1630517541/p/124348240/oversized-brass-floor-lantern-36.jpg",https://www.athome.com//oversized-brass-floor-lantern-36/124348240.html
"White Pre-Lit LED Floor Lantern, 28""","https://static.athome.com/images/w_1200,h_1200,c_pad,f_auto,fl_lossy,q_auto/v1706631367/p/124295126/white-pre-lit-led-floor-lantern-28.jpg",https://www.athome.com//white-pre-lit-led-floor-lantern-28/124295126.html
"Oversized Crystal Candle Holder, 53""","https://static.athome.com/images/w_1200,h_1200,c_pad,f_auto,fl_lossy,q_auto/v1703351717/p/124127224/oversized-crystal-candle-holder-53.jpg",https://www.athome.com//oversized-crystal-candle-holder-53/124127224.html
"Oversized Brass Floor Lantern, 29""","https://static.athome.com/images/w_1200,h_1200,c_pad,f_auto,fl_lossy,q_auto/v1630517566/p/124348239/oversized-brass-floor-lantern-29.jpg",https://www.athome.com//oversized-brass-floor-lantern-29/124348239.html
"Unglazed Duo Candle Holder, 4x6","https://static.athome.com/images/w_1200,h_1200,c_pad,f_auto,fl_lossy,q_auto/v1704559524/p/124390571/unglazed-duo-candle-holder-4x6.jpg",https://www.athome.com//unglazed-duo-candle-holder-4x6/124390571.html
"Crosby St. Black Metal Wire Lantern, 24""","https://static.athome.com/images/w_1200,h_1200,c_pad,f_auto,fl_lossy,q_auto/v1739280547/p/125000839/crosby-st.-black-metal-wire-lantern-24.jpg",https://www.athome.com//crosby-st.-black-metal-wire-lantern-24/125000839.html
"Providence Gold Oversized Hurricane Candle Holder, 34""","https://static.athome.com/images/w_1200,h_1200,c_pad,f_auto,fl_lossy,q_auto/v1736601637/p/124399776/providence-gold-oversized-hurricane-candle-holder-34.jpg",https://www.athome.com//providence-gold-oversized-hurricane-candle-holder-34/124399776.html
"Glass Tealight Candle Holder, 8""","https://static.athome.com/images/w_1200,h_1200,c_pad,f_auto,fl_lossy,q_auto/v1712164974/p/124394364/glass-tealight-candle-holder-8.jpg",https://www.athome.com//glass-tealight-candle-holder-8/124394364.html
"Found & Fable Metal Lantern, 32""","https://static.athome.com/images/w_1200,h_1200,c_pad,f_auto,fl_lossy,q_auto/v1719503601/p/124403044/found-fable-metal-lantern-32.jpg",https://www.athome.com//found-fable-metal-lantern-32/124403044.html
"Antique Gold Candle Holder, 8""","https://static.athome.com/images/w_1200,h_1200,c_pad,f_auto,fl_lossy,q_auto/v1709301605/p/124390558/antique-gold-candle-holder-8.jpg",https://www.athome.com//antique-gold-candle-holder-8/124390558.html
"Sage Green LED Lantern, 9.5""","https://static.athome.com/images/w_1200,h_1200,c_pad,f_auto,fl_lossy,q_auto/v1648901994/p/124358368/sage-green-led-lantern-9.5.jpg",https://www.athome.com//sage-green-led-lantern-9.5/124358368.html
"Antique Gold Candle Holder, 11.7""","https://static.athome.com/images/w_1200,h_1200,c_pad,f_auto,fl_lossy,q_auto/v1709301601/p/124390556/antique-gold-candle-holder-11.7.jpg",https://www.athome.com//antique-gold-candle-holder-11.7/124390556.html
"Mercury Glass Candle Holder, 12""","https://static.athome.com/images/w_1200,h_1200,c_pad,f_auto,fl_lossy,q_auto/v1629485556/p/124278704/mercury-glass-candle-holder-12.jpg",https://www.athome.com//mercury-glass-candle-holder-12/124278704.html
"Navy Blue LED Lantern, 9.5""","https://static.athome.com/images/w_1200,h_1200,c_pad,f_auto,fl_lossy,q_auto/v1706804794/p/124345272/navy-blue-led-lantern-9.5.jpg",https://www.athome.com//navy-blue-led-lantern-9.5/124345272.html
"Neutral Pillar Candle Holder, 6""","https://static.athome.com/images/w_1200,h_1200,c_pad,f_auto,fl_lossy,q_auto/v1629493325/p/124219629/neutral-pillar-candle-holder-6.jpg",https://www.athome.com//neutral-pillar-candle-holder-6/124219629.html
"Unglazed Duo Candle Holder, 4.3""","https://static.athome.com/images/w_1200,h_1200,c_pad,f_auto,fl_lossy,q_auto/v1704559525/p/124390572/unglazed-duo-candle-holder-4.3.jpg",https://www.athome.com//unglazed-duo-candle-holder-4.3/124390572.html
"Small Black Wooden Oversized Candle Holder, 30""","https://static.athome.com/images/w_1200,h_1200,c_pad,f_auto,fl_lossy,q_auto/v1729686151/p/124405353/small-black-wooden-oversized-candle-holder-30.jpg",https://www.athome.com//small-black-wooden-oversized-candle-holder-30/124405353.html
"Crosby St. Travertine Candle Holder, 6""","https://static.athome.com/images/w_1200,h_1200,c_pad,f_auto,fl_lossy,q_auto/v1706377481/p/124399822/crosby-st.-travertine-candle-holder-6.jpg",https://www.athome.com//crosby-st.-travertine-candle-holder-6/124399822.html
"Oversized Silver Crystal Globe Candle Holder, 37""","https://static.athome.com/images/w_1200,h_1200,c_pad,f_auto,fl_lossy,q_auto/v1629491615/p/124127225/oversized-silver-crystal-globe-candle-holder-37.jpg",https://www.athome.com//oversized-silver-crystal-globe-candle-holder-37/124127225.html
"Red Metal Lantern, 11""","https://static.athome.com/images/w_1200,h_1200,c_pad,f_auto,fl_lossy,q_auto/v1695991816/p/124259637/red-metal-lantern-11.jpg",https://www.athome.com//red-metal-lantern-11/124259637.html
"Gold Ribbed Candle Holder, 10""","https://static.athome.com/images/w_1200,h_1200,c_pad,f_auto,fl_lossy,q_auto/v1709301668/p/124391135/gold-ribbed-candle-holder-10.jpg",https://www.athome.com//gold-ribbed-candle-holder-10/124391135.html
5 Glass Votive Tealight Candle Holder,"https://static.athome.com/images/w_1200,h_1200,c_pad,f_auto,fl_lossy,q_auto/v1714060165/p/124400617/5-glass-votive-tealight-candle-holder.jpg",https://www.athome.com//5-glass-votive-tealight-candle-holder/124400617.html
"Shallow Bronze Metal Pillar Candle Holder, 3.5""","https://static.athome.com/images/w_1200,h_1200,c_pad,f_auto,fl_lossy,q_auto/v1709301654/p/124391092/shallow-bronze-metal-pillar-candle-holder-3.5.jpg",https://www.athome.com//shallow-bronze-metal-pillar-candle-holder-3.5/124391092.html
"Clear Glass Hurricane Candle Holder, 8""","https://static.athome.com/images/w_1200,h_1200,c_pad,f_auto,fl_lossy,q_auto/v1629489317/p/124332950/clear-glass-hurricane-candle-holder-8.jpg",https://www.athome.com//clear-glass-hurricane-candle-holder-8/124332950.html
"Honeybloom Natural Wood Pillar Candle Holder, 6""","https://static.athome.com/images/w_1200,h_1200,c_pad,f_auto,fl_lossy,q_auto/v1629487815/p/124331409/honeybloom-natural-wood-pillar-candle-holder-6.jpg",https://www.athome.com//honeybloom-natural-wood-pillar-candle-holder-6/124331409.html
"Antique Gold Taper Candle Holder, 9.5""","https://static.athome.com/images/w_1200,h_1200,c_pad,f_auto,fl_lossy,q_auto/v1710432009/p/124389103/antique-gold-taper-candle-holder-9.5.jpg",https://www.athome.com//antique-gold-taper-candle-holder-9.5/124389103.html
8In Clear Glass With Ribbed White Marble Base Hurricane,"https://static.athome.com/images/w_1200,h_1200,c_pad,f_auto,fl_lossy,q_auto/v1720270505/p/124405207/8in-clear-glass-with-ribbed-white-marble-base-hurricane.jpg",https://www.athome.com//8in-clear-glass-with-ribbed-white-marble-base-hurricane/124405207.html
"Crosby St. Black Marble with Gold Metal Pillar Holder, Large","https://static.athome.com/images/w_1200,h_1200,c_pad,f_auto,fl_lossy,q_auto/v1692360997/p/124389178/crosby-st.-black-marble-with-gold-metal-pillar-holder-large.jpg",https://www.athome.com//crosby-st.-black-marble-with-gold-metal-pillar-holder-large/124389178.html
"Turquoise Blue Tiled Mosaic Votive Holder, 4""","https://static.athome.com/images/w_1200,h_1200,c_pad,f_auto,fl_lossy,q_auto/v1629486255/p/124158173/turquoise-blue-tiled-mosaic-votive-holder-4.jpg",https://www.athome.com//turquoise-blue-tiled-mosaic-votive-holder-4/124158173.html
"Green Bubble Glass Taper Holder, 6""","https://static.athome.com/images/w_1200,h_1200,c_pad,f_auto,fl_lossy,q_auto/v1732368429/p/125001008/green-bubble-glass-taper-holder-6.jpg",https://www.athome.com//green-bubble-glass-taper-holder-6/125001008.html
"Gold Metal Candle Holder, 9""","https://static.athome.com/images/w_1200,h_1200,c_pad,f_auto,fl_lossy,q_auto/v1646313841/p/124357505/gold-metal-candle-holder-9.jpg",https://www.athome.com//gold-metal-candle-holder-9/124357505.html
"Clear Glass Bubble Taper Candle Holder, 10""","https://static.athome.com/images/w_1200,h_1200,c_pad,f_auto,fl_lossy,q_auto/v1732368476/p/125001019/clear-glass-bubble-taper-candle-holder-10.jpg",https://www.athome.com//clear-glass-bubble-taper-candle-holder-10/125001019.html
"Found & Fable Silver Metal Lantern, 16""","https://static.athome.com/images/w_1200,h_1200,c_pad,f_auto,fl_lossy,q_auto/v1720021268/p/124403051/found-fable-silver-metal-lantern-16.jpg",https://www.athome.com//found-fable-silver-metal-lantern-16/124403051.html
"Natural Wood Candle Holder, 8.5""","https://static.athome.com/images/w_1200,h_1200,c_pad,f_auto,fl_lossy,q_auto/v1700921308/p/124394424/natural-wood-candle-holder-8.5.jpg",https://www.athome.com//natural-wood-candle-holder-8.5/124394424.html
"Honeybloom White Ceramic Candle Holder, 2.6""","https://static.athome.com/images/w_1200,h_1200,c_pad,f_auto,fl_lossy,q_auto/v1664367852/p/124366941/honeybloom-white-ceramic-candle-holder-2.6.jpg",https://www.athome.com//honeybloom-white-ceramic-candle-holder-2.6/124366941.html
"White Ceramic Rose Tealight Candle Holder, 3.5""","https://static.athome.com/images/w_1200,h_1200,c_pad,f_auto,fl_lossy,q_auto/v1629486477/p/124278722/white-ceramic-rose-tealight-candle-holder-3.5.jpg",https://www.athome.com//white-ceramic-rose-tealight-candle-holder-3.5/124278722.html
31In Oversized Silver Candle Holder,"https://static.athome.com/images/w_1200,h_1200,c_pad,f_auto,fl_lossy,q_auto/v1718984566/p/124405359/31in-oversized-silver-candle-holder.jpg",https://www.athome.com//31in-oversized-silver-candle-holder/124405359.html
"Black LED Metal Lantern, 17""","https://static.athome.com/images/w_1200,h_1200,c_pad,f_auto,fl_lossy,q_auto/v1629493158/p/124252954/black-led-metal-lantern-17.jpg",https://www.athome.com//black-led-metal-lantern-17/124252954.html
"Crosby St. Black Marble with Gold Metal Pillar Candle Holder, Small","https://static.athome.com/images/w_1200,h_1200,c_pad,f_auto,fl_lossy,q_auto/v1692360999/p/124389179/crosby-st.-black-marble-with-gold-metal-pillar-candle-holder-small.jpg",https://www.athome.com//crosby-st.-black-marble-with-gold-metal-pillar-candle-holder-small/124389179.html
"Modern White Pillar Candle Holder, 12""","https://static.athome.com/images/w_1200,h_1200,c_pad,f_auto,fl_lossy,q_auto/v1629487207/p/124320023/modern-white-pillar-candle-holder-12.jpg",https://www.athome.com//modern-white-pillar-candle-holder-12/124320023.html
"Raw Mango Wood Hourglass Taper Candle Holder, 6""","https://static.athome.com/images/w_1200,h_1200,c_pad,f_auto,fl_lossy,q_auto/v1718984393/p/124405153/raw-mango-wood-hourglass-taper-candle-holder-6.jpg",https://www.athome.com//raw-mango-wood-hourglass-taper-candle-holder-6/124405153.html
"Glass Hurricane Candle Holder, 9""","https://static.athome.com/images/w_1200,h_1200,c_pad,f_auto,fl_lossy,q_auto/v1634734247/p/124345787/glass-hurricane-candle-holder-9.jpg",https://www.athome.com//glass-hurricane-candle-holder-9/124345787.html
"Crosby St. White Marble Pillar Candle Holder, 7.5""","https://static.athome.com/images/w_1200,h_1200,c_pad,f_auto,fl_lossy,q_auto/v1700144500/p/124394382/crosby-st.-white-marble-pillar-candle-holder-7.5.jpg",https://www.athome.com//crosby-st.-white-marble-pillar-candle-holder-7.5/124394382.html
"Blue Bubble Glass Taper Holder, 6""","https://static.athome.com/images/w_1200,h_1200,c_pad,f_auto,fl_lossy,q_auto/v1732368452/p/125001013/blue-bubble-glass-taper-holder-6.jpg",https://www.athome.com//blue-bubble-glass-taper-holder-6/125001013.html
"Honeybloom White Painted Distressed Candle Holder, 7""","https://static.athome.com/images/w_1200,h_1200,c_pad,f_auto,fl_lossy,q_auto/v1629490728/p/124314064/honeybloom-white-painted-distressed-candle-holder-7.jpg",https://www.athome.com//honeybloom-white-painted-distressed-candle-holder-7/124314064.html
"Gold Ribbed Candle Holder, 8.3""","https://static.athome.com/images/w_1200,h_1200,c_pad,f_auto,fl_lossy,q_auto/v1709301665/p/124391134/gold-ribbed-candle-holder-8.3.jpg",https://www.athome.com//gold-ribbed-candle-holder-8.3/124391134.html
"Unglazed Duo Candle Holder, 4.3x8","https://static.athome.com/images/w_1200,h_1200,c_pad,f_auto,fl_lossy,q_auto/v1704559527/p/124390573/unglazed-duo-candle-holder-4.3x8.jpg",https://www.athome.com//unglazed-duo-candle-holder-4.3x8/124390573.html
"Honeybloom Brass Ribbed Pillar Candle Holder, 4""","https://static.athome.com/images/w_1200,h_1200,c_pad,f_auto,fl_lossy,q_auto/v1708635232/p/124389377/honeybloom-brass-ribbed-pillar-candle-holder-4.jpg",https://www.athome.com//honeybloom-brass-ribbed-pillar-candle-holder-4/124389377.html
"Natural Wood Candle Holder, 9""","https://static.athome.com/images/w_1200,h_1200,c_pad,f_auto,fl_lossy,q_auto/v1629492502/p/124292452/natural-wood-candle-holder-9.jpg",https://www.athome.com//natural-wood-candle-holder-9/124292452.html
"Crosby St. White Cement-Look Candle Holder, 7""","https://static.athome.com/images/w_1200,h_1200,c_pad,f_auto,fl_lossy,q_auto/v1705586499/p/124289005/crosby-st.-white-cement-look-candle-holder-7.jpg",https://www.athome.com//crosby-st.-white-cement-look-candle-holder-7/124289005.html
"Honeybloom Metal Lantern with Brass Finish, 15""","https://static.athome.com/images/w_1200,h_1200,c_pad,f_auto,fl_lossy,q_auto/v1704981029/p/124357498/honeybloom-metal-lantern-with-brass-finish-15.jpg",https://www.athome.com//honeybloom-metal-lantern-with-brass-finish-15/124357498.html
"Metal Lantern Candleholder, Large","https://static.athome.com/images/w_1200,h_1200,c_pad,f_auto,fl_lossy,q_auto/v1629489194/p/124274259/metal-lantern-candleholder-large.jpg",https://www.athome.com//metal-lantern-candleholder-large/124274259.html
"Crosby St. White Marble Pillar Candle Holder, 9.5""","https://static.athome.com/images/w_1200,h_1200,c_pad,f_auto,fl_lossy,q_auto/v1700144499/p/124394381/crosby-st.-white-marble-pillar-candle-holder-9.5.jpg",https://www.athome.com//crosby-st.-white-marble-pillar-candle-holder-9.5/124394381.html
"Pink Glass Bubble Taper Holder, 10""","https://static.athome.com/images/w_1200,h_1200,c_pad,f_auto,fl_lossy,q_auto/v1732368456/p/125001014/pink-glass-bubble-taper-holder-10.jpg",https://www.athome.com//pink-glass-bubble-taper-holder-10/125001014.html
"Found & Fable Medium Iron Candle Holder, 8""","https://static.athome.com/images/w_1200,h_1200,c_pad,f_auto,fl_lossy,q_auto/v1723819692/p/124403057/found-fable-medium-iron-candle-holder-8.jpg",https://www.athome.com//found-fable-medium-iron-candle-holder-8/124403057.html
"Clear Bubble Glass Taper Candle Holder, 9""","https://static.athome.com/images/w_1200,h_1200,c_pad,f_auto,fl_lossy,q_auto/v1732368472/p/125001018/clear-bubble-glass-taper-candle-holder-9.jpg",https://www.athome.com//clear-bubble-glass-taper-candle-holder-9/125001018.html
"Green Bubble Base Glass Taper Candle Holder, 9""","https://static.athome.com/images/w_1200,h_1200,c_pad,f_auto,fl_lossy,q_auto/v1732368492/p/125001133/green-bubble-base-glass-taper-candle-holder-9.jpg",https://www.athome.com//green-bubble-base-glass-taper-candle-holder-9/125001133.html
"Dark Wooden Pillar Candle Holder, 12""","https://static.athome.com/images/w_1200,h_1200,c_pad,f_auto,fl_lossy,q_auto/v1701977820/p/124394556/dark-wooden-pillar-candle-holder-12.jpg",https://www.athome.com//dark-wooden-pillar-candle-holder-12/124394556.html
"Providence Hurricane Glass Candle Holder, 6""","https://static.athome.com/images/w_1200,h_1200,c_pad,f_auto,fl_lossy,q_auto/v1634734245/p/124345786/providence-hurricane-glass-candle-holder-6.jpg",https://www.athome.com//providence-hurricane-glass-candle-holder-6/124345786.html
"Blue Mosaic Wall Sconce, 24""","https://static.athome.com/images/w_1200,h_1200,c_pad,f_auto,fl_lossy,q_auto/v1629489820/p/124264275/blue-mosaic-wall-sconce-24.jpg",https://www.athome.com//blue-mosaic-wall-sconce-24/124264275.html
"Tracey Boyd Black Wood Pillar Candle Holder, 6""","https://static.athome.com/images/w_1200,h_1200,c_pad,f_auto,fl_lossy,q_auto/v1689683901/p/124383176/tracey-boyd-black-wood-pillar-candle-holder-6.jpg",https://www.athome.com//tracey-boyd-black-wood-pillar-candle-holder-6/124383176.html
"Black Ceramic Taper Candle Holder, 13x4","https://static.athome.com/images/w_1200,h_1200,c_pad,f_auto,fl_lossy,q_auto/v1695127811/p/124394351/black-ceramic-taper-candle-holder-13x4.jpg",https://www.athome.com//black-ceramic-taper-candle-holder-13x4/124394351.html
"Round Bronze Metal Hurricane Candle Holder, 2.7""","https://static.athome.com/images/w_1200,h_1200,c_pad,f_auto,fl_lossy,q_auto/v1709301653/p/124391091/round-bronze-metal-hurricane-candle-holder-2.7.jpg",https://www.athome.com//round-bronze-metal-hurricane-candle-holder-2.7/124391091.html
"Found & Fable Black Metal Lantern, 9.5""","https://static.athome.com/images/w_1200,h_1200,c_pad,f_auto,fl_lossy,q_auto/v1730204552/p/124403053/found-fable-black-metal-lantern-9.5.jpg",https://www.athome.com//found-fable-black-metal-lantern-9.5/124403053.html
"Honeybloom Gold Metal Lantern, 8x14","https://static.athome.com/images/w_1200,h_1200,c_pad,f_auto,fl_lossy,q_auto/v1724849995/p/124399955/honeybloom-gold-metal-lantern-8x14.jpg",https://www.athome.com//honeybloom-gold-metal-lantern-8x14/124399955.html
"Tracey Boyd Round Rattan Lantern, 12x9.8","https://static.athome.com/images/w_1200,h_1200,c_pad,f_auto,fl_lossy,q_auto/v1714230258/p/124390576/tracey-boyd-round-rattan-lantern-12x9.8.jpg",https://www.athome.com//tracey-boyd-round-rattan-lantern-12x9.8/124390576.html
"Crosby St. Black Modern Taper Candle Holder, 12.8""","https://static.athome.com/images/w_1200,h_1200,c_pad,f_auto,fl_lossy,q_auto/v1692708504/p/124394329/crosby-st.-black-modern-taper-candle-holder-12.8.jpg",https://www.athome.com//crosby-st.-black-modern-taper-candle-holder-12.8/124394329.html
"Whitewashed Pillar Candle Holder, 10""","https://static.athome.com/images/w_1200,h_1200,c_pad,f_auto,fl_lossy,q_auto/v1629492576/p/124219630/whitewashed-pillar-candle-holder-10.jpg",https://www.athome.com//whitewashed-pillar-candle-holder-10/124219630.html
"Crosby St. Travertine Candle Holder, 4""","https://static.athome.com/images/w_1200,h_1200,c_pad,f_auto,fl_lossy,q_auto/v1706377482/p/124399823/crosby-st.-travertine-candle-holder-4.jpg",https://www.athome.com//crosby-st.-travertine-candle-holder-4/124399823.html
"Wood Lantern, 12.2""","https://static.athome.com/images/w_1200,h_1200,c_pad,f_auto,fl_lossy,q_auto/v1694523329/p/124394371/wood-lantern-12.2.jpg",https://www.athome.com//wood-lantern-12.2/124394371.html
"Crosby St. Black Modern Taper Candle Holder, 15.5""","https://static.athome.com/images/w_1200,h_1200,c_pad,f_auto,fl_lossy,q_auto/v1692708503/p/124394328/crosby-st.-black-modern-taper-candle-holder-15.5.jpg",https://www.athome.com//crosby-st.-black-modern-taper-candle-holder-15.5/124394328.html
"Crosby St. Gold Taper Candle Holder, 5""","https://static.athome.com/images/w_1200,h_1200,c_pad,f_auto,fl_lossy,q_auto/v1701977803/p/124394550/crosby-st.-gold-taper-candle-holder-5.jpg",https://www.athome.com//crosby-st.-gold-taper-candle-holder-5/124394550.html
"Grey LED Rattan Lantern, 7x9","https://static.athome.com/images/w_1200,h_1200,c_pad,f_auto,fl_lossy,q_auto/v1734960138/p/124401276/grey-led-rattan-lantern-7x9.jpg",https://www.athome.com//grey-led-rattan-lantern-7x9/124401276.html
"Tracey Boyd Gold Mercury Glass Hurricane Candle Holder, 9""","https://static.athome.com/images/w_1200,h_1200,c_pad,f_auto,fl_lossy,q_auto/v1651839674/p/124361562/tracey-boyd-gold-mercury-glass-hurricane-candle-holder-9.jpg",https://www.athome.com//tracey-boyd-gold-mercury-glass-hurricane-candle-holder-9/124361562.html
10In Wood Base And Gold Top Pillar Holder,"https://static.athome.com/images/w_1200,h_1200,c_pad,f_auto,fl_lossy,q_auto/v1718984389/p/124405022/10in-wood-base-and-gold-top-pillar-holder.jpg",https://www.athome.com//10in-wood-base-and-gold-top-pillar-holder/124405022.html
"Crosby St. Matte Black Tea Light Holder, 8""","https://static.athome.com/images/w_1200,h_1200,c_pad,f_auto,fl_lossy,q_auto/v1629490783/p/124293917/crosby-st.-matte-black-tea-light-holder-8.jpg",https://www.athome.com//crosby-st.-matte-black-tea-light-holder-8/124293917.html
"Providence Clear Glass Candle Holder, 11.8""","https://static.athome.com/images/w_1200,h_1200,c_pad,f_auto,fl_lossy,q_auto/v1697633424/p/124394387/providence-clear-glass-candle-holder-11.8.jpg",https://www.athome.com//providence-clear-glass-candle-holder-11.8/124394387.html
"Honeybloom Metal Lantern with Brass Finish, 20""","https://static.athome.com/images/w_1200,h_1200,c_pad,f_auto,fl_lossy,q_auto/v1704981023/p/124357497/honeybloom-metal-lantern-with-brass-finish-20.jpg",https://www.athome.com//honeybloom-metal-lantern-with-brass-finish-20/124357497.html
"Providence Key Scroll Pillar Candle Holder, Small","https://static.athome.com/images/w_1200,h_1200,c_pad,f_auto,fl_lossy,q_auto/v1714230049/p/124366649/providence-key-scroll-pillar-candle-holder-small.jpg",https://www.athome.com//providence-key-scroll-pillar-candle-holder-small/124366649.html
"Black Metal Rectangle Cutout Oversized Lantern, 30""","https://static.athome.com/images/w_1200,h_1200,c_pad,f_auto,fl_lossy,q_auto/v1729772543/p/124405362/black-metal-rectangle-cutout-oversized-lantern-30.jpg",https://www.athome.com//black-metal-rectangle-cutout-oversized-lantern-30/124405362.html
"Black Metal Rectangle Cutout Oversized Lantern, 25""","https://static.athome.com/images/w_1200,h_1200,c_pad,f_auto,fl_lossy,q_auto/v1729772537/p/124405361/black-metal-rectangle-cutout-oversized-lantern-25.jpg",https://www.athome.com//black-metal-rectangle-cutout-oversized-lantern-25/124405361.html
"Black Cement Candle Holder, 9""","https://static.athome.com/images/w_1200,h_1200,c_pad,f_auto,fl_lossy,q_auto/v1723219615/p/124402630/black-cement-candle-holder-9.jpg",https://www.athome.com//black-cement-candle-holder-9/124402630.html
"White Wash Votive Candle Holder, 3""","https://static.athome.com/images/w_1200,h_1200,c_pad,f_auto,fl_lossy,q_auto/v1720021260/p/124403049/white-wash-votive-candle-holder-3.jpg",https://www.athome.com//white-wash-votive-candle-holder-3/124403049.html
"Found & Fable Small Iron Candle Holder, 5""","https://static.athome.com/images/w_1200,h_1200,c_pad,f_auto,fl_lossy,q_auto/v1723819688/p/124403056/found-fable-small-iron-candle-holder-5.jpg",https://www.athome.com//found-fable-small-iron-candle-holder-5/124403056.html
"Black LED X-Frame Lantern, 11""","https://static.athome.com/images/w_1200,h_1200,c_pad,f_auto,fl_lossy,q_auto/v1706376638/p/124196885/black-led-x-frame-lantern-11.jpg",https://www.athome.com//black-led-x-frame-lantern-11/124196885.html
"Honeybloom Mango Wood Candle Holder, 15""","https://static.athome.com/images/w_1200,h_1200,c_pad,f_auto,fl_lossy,q_auto/v1629493564/p/124327947/honeybloom-mango-wood-candle-holder-15.jpg",https://www.athome.com//honeybloom-mango-wood-candle-holder-15/124327947.html
"Grey LED Lantern, 9.5""","https://static.athome.com/images/w_1200,h_1200,c_pad,f_auto,fl_lossy,q_auto/v1629490158/p/124324716/grey-led-lantern-9.5.jpg",https://www.athome.com//grey-led-lantern-9.5/124324716.html
"Blue Mosaic Glass Candle Holder, 6""","https://static.athome.com/images/w_1200,h_1200,c_pad,f_auto,fl_lossy,q_auto/v1629486755/p/124289098/blue-mosaic-glass-candle-holder-6.jpg",https://www.athome.com//blue-mosaic-glass-candle-holder-6/124289098.html
"Found & Fable Black Punched Metal Hurricane, 7""","https://static.athome.com/images/w_1200,h_1200,c_pad,f_auto,fl_lossy,q_auto/v1718984409/p/124405199/found-fable-black-punched-metal-hurricane-7.jpg",https://www.athome.com//found-fable-black-punched-metal-hurricane-7/124405199.html
"Natural Wood Candle Holder, 12""","https://static.athome.com/images/w_1200,h_1200,c_pad,f_auto,fl_lossy,q_auto/v1629491976/p/124289117/natural-wood-candle-holder-12.jpg",https://www.athome.com//natural-wood-candle-holder-12/124289117.html
"Black Marble Tealight Candle Holder, 4""","https://static.athome.com/images/w_1200,h_1200,c_pad,f_auto,fl_lossy,q_auto/v1692708525/p/124394432/black-marble-tealight-candle-holder-4.jpg",https://www.athome.com//black-marble-tealight-candle-holder-4/124394432.html
8In Red And Blue Floral Taper Holder,"https://static.athome.com/images/w_1200,h_1200,c_pad,f_auto,fl_lossy,q_auto/v1721229321/p/124405459/8in-red-and-blue-floral-taper-holder.jpg",https://www.athome.com//8in-red-and-blue-floral-taper-holder/124405459.html
Ty Pennington Natural Wood 3-Plate Candle Holder,"https://static.athome.com/images/w_1200,h_1200,c_pad,f_auto,fl_lossy,q_auto/v1651234799/p/124352413/ty-pennington-natural-wood-3-plate-candle-holder.jpg",https://www.athome.com//ty-pennington-natural-wood-3-plate-candle-holder/124352413.html
"Ty Pennington White Willow Glass Lantern, 16""","https://static.athome.com/images/w_1200,h_1200,c_pad,f_auto,fl_lossy,q_auto/v1629484548/p/124345639/ty-pennington-white-willow-glass-lantern-16.jpg",https://www.athome.com//ty-pennington-white-willow-glass-lantern-16/124345639.html
"Honeybloom Brown Wooden Oversized Candle Holder, 30""","https://static.athome.com/images/w_1200,h_1200,c_pad,f_auto,fl_lossy,q_auto/v1729686162/p/124405355/honeybloom-brown-wooden-oversized-candle-holder-30.jpg",https://www.athome.com//honeybloom-brown-wooden-oversized-candle-holder-30/124405355.html
"Providence Champagne Glass Taper Candle Holder, 12.5""","https://static.athome.com/images/w_1200,h_1200,c_pad,f_auto,fl_lossy,q_auto/v1699452185/p/124389037/providence-champagne-glass-taper-candle-holder-12.5.jpg",https://www.athome.com//providence-champagne-glass-taper-candle-holder-12.5/124389037.html
"Tracey Boyd Round Rattan Lantern, 10x8","https://static.athome.com/images/w_1200,h_1200,c_pad,f_auto,fl_lossy,q_auto/v1714230255/p/124390575/tracey-boyd-round-rattan-lantern-10x8.jpg",https://www.athome.com//tracey-boyd-round-rattan-lantern-10x8/124390575.html
"Gold Metal Wire Lantern, 10""","https://static.athome.com/images/w_1200,h_1200,c_pad,f_auto,fl_lossy,q_auto/v1709301656/p/124391093/gold-metal-wire-lantern-10.jpg",https://www.athome.com//gold-metal-wire-lantern-10/124391093.html
"Blue Bubble Base Glass Taper Candle Holder, 9""","https://static.athome.com/images/w_1200,h_1200,c_pad,f_auto,fl_lossy,q_auto/v1732368496/p/125001134/blue-bubble-base-glass-taper-candle-holder-9.jpg",https://www.athome.com//blue-bubble-base-glass-taper-candle-holder-9/125001134.html
"Gold Metal Flower Pillar Candle Holder, 10""","https://static.athome.com/images/w_1200,h_1200,c_pad,f_auto,fl_lossy,q_auto/v1717266491/p/124405021/gold-metal-flower-pillar-candle-holder-10.jpg",https://www.athome.com//gold-metal-flower-pillar-candle-holder-10/124405021.html
"Purple Glass Bubble Taper Candle Holder, 10""","https://static.athome.com/images/w_1200,h_1200,c_pad,f_auto,fl_lossy,q_auto/v1732368443/p/125001011/purple-glass-bubble-taper-candle-holder-10.jpg",https://www.athome.com//purple-glass-bubble-taper-candle-holder-10/125001011.html
"Clear Bubble Glass Taper Holder, 6""","https://static.athome.com/images/w_1200,h_1200,c_pad,f_auto,fl_lossy,q_auto/v1732368460/p/125001015/clear-bubble-glass-taper-holder-6.jpg",https://www.athome.com//clear-bubble-glass-taper-holder-6/125001015.html
"Dark Wooden Pillar Candle Holder, 8""","https://static.athome.com/images/w_1200,h_1200,c_pad,f_auto,fl_lossy,q_auto/v1701977824/p/124394557/dark-wooden-pillar-candle-holder-8.jpg",https://www.athome.com//dark-wooden-pillar-candle-holder-8/124394557.html
"Purple Glass 6 Bubble Taper Holder, 11""","https://static.athome.com/images/w_1200,h_1200,c_pad,f_auto,fl_lossy,q_auto/v1732368421/p/125001006/purple-glass-6-bubble-taper-holder-11.jpg",https://www.athome.com//purple-glass-6-bubble-taper-holder-11/125001006.html
"Black Cement Candle Holder, 7""","https://static.athome.com/images/w_1200,h_1200,c_pad,f_auto,fl_lossy,q_auto/v1723219619/p/124402631/black-cement-candle-holder-7.jpg",https://www.athome.com//black-cement-candle-holder-7/124402631.html
6In Wood Base And Gold Top Pillar Holder,"https://static.athome.com/images/w_1200,h_1200,c_pad,f_auto,fl_lossy,q_auto/v1718984390/p/124405023/6in-wood-base-and-gold-top-pillar-holder.jpg",https://www.athome.com//6in-wood-base-and-gold-top-pillar-holder/124405023.html
"White Marble Tealight Candle Holder, 4""","https://static.athome.com/images/w_1200,h_1200,c_pad,f_auto,fl_lossy,q_auto/v1692708524/p/124394431/white-marble-tealight-candle-holder-4.jpg",https://www.athome.com//white-marble-tealight-candle-holder-4/124394431.html
"Metal Taper Candle Holder, 17""","https://static.athome.com/images/w_1200,h_1200,c_pad,f_auto,fl_lossy,q_auto/v1712454306/p/124401018/metal-taper-candle-holder-17.jpg",https://www.athome.com//metal-taper-candle-holder-17/124401018.html
"Green Glass Bubble Taper Holder, 10""","https://static.athome.com/images/w_1200,h_1200,c_pad,f_auto,fl_lossy,q_auto/v1732368464/p/125001016/green-glass-bubble-taper-holder-10.jpg",https://www.athome.com//green-glass-bubble-taper-holder-10/125001016.html
"Blue Glass Bubble Taper Holder, 10""","https://static.athome.com/images/w_1200,h_1200,c_pad,f_auto,fl_lossy,q_auto/v1732368438/p/125001010/blue-glass-bubble-taper-holder-10.jpg",https://www.athome.com//blue-glass-bubble-taper-holder-10/125001010.html
"Honeybloom Brass Ribbed Pillar Candle Holder, 6""","https://static.athome.com/images/w_1200,h_1200,c_pad,f_auto,fl_lossy,q_auto/v1708635233/p/124389378/honeybloom-brass-ribbed-pillar-candle-holder-6.jpg",https://www.athome.com//honeybloom-brass-ribbed-pillar-candle-holder-6/124389378.html
"Wood Lantern, 8.3""","https://static.athome.com/images/w_1200,h_1200,c_pad,f_auto,fl_lossy,q_auto/v1694523328/p/124394370/wood-lantern-8.3.jpg",https://www.athome.com//wood-lantern-8.3/124394370.html
"Providence Key Scroll Pillar Candle Holder, Large","https://static.athome.com/images/w_1200,h_1200,c_pad,f_auto,fl_lossy,q_auto/v1660998212/p/124366648/providence-key-scroll-pillar-candle-holder-large.jpg",https://www.athome.com//providence-key-scroll-pillar-candle-holder-large/124366648.html
"Blue Glass 6 Bubble Taper Holder, 11""","https://static.athome.com/images/w_1200,h_1200,c_pad,f_auto,fl_lossy,q_auto/v1732368447/p/125001012/blue-glass-6-bubble-taper-holder-11.jpg",https://www.athome.com//blue-glass-6-bubble-taper-holder-11/125001012.html
"Crosby St. Black Pillar Candle Holder, 6""","https://static.athome.com/images/w_1200,h_1200,c_pad,f_auto,fl_lossy,q_auto/v1695992275/p/124389667/crosby-st.-black-pillar-candle-holder-6.jpg",https://www.athome.com//crosby-st.-black-pillar-candle-holder-6/124389667.html
10In Red And Blue Floral Taper Holder,"https://static.athome.com/images/w_1200,h_1200,c_pad,f_auto,fl_lossy,q_auto/v1721229319/p/124405458/10in-red-and-blue-floral-taper-holder.jpg",https://www.athome.com//10in-red-and-blue-floral-taper-holder/124405458.html
"Crosby St. Matte Black Tea Light Holder, 10""","https://static.athome.com/images/w_1200,h_1200,c_pad,f_auto,fl_lossy,q_auto/v1629493196/p/124293916/crosby-st.-matte-black-tea-light-holder-10.jpg",https://www.athome.com//crosby-st.-matte-black-tea-light-holder-10/124293916.html
"Green Metal Lantern with Handle, 12""","https://static.athome.com/images/w_1200,h_1200,c_pad,f_auto,fl_lossy,q_auto/v1714146658/p/124405235/green-metal-lantern-with-handle-12.jpg",https://www.athome.com//green-metal-lantern-with-handle-12/124405235.html
"Honeybloom White Painted Distressed Candle Holder, 6""","https://static.athome.com/images/w_1200,h_1200,c_pad,f_auto,fl_lossy,q_auto/v1629490220/p/124314063/honeybloom-white-painted-distressed-candle-holder-6.jpg",https://www.athome.com//honeybloom-white-painted-distressed-candle-holder-6/124314063.html
"Honeybloom Mango Wood Candle Holder, 12""","https://static.athome.com/images/w_1200,h_1200,c_pad,f_auto,fl_lossy,q_auto/v1738761707/p/124327948/honeybloom-mango-wood-candle-holder-12.jpg",https://www.athome.com//honeybloom-mango-wood-candle-holder-12/124327948.html
"Crosby St. Gold Plated Taper Holder, 13""","https://static.athome.com/images/w_1200,h_1200,c_pad,f_auto,fl_lossy,q_auto/v1692360995/p/124389176/crosby-st.-gold-plated-taper-holder-13.jpg",https://www.athome.com//crosby-st.-gold-plated-taper-holder-13/124389176.html
"Purple Bubble Base Glass Taper Holder, 9""","https://static.athome.com/images/w_1200,h_1200,c_pad,f_auto,fl_lossy,q_auto/v1732368483/p/125001131/purple-bubble-base-glass-taper-holder-9.jpg",https://www.athome.com//purple-bubble-base-glass-taper-holder-9/125001131.html
"Found & Fable Black Punched Metal Hurricane, 5""","https://static.athome.com/images/w_1200,h_1200,c_pad,f_auto,fl_lossy,q_auto/v1718984408/p/124405198/found-fable-black-punched-metal-hurricane-5.jpg",https://www.athome.com//found-fable-black-punched-metal-hurricane-5/124405198.html
"Crosby St. Black Modern Taper Candle Holder, 8.8""","https://static.athome.com/images/w_1200,h_1200,c_pad,f_auto,fl_lossy,q_auto/v1692708505/p/124394330/crosby-st.-black-modern-taper-candle-holder-8.8.jpg",https://www.athome.com//crosby-st.-black-modern-taper-candle-holder-8.8/124394330.html
"White Wooden Taper Candle Holder with Marble Base, 6""","https://static.athome.com/images/w_1200,h_1200,c_pad,f_auto,fl_lossy,q_auto/v1708803003/p/124394934/white-wooden-taper-candle-holder-with-marble-base-6.jpg",https://www.athome.com//white-wooden-taper-candle-holder-with-marble-base-6/124394934.html
"Navy Blue LED Lantern, 12""","https://static.athome.com/images/w_1200,h_1200,c_pad,f_auto,fl_lossy,q_auto/v1734960052/p/124345275/navy-blue-led-lantern-12.jpg",https://www.athome.com//navy-blue-led-lantern-12/124345275.html
"Clear Glass 6-Bubble Taper Candle Holder, 11""","https://static.athome.com/images/w_1200,h_1200,c_pad,f_auto,fl_lossy,q_auto/v1732368479/p/125001020/clear-glass-6-bubble-taper-candle-holder-11.jpg",https://www.athome.com//clear-glass-6-bubble-taper-candle-holder-11/125001020.html
"White Lantern, 30""","https://static.athome.com/images/w_1200,h_1200,c_pad,f_auto,fl_lossy,q_auto/v1706804811/p/124348769/white-lantern-30.jpg",https://www.athome.com//white-lantern-30/124348769.html
"Green Glass 6-Bubble Taper Holder, 11""","https://static.athome.com/images/w_1200,h_1200,c_pad,f_auto,fl_lossy,q_auto/v1732368425/p/125001007/green-glass-6-bubble-taper-holder-11.jpg",https://www.athome.com//green-glass-6-bubble-taper-holder-11/125001007.html
"Gold Pillar Candle Holder, 12.3""","https://static.athome.com/images/w_1200,h_1200,c_pad,f_auto,fl_lossy,q_auto/v1692708506/p/124394331/gold-pillar-candle-holder-12.3.jpg",https://www.athome.com//gold-pillar-candle-holder-12.3/124394331.html
"Crosby St. White Cement-Look Candle Holder, 5""","https://static.athome.com/images/w_1200,h_1200,c_pad,f_auto,fl_lossy,q_auto/v1629485878/p/124289006/crosby-st.-white-cement-look-candle-holder-5.jpg",https://www.athome.com//crosby-st.-white-cement-look-candle-holder-5/124289006.html
"Found & Fable Green Glass Votive Candle Holder, 4""","https://static.athome.com/images/w_1200,h_1200,c_pad,f_auto,fl_lossy,q_auto/v1710432113/p/124391142/found-fable-green-glass-votive-candle-holder-4.jpg",https://www.athome.com//found-fable-green-glass-votive-candle-holder-4/124391142.html
"Pink Bubble Pink Glass Taper Holder, 9""","https://static.athome.com/images/w_1200,h_1200,c_pad,f_auto,fl_lossy,q_auto/v1732368487/p/125001132/pink-bubble-pink-glass-taper-holder-9.jpg",https://www.athome.com//pink-bubble-pink-glass-taper-holder-9/125001132.html
"Found & Fable Gold Leaf Pillar Tealight Candle Holder, 12.5""","https://static.athome.com/images/w_1200,h_1200,c_pad,f_auto,fl_lossy,q_auto/v1692968594/p/124391100/found-fable-gold-leaf-pillar-tealight-candle-holder-12.5.jpg",https://www.athome.com//found-fable-gold-leaf-pillar-tealight-candle-holder-12.5/124391100.html
"Silver Circle Base Oversized Lantern, 29""","https://static.athome.com/images/w_1200,h_1200,c_pad,f_auto,fl_lossy,q_auto/v1722516849/p/124405365/silver-circle-base-oversized-lantern-29.jpg",https://www.athome.com//silver-circle-base-oversized-lantern-29/124405365.html
"Crosby St. White Marble Taper Candle Holder, 5""","https://static.athome.com/images/w_1200,h_1200,c_pad,f_auto,fl_lossy,q_auto/v1720020849/p/124401104/crosby-st.-white-marble-taper-candle-holder-5.jpg",https://www.athome.com//crosby-st.-white-marble-taper-candle-holder-5/124401104.html
4X9.5 RED LED Plastic Lantern,"https://static.athome.com/images/w_1200,h_1200,c_pad,f_auto,fl_lossy,q_auto/v1648902052/p/124362282/4x9.5-red-led-plastic-lantern.jpg",https://www.athome.com//4x9.5-red-led-plastic-lantern/124362282.html
"Gold Metal Candle Holder, 13""","https://static.athome.com/images/w_1200,h_1200,c_pad,f_auto,fl_lossy,q_auto/v1646313840/p/124357504/gold-metal-candle-holder-13.jpg",https://www.athome.com//gold-metal-candle-holder-13/124357504.html
"Raw Mango Wood Hourglass Taper Candle Holder, 10""","https://static.athome.com/images/w_1200,h_1200,c_pad,f_auto,fl_lossy,q_auto/v1718984392/p/124405152/raw-mango-wood-hourglass-taper-candle-holder-10.jpg",https://www.athome.com//raw-mango-wood-hourglass-taper-candle-holder-10/124405152.html
"Crosby St. White Stone Pillar Candle Holder, 8.5""","https://static.athome.com/images/w_1200,h_1200,c_pad,f_auto,fl_lossy,q_auto/v1714493210/p/124405019/crosby-st.-white-stone-pillar-candle-holder-8.5.jpg",https://www.athome.com//crosby-st.-white-stone-pillar-candle-holder-8.5/124405019.html
"Silver Tealight Votive Candle Holder, 3""","https://static.athome.com/images/w_1200,h_1200,c_pad,f_auto,fl_lossy,q_auto/v1720021264/p/124403050/silver-tealight-votive-candle-holder-3.jpg",https://www.athome.com//silver-tealight-votive-candle-holder-3/124403050.html
"Providence Gold Oversized Hurricane Candle Holder, 32""","https://static.athome.com/images/w_1200,h_1200,c_pad,f_auto,fl_lossy,q_auto/v1736601638/p/124399777/providence-gold-oversized-hurricane-candle-holder-32.jpg",https://www.athome.com//providence-gold-oversized-hurricane-candle-holder-32/124399777.html
"Clear Glass Votive Candle Holder, 3""","https://static.athome.com/images/w_1200,h_1200,c_pad,f_auto,fl_lossy,q_auto/v1712164982/p/124394426/clear-glass-votive-candle-holder-3.jpg",https://www.athome.com//clear-glass-votive-candle-holder-3/124394426.html
"Found & Fable Silver Metal Lantern, 12""","https://static.athome.com/images/w_1200,h_1200,c_pad,f_auto,fl_lossy,q_auto/v1720021273/p/124403052/found-fable-silver-metal-lantern-12.jpg",https://www.athome.com//found-fable-silver-metal-lantern-12/124403052.html
"Green Metal Lantern with Handle, 17""","https://static.athome.com/images/w_1200,h_1200,c_pad,f_auto,fl_lossy,q_auto/v1714146657/p/124405234/green-metal-lantern-with-handle-17.jpg",https://www.athome.com//green-metal-lantern-with-handle-17/124405234.html
"Crosby St. Black Metal Wire Hurricane, 13""","https://static.athome.com/images/w_1200,h_1200,c_pad,f_auto,fl_lossy,q_auto/v1730550074/p/125000844/crosby-st.-black-metal-wire-hurricane-13.jpg",https://www.athome.com//crosby-st.-black-metal-wire-hurricane-13/125000844.html
"Ty Pennington White Willow Glass Lantern, 20""","https://static.athome.com/images/w_1200,h_1200,c_pad,f_auto,fl_lossy,q_auto/v1629490121/p/124345638/ty-pennington-white-willow-glass-lantern-20.jpg",https://www.athome.com//ty-pennington-white-willow-glass-lantern-20/124345638.html
"Medium Black Wooden Oversized Pillar Candle Holder, 20""","https://static.athome.com/images/w_1200,h_1200,c_pad,f_auto,fl_lossy,q_auto/v1729686167/p/124405356/medium-black-wooden-oversized-pillar-candle-holder-20.jpg",https://www.athome.com//medium-black-wooden-oversized-pillar-candle-holder-20/124405356.html
"Silver Hurricane Candle Holder, 12""","https://static.athome.com/images/w_1200,h_1200,c_pad,f_auto,fl_lossy,q_auto/v1709301548/p/124390495/silver-hurricane-candle-holder-12.jpg",https://www.athome.com//silver-hurricane-candle-holder-12/124390495.html
3In Cylinder Dark Marble With Gold Base Tealight Holder,"https://static.athome.com/images/w_1200,h_1200,c_pad,f_auto,fl_lossy,q_auto/v1718984407/p/124405195/3in-cylinder-dark-marble-with-gold-base-tealight-holder.jpg",https://www.athome.com//3in-cylinder-dark-marble-with-gold-base-tealight-holder/124405195.html
"Mercury Glass Candle Holder, 9""","https://static.athome.com/images/w_1200,h_1200,c_pad,f_auto,fl_lossy,q_auto/v1629484216/p/124278705/mercury-glass-candle-holder-9.jpg",https://www.athome.com//mercury-glass-candle-holder-9/124278705.html
"Found & Fable LED Teal Lantern, 12""","https://static.athome.com/images/w_1200,h_1200,c_pad,f_auto,fl_lossy,q_auto/v1734960067/p/124373132/found-fable-led-teal-lantern-12.jpg",https://www.athome.com//found-fable-led-teal-lantern-12/124373132.html
"Providence Gold Metal & Glass Lantern, 11.7""","https://static.athome.com/images/w_1200,h_1200,c_pad,f_auto,fl_lossy,q_auto/v1661954419/p/124367264/providence-gold-metal-glass-lantern-11.7.jpg",https://www.athome.com//providence-gold-metal-glass-lantern-11.7/124367264.html
"Distressed Brown Pillar Candle Holder, 14""","https://static.athome.com/images/w_1200,h_1200,c_pad,f_auto,fl_lossy,q_auto/v1629488979/p/124277625/distressed-brown-pillar-candle-holder-14.jpg",https://www.athome.com//distressed-brown-pillar-candle-holder-14/124277625.html
"Hammered Gold Metal Pillar Candle Holder, 6""","https://static.athome.com/images/w_1200,h_1200,c_pad,f_auto,fl_lossy,q_auto/v1709301676/p/124391166/hammered-gold-metal-pillar-candle-holder-6.jpg",https://www.athome.com//hammered-gold-metal-pillar-candle-holder-6/124391166.html
"Honeybloom Clear Glass Hurricane Candle Holder with Wood Base, 6""","https://static.athome.com/images/w_1200,h_1200,c_pad,f_auto,fl_lossy,q_auto/v1629486288/p/124318293/honeybloom-clear-glass-hurricane-candle-holder-with-wood-base-6.jpg",https://www.athome.com//honeybloom-clear-glass-hurricane-candle-holder-with-wood-base-6/124318293.html
"Found & Fable Silvery Mercury Glass Votive Candle Holder, 4""","https://static.athome.com/images/w_1200,h_1200,c_pad,f_auto,fl_lossy,q_auto/v1681303444/p/124381435/found-fable-silvery-mercury-glass-votive-candle-holder-4.jpg",https://www.athome.com//found-fable-silvery-mercury-glass-votive-candle-holder-4/124381435.html
4In Ugar Taper Holder,"https://static.athome.com/images/w_1200,h_1200,c_pad,f_auto,fl_lossy,q_auto/v1714493242/p/124405155/4in-ugar-taper-holder.jpg",https://www.athome.com//4in-ugar-taper-holder/124405155.html
"Found & Fable LED Teal Lantern, 9.5""","https://static.athome.com/images/w_1200,h_1200,c_pad,f_auto,fl_lossy,q_auto/v1663072155/p/124373131/found-fable-led-teal-lantern-9.5.jpg",https://www.athome.com//found-fable-led-teal-lantern-9.5/124373131.html
"Grey Textured Mercury Glass Hurricane, 10""","https://static.athome.com/images/w_1200,h_1200,c_pad,f_auto,fl_lossy,q_auto/v1718984413/p/124405202/grey-textured-mercury-glass-hurricane-10.jpg",https://www.athome.com//grey-textured-mercury-glass-hurricane-10/124405202.html
"Gold Hammered Metal Lantern, 17""","https://static.athome.com/images/w_1200,h_1200,c_pad,f_auto,fl_lossy,q_auto/v1629488196/p/124340032/gold-hammered-metal-lantern-17.jpg",https://www.athome.com//gold-hammered-metal-lantern-17/124340032.html
"Pink Glass 6-Bubble Taper Candle Holder, 11""","https://static.athome.com/images/w_1200,h_1200,c_pad,f_auto,fl_lossy,q_auto/v1732368468/p/125001017/pink-glass-6-bubble-taper-candle-holder-11.jpg",https://www.athome.com//pink-glass-6-bubble-taper-candle-holder-11/125001017.html
"Small Black Wooden Oversized Pillar Candle Holder, 17""","https://static.athome.com/images/w_1200,h_1200,c_pad,f_auto,fl_lossy,q_auto/v1729686171/p/124405357/small-black-wooden-oversized-pillar-candle-holder-17.jpg",https://www.athome.com//small-black-wooden-oversized-pillar-candle-holder-17/124405357.html
"Dark Wooden Pillar Candle Holder, 6""","https://static.athome.com/images/w_1200,h_1200,c_pad,f_auto,fl_lossy,q_auto/v1701977828/p/124394558/dark-wooden-pillar-candle-holder-6.jpg",https://www.athome.com//dark-wooden-pillar-candle-holder-6/124394558.html
"Ty Pennington Glass Candleholder on Base, 7""","https://static.athome.com/images/w_1200,h_1200,c_pad,f_auto,fl_lossy,q_auto/v1650716426/p/124361932/ty-pennington-glass-candleholder-on-base-7.jpg",https://www.athome.com//ty-pennington-glass-candleholder-on-base-7/124361932.html
"Providence Floral Textured Candleholder, 2.6""","https://static.athome.com/images/w_1200,h_1200,c_pad,f_auto,fl_lossy,q_auto/v1691239340/p/124389056/providence-floral-textured-candleholder-2.6.jpg",https://www.athome.com//providence-floral-textured-candleholder-2.6/124389056.html
"Gold Metal Leaf Taper Candle Holder, 10""","https://static.athome.com/images/w_1200,h_1200,c_pad,f_auto,fl_lossy,q_auto/v1723304523/p/124405159/gold-metal-leaf-taper-candle-holder-10.jpg",https://www.athome.com//gold-metal-leaf-taper-candle-holder-10/124405159.html
"Crosby St. Matte Black Tea Light Holder, 6""","https://static.athome.com/images/w_1200,h_1200,c_pad,f_auto,fl_lossy,q_auto/v1629486194/p/124293918/crosby-st.-matte-black-tea-light-holder-6.jpg",https://www.athome.com//crosby-st.-matte-black-tea-light-holder-6/124293918.html
"Gold Metal Flower Pillar Candle Holder, 14""","https://static.athome.com/images/w_1200,h_1200,c_pad,f_auto,fl_lossy,q_auto/v1717266490/p/124405020/gold-metal-flower-pillar-candle-holder-14.jpg",https://www.athome.com//gold-metal-flower-pillar-candle-holder-14/124405020.html
"White Wooden Taper Candle Holder with Marble Base, 5""","https://static.athome.com/images/w_1200,h_1200,c_pad,f_auto,fl_lossy,q_auto/v1708803000/p/124394933/white-wooden-taper-candle-holder-with-marble-base-5.jpg",https://www.athome.com//white-wooden-taper-candle-holder-with-marble-base-5/124394933.html
"Black Wooden Taper Candle Holder, 7""","https://static.athome.com/images/w_1200,h_1200,c_pad,f_auto,fl_lossy,q_auto/v1708803108/p/124396280/black-wooden-taper-candle-holder-7.jpg",https://www.athome.com//black-wooden-taper-candle-holder-7/124396280.html
"Providence White LED Metal Lantern, 17.3""","https://static.athome.com/images/w_1200,h_1200,c_pad,f_auto,fl_lossy,q_auto/v1663072059/p/124366975/providence-white-led-metal-lantern-17.3.jpg",https://www.athome.com//providence-white-led-metal-lantern-17.3/124366975.html
"Crosby St. Gold Taper Candle Holder, 3.2""","https://static.athome.com/images/w_1200,h_1200,c_pad,f_auto,fl_lossy,q_auto/v1701977804/p/124394551/crosby-st.-gold-taper-candle-holder-3.2.jpg",https://www.athome.com//crosby-st.-gold-taper-candle-holder-3.2/124394551.html
"Hammered Gold Metal Pillar Candle Holder, 8""","https://static.athome.com/images/w_1200,h_1200,c_pad,f_auto,fl_lossy,q_auto/v1709301674/p/124391165/hammered-gold-metal-pillar-candle-holder-8.jpg",https://www.athome.com//hammered-gold-metal-pillar-candle-holder-8/124391165.html
"Gold Punched Metal Lantern, 10""","https://static.athome.com/images/w_1200,h_1200,c_pad,f_auto,fl_lossy,q_auto/v1653394966/p/124358675/gold-punched-metal-lantern-10.jpg",https://www.athome.com//gold-punched-metal-lantern-10/124358675.html
"Crosby St. Metal Taper Candle Holder, 7.5""","https://static.athome.com/images/w_1200,h_1200,c_pad,f_auto,fl_lossy,q_auto/v1712454240/p/124399824/crosby-st.-metal-taper-candle-holder-7.5.jpg",https://www.athome.com//crosby-st.-metal-taper-candle-holder-7.5/124399824.html
"Grey Wood Cutout Lantern with Rope Handle, 20""","https://static.athome.com/images/w_1200,h_1200,c_pad,f_auto,fl_lossy,q_auto/v1629485318/p/124336145/grey-wood-cutout-lantern-with-rope-handle-20.jpg",https://www.athome.com//grey-wood-cutout-lantern-with-rope-handle-20/124336145.html
"Crosby St. Black Pillar Candle Holder, 4""","https://static.athome.com/images/w_1200,h_1200,c_pad,f_auto,fl_lossy,q_auto/v1695992277/p/124389668/crosby-st.-black-pillar-candle-holder-4.jpg",https://www.athome.com//crosby-st.-black-pillar-candle-holder-4/124389668.html
"Honeybloom Natural Wood Lantern, 22""","https://static.athome.com/images/w_1200,h_1200,c_pad,f_auto,fl_lossy,q_auto/v1629492669/p/124330518/honeybloom-natural-wood-lantern-22.jpg",https://www.athome.com//honeybloom-natural-wood-lantern-22/124330518.html
"Wood Lantern, 16""","https://static.athome.com/images/w_1200,h_1200,c_pad,f_auto,fl_lossy,q_auto/v1694523331/p/124394372/wood-lantern-16.jpg",https://www.athome.com//wood-lantern-16/124394372.html
"Gold Metal Wire Lantern, 6""","https://static.athome.com/images/w_1200,h_1200,c_pad,f_auto,fl_lossy,q_auto/v1709301657/p/124391094/gold-metal-wire-lantern-6.jpg",https://www.athome.com//gold-metal-wire-lantern-6/124391094.html
"Crosby St. Gold Plated Taper Holder, 13.5""","https://static.athome.com/images/w_1200,h_1200,c_pad,f_auto,fl_lossy,q_auto/v1692360996/p/124389177/crosby-st.-gold-plated-taper-holder-13.5.jpg",https://www.athome.com//crosby-st.-gold-plated-taper-holder-13.5/124389177.html
"Crosby St. Long Stem Gold Pillar Candle Holder With Marble Cylinder Base, 12.5""","https://static.athome.com/images/w_1200,h_1200,c_pad,f_auto,fl_lossy,q_auto/v1720270499/p/124405025/crosby-st.-long-stem-gold-pillar-candle-holder-with-marble-cylinder-base-12.5.jpg",https://www.athome.com//crosby-st.-long-stem-gold-pillar-candle-holder-with-marble-cylinder-base-12.5/124405025.html
"Black Ombre Glass Lantern, 8""","https://static.athome.com/images/w_1200,h_1200,c_pad,f_auto,fl_lossy,q_auto/v1629485182/p/124346889/black-ombre-glass-lantern-8.jpg",https://www.athome.com//black-ombre-glass-lantern-8/124346889.html
"Honeybloom Wooden Traditional Candle Holder, Large","https://static.athome.com/images/w_1200,h_1200,c_pad,f_auto,fl_lossy,q_auto/v1669210559/p/124367526/honeybloom-wooden-traditional-candle-holder-large.jpg",https://www.athome.com//honeybloom-wooden-traditional-candle-holder-large/124367526.html
"White LED Rattan Lantern, 7x9","https://static.athome.com/images/w_1200,h_1200,c_pad,f_auto,fl_lossy,q_auto/v1734960125/p/124401274/white-led-rattan-lantern-7x9.jpg",https://www.athome.com//white-led-rattan-lantern-7x9/124401274.html
"Black Metal Taper Candle Holders, 11.8""","https://static.athome.com/images/w_1200,h_1200,c_pad,f_auto,fl_lossy,q_auto/v1695127809/p/124394350/black-metal-taper-candle-holders-11.8.jpg",https://www.athome.com//black-metal-taper-candle-holders-11.8/124394350.html
"Silver Taper Candle Holder, 10""","https://static.athome.com/images/w_1200,h_1200,c_pad,f_auto,fl_lossy,q_auto/v1701977796/p/124394547/silver-taper-candle-holder-10.jpg",https://www.athome.com//silver-taper-candle-holder-10/124394547.html
"Black Oversized Lantern with Handle, 28""","https://static.athome.com/images/w_1200,h_1200,c_pad,f_auto,fl_lossy,q_auto/v1729686185/p/124405363/black-oversized-lantern-with-handle-28.jpg",https://www.athome.com//black-oversized-lantern-with-handle-28/124405363.html
"Honeybloom Natural Wood Lantern, 18""","https://static.athome.com/images/w_1200,h_1200,c_pad,f_auto,fl_lossy,q_auto/v1695991921/p/124330519/honeybloom-natural-wood-lantern-18.jpg",https://www.athome.com//honeybloom-natural-wood-lantern-18/124330519.html
"Gold Metal Leaf Taper Candle Holder, 12""","https://static.athome.com/images/w_1200,h_1200,c_pad,f_auto,fl_lossy,q_auto/v1723304521/p/124405158/gold-metal-leaf-taper-candle-holder-12.jpg",https://www.athome.com//gold-metal-leaf-taper-candle-holder-12/124405158.html
"Crosby St. White Stone Sphere Tealight Holder, 3.5""","https://static.athome.com/images/w_1200,h_1200,c_pad,f_auto,fl_lossy,q_auto/v1714493244/p/124405193/crosby-st.-white-stone-sphere-tealight-holder-3.5.jpg",https://www.athome.com//crosby-st.-white-stone-sphere-tealight-holder-3.5/124405193.html
"Honeybloom Metal & Glass Lantern, 3.2x14.5","https://static.athome.com/images/w_1200,h_1200,c_pad,f_auto,fl_lossy,q_auto/v1706890793/p/124394358/honeybloom-metal-glass-lantern-3.2x14.5.jpg",https://www.athome.com//honeybloom-metal-glass-lantern-3.2x14.5/124394358.html
14In Gold Curved Line Base With 5 Taper Holders,"https://static.athome.com/images/w_1200,h_1200,c_pad,f_auto,fl_lossy,q_auto/v1718984394/p/124405162/14in-gold-curved-line-base-with-5-taper-holders.jpg",https://www.athome.com//14in-gold-curved-line-base-with-5-taper-holders/124405162.html
2.5In Snow Taper Holder,"https://static.athome.com/images/w_1200,h_1200,c_pad,f_auto,fl_lossy,q_auto/v1714493241/p/124405154/2.5in-snow-taper-holder.jpg",https://www.athome.com//2.5in-snow-taper-holder/124405154.html
"Crosby St. Brown Marble Round Tealight Candle Holder, 4""","https://static.athome.com/images/w_1200,h_1200,c_pad,f_auto,fl_lossy,q_auto/v1718984404/p/124405192/crosby-st.-brown-marble-round-tealight-candle-holder-4.jpg",https://www.athome.com//crosby-st.-brown-marble-round-tealight-candle-holder-4/124405192.html
"White Wood Cutout Lantern with Rope Handle, 16""","https://static.athome.com/images/w_1200,h_1200,c_pad,f_auto,fl_lossy,q_auto/v1629489809/p/124336149/white-wood-cutout-lantern-with-rope-handle-16.jpg",https://www.athome.com//white-wood-cutout-lantern-with-rope-handle-16/124336149.html
"Crosby St. Long Stem Gold Pillar Candle Holder With Marble Cylinder Base, 9.5""","https://static.athome.com/images/w_1200,h_1200,c_pad,f_auto,fl_lossy,q_auto/v1720270500/p/124405026/crosby-st.-long-stem-gold-pillar-candle-holder-with-marble-cylinder-base-9.5.jpg",https://www.athome.com//crosby-st.-long-stem-gold-pillar-candle-holder-with-marble-cylinder-base-9.5/124405026.html
"Clear Glass Hurricane Candle Holder, 6""","https://static.athome.com/images/w_1200,h_1200,c_pad,f_auto,fl_lossy,q_auto/v1629486726/p/124332949/clear-glass-hurricane-candle-holder-6.jpg",https://www.athome.com//clear-glass-hurricane-candle-holder-6/124332949.html
"Honeybloom LED Glass Lantern with Metal Base, 6""","https://static.athome.com/images/w_1200,h_1200,c_pad,f_auto,fl_lossy,q_auto/v1661954417/p/124367262/honeybloom-led-glass-lantern-with-metal-base-6.jpg",https://www.athome.com//honeybloom-led-glass-lantern-with-metal-base-6/124367262.html
"Crosby St. Black Ceramic Candle Holder, 4x5","https://static.athome.com/images/w_1200,h_1200,c_pad,f_auto,fl_lossy,q_auto/v1705774088/p/124380381/crosby-st.-black-ceramic-candle-holder-4x5.jpg",https://www.athome.com//crosby-st.-black-ceramic-candle-holder-4x5/124380381.html
"Glass Lantern with Rope Handle, 8""","https://static.athome.com/images/w_1200,h_1200,c_pad,f_auto,fl_lossy,q_auto/v1629491925/p/124318817/glass-lantern-with-rope-handle-8.jpg",https://www.athome.com//glass-lantern-with-rope-handle-8/124318817.html
"Honeybloom Clear Glass Hurricane with Wood Base, 5""","https://static.athome.com/images/w_1200,h_1200,c_pad,f_auto,fl_lossy,q_auto/v1629485269/p/124318292/honeybloom-clear-glass-hurricane-with-wood-base-5.jpg",https://www.athome.com//honeybloom-clear-glass-hurricane-with-wood-base-5/124318292.html
"White Starfish Candle Holder, 2.5""","https://static.athome.com/images/w_1200,h_1200,c_pad,f_auto,fl_lossy,q_auto/v1629488453/p/124323755/white-starfish-candle-holder-2.5.jpg",https://www.athome.com//white-starfish-candle-holder-2.5/124323755.html
"Wooden Taper Candle Holder with Marble Base, 6""","https://static.athome.com/images/w_1200,h_1200,c_pad,f_auto,fl_lossy,q_auto/v1708802998/p/124394816/wooden-taper-candle-holder-with-marble-base-6.jpg",https://www.athome.com//wooden-taper-candle-holder-with-marble-base-6/124394816.html
"Honeybloom Honey Glass Pane Hurricane, 6""","https://static.athome.com/images/w_1200,h_1200,c_pad,f_auto,fl_lossy,q_auto/v1692449380/p/124389395/honeybloom-honey-glass-pane-hurricane-6.jpg",https://www.athome.com//honeybloom-honey-glass-pane-hurricane-6/124389395.html
"Found & Fable Green Glass Hurricane, 6""","https://static.athome.com/images/w_1200,h_1200,c_pad,f_auto,fl_lossy,q_auto/v1720021256/p/124403048/found-fable-green-glass-hurricane-6.jpg",https://www.athome.com//found-fable-green-glass-hurricane-6/124403048.html
"Tracey Boyd Silver Mercury Glass Votive, 4""","https://static.athome.com/images/w_1200,h_1200,c_pad,f_auto,fl_lossy,q_auto/v1676122843/p/124381404/tracey-boyd-silver-mercury-glass-votive-4.jpg",https://www.athome.com//tracey-boyd-silver-mercury-glass-votive-4/124381404.html
"Grey LED X-Frame Lantern, 11""","https://static.athome.com/images/w_1200,h_1200,c_pad,f_auto,fl_lossy,q_auto/v1734960018/p/124259502/grey-led-x-frame-lantern-11.jpg",https://www.athome.com//grey-led-x-frame-lantern-11/124259502.html
3In Cylinder White Marble With Gold Base Tealight Holder,"https://static.athome.com/images/w_1200,h_1200,c_pad,f_auto,fl_lossy,q_auto/v1718984405/p/124405194/3in-cylinder-white-marble-with-gold-base-tealight-holder.jpg",https://www.athome.com//3in-cylinder-white-marble-with-gold-base-tealight-holder/124405194.html
"Metal Lantern Candleholder, Medium","https://static.athome.com/images/w_1200,h_1200,c_pad,f_auto,fl_lossy,q_auto/v1629490311/p/124274258/metal-lantern-candleholder-medium.jpg",https://www.athome.com//metal-lantern-candleholder-medium/124274258.html
"Crosby St. White Stone Pillar Candle Holder, 7""","https://static.athome.com/images/w_1200,h_1200,c_pad,f_auto,fl_lossy,q_auto/v1714493209/p/124405018/crosby-st.-white-stone-pillar-candle-holder-7.jpg",https://www.athome.com//crosby-st.-white-stone-pillar-candle-holder-7/124405018.html
"Found & Fable Black Patterned Stem Metal Taper Candle Holder, 10""","https://static.athome.com/images/w_1200,h_1200,c_pad,f_auto,fl_lossy,q_auto/v1712850438/p/124405161/found-fable-black-patterned-stem-metal-taper-candle-holder-10.jpg",https://www.athome.com//found-fable-black-patterned-stem-metal-taper-candle-holder-10/124405161.html
"Crosby St. Black Ceramic Candle Holder, 5x8","https://static.athome.com/images/w_1200,h_1200,c_pad,f_auto,fl_lossy,q_auto/v1705773865/p/124379155/crosby-st.-black-ceramic-candle-holder-5x8.jpg",https://www.athome.com//crosby-st.-black-ceramic-candle-holder-5x8/124379155.html
"Found & Fable Black Taper Candle Holder, 8""","https://static.athome.com/images/w_1200,h_1200,c_pad,f_auto,fl_lossy,q_auto/v1669296971/p/124372913/found-fable-black-taper-candle-holder-8.jpg",https://www.athome.com//found-fable-black-taper-candle-holder-8/124372913.html
"Grey Glass Dual Side Candle Holder, 3.2""","https://static.athome.com/images/w_1200,h_1200,c_pad,f_auto,fl_lossy,q_auto/v1704894789/p/124394353/grey-glass-dual-side-candle-holder-3.2.jpg",https://www.athome.com//grey-glass-dual-side-candle-holder-3.2/124394353.html
"Metallic Silver Crackled Round Glass Candle Holder, 4""","https://static.athome.com/images/w_1200,h_1200,c_pad,f_auto,fl_lossy,q_auto/v1629485475/p/124062987/metallic-silver-crackled-round-glass-candle-holder-4.jpg",https://www.athome.com//metallic-silver-crackled-round-glass-candle-holder-4/124062987.html
"Ty Pennington Glass Candle Holder on Base, 6.7""","https://static.athome.com/images/w_1200,h_1200,c_pad,f_auto,fl_lossy,q_auto/v1650716427/p/124361933/ty-pennington-glass-candle-holder-on-base-6.7.jpg",https://www.athome.com//ty-pennington-glass-candle-holder-on-base-6.7/124361933.html
"Crosby St. Marble with Gold Metal Ring Pillar Candle Holder, 4.5""","https://static.athome.com/images/w_1200,h_1200,c_pad,f_auto,fl_lossy,q_auto/v1718984387/p/124405017/crosby-st.-marble-with-gold-metal-ring-pillar-candle-holder-4.5.jpg",https://www.athome.com//crosby-st.-marble-with-gold-metal-ring-pillar-candle-holder-4.5/124405017.html
"Found & Fable Green Glass Votive Candle Holder, 5""","https://static.athome.com/images/w_1200,h_1200,c_pad,f_auto,fl_lossy,q_auto/v1710432114/p/124391143/found-fable-green-glass-votive-candle-holder-5.jpg",https://www.athome.com//found-fable-green-glass-votive-candle-holder-5/124391143.html
"Providence Metal Candle Holder, 9""","https://static.athome.com/images/w_1200,h_1200,c_pad,f_auto,fl_lossy,q_auto/v1675863351/p/124377497/providence-metal-candle-holder-9.jpg",https://www.athome.com//providence-metal-candle-holder-9/124377497.html
"Crosby St. Silver Candle Holder, 10""","https://static.athome.com/images/w_1200,h_1200,c_pad,f_auto,fl_lossy,q_auto/v1712454247/p/124399835/crosby-st.-silver-candle-holder-10.jpg",https://www.athome.com//crosby-st.-silver-candle-holder-10/124399835.html
"Providence White LED Metal Lantern, 13.4""","https://static.athome.com/images/w_1200,h_1200,c_pad,f_auto,fl_lossy,q_auto/v1663072058/p/124366974/providence-white-led-metal-lantern-13.4.jpg",https://www.athome.com//providence-white-led-metal-lantern-13.4/124366974.html
"Crosby St. Crystal Glass Candle Holder, 7""","https://static.athome.com/images/w_1200,h_1200,c_pad,f_auto,fl_lossy,q_auto/v1695127818/p/124394410/crosby-st.-crystal-glass-candle-holder-7.jpg",https://www.athome.com//crosby-st.-crystal-glass-candle-holder-7/124394410.html
"Honeybloom Honey Glass Pane Hurricane, 9""","https://static.athome.com/images/w_1200,h_1200,c_pad,f_auto,fl_lossy,q_auto/v1692449380/p/124389394/honeybloom-honey-glass-pane-hurricane-9.jpg",https://www.athome.com//honeybloom-honey-glass-pane-hurricane-9/124389394.html
"Crosby St. Amber Glass with Leather Band Hurricane Candle Holder, 9""","https://static.athome.com/images/w_1200,h_1200,c_pad,f_auto,fl_lossy,q_auto/v1692449376/p/124389204/crosby-st.-amber-glass-with-leather-band-hurricane-candle-holder-9.jpg",https://www.athome.com//crosby-st.-amber-glass-with-leather-band-hurricane-candle-holder-9/124389204.html
"Tracey Boyd Gold Mercury Glass Hurricane Candle Holder, 15""","https://static.athome.com/images/w_1200,h_1200,c_pad,f_auto,fl_lossy,q_auto/v1651839675/p/124361563/tracey-boyd-gold-mercury-glass-hurricane-candle-holder-15.jpg",https://www.athome.com//tracey-boyd-gold-mercury-glass-hurricane-candle-holder-15/124361563.html
"Crosby St. Black Metal Wire Hurricane, 8""","https://static.athome.com/images/w_1200,h_1200,c_pad,f_auto,fl_lossy,q_auto/v1730550071/p/125000840/crosby-st.-black-metal-wire-hurricane-8.jpg",https://www.athome.com//crosby-st.-black-metal-wire-hurricane-8/125000840.html
"Pink Ceramic Flower Tealight Candle Holder, 2""","https://static.athome.com/images/w_1200,h_1200,c_pad,f_auto,fl_lossy,q_auto/v1629493231/p/124265509/pink-ceramic-flower-tealight-candle-holder-2.jpg",https://www.athome.com//pink-ceramic-flower-tealight-candle-holder-2/124265509.html
"White Wood Cutout Lantern with Rope Handle, 20""","https://static.athome.com/images/w_1200,h_1200,c_pad,f_auto,fl_lossy,q_auto/v1629487653/p/124336148/white-wood-cutout-lantern-with-rope-handle-20.jpg",https://www.athome.com//white-wood-cutout-lantern-with-rope-handle-20/124336148.html
"Purple Glass Taper Holder, 6""","https://static.athome.com/images/w_1200,h_1200,c_pad,f_auto,fl_lossy,q_auto/v1732368434/p/125001009/purple-glass-taper-holder-6.jpg",https://www.athome.com//purple-glass-taper-holder-6/125001009.html
"Found & Fable Black Patterned Stem Metal Taper Candle Holder, 18""","https://static.athome.com/images/w_1200,h_1200,c_pad,f_auto,fl_lossy,q_auto/v1712850435/p/124405160/found-fable-black-patterned-stem-metal-taper-candle-holder-18.jpg",https://www.athome.com//found-fable-black-patterned-stem-metal-taper-candle-holder-18/124405160.html
"Gold Metal Lantern, 17""","https://static.athome.com/images/w_1200,h_1200,c_pad,f_auto,fl_lossy,q_auto/v1705413162/p/124389372/gold-metal-lantern-17.jpg",https://www.athome.com//gold-metal-lantern-17/124389372.html
"Tracey Boyd Black Wood Pillar Candle Holder, 8""","https://static.athome.com/images/w_1200,h_1200,c_pad,f_auto,fl_lossy,q_auto/v1689683900/p/124383175/tracey-boyd-black-wood-pillar-candle-holder-8.jpg",https://www.athome.com//tracey-boyd-black-wood-pillar-candle-holder-8/124383175.html
"Found & Fable Metal Lantern, 23""","https://static.athome.com/images/w_1200,h_1200,c_pad,f_auto,fl_lossy,q_auto/v1719503605/p/124403059/found-fable-metal-lantern-23.jpg",https://www.athome.com//found-fable-metal-lantern-23/124403059.html
"Providence Champagne Glass Taper Candle Holder, 6.5""","https://static.athome.com/images/w_1200,h_1200,c_pad,f_auto,fl_lossy,q_auto/v1694869301/p/124389039/providence-champagne-glass-taper-candle-holder-6.5.jpg",https://www.athome.com//providence-champagne-glass-taper-candle-holder-6.5/124389039.html
"Providence Silver Pillar Candle Holder, 7.7""","https://static.athome.com/images/w_1200,h_1200,c_pad,f_auto,fl_lossy,q_auto/v1701977832/p/124394559/providence-silver-pillar-candle-holder-7.7.jpg",https://www.athome.com//providence-silver-pillar-candle-holder-7.7/124394559.html
"Black Metal Lantern, 13""","https://static.athome.com/images/w_1200,h_1200,c_pad,f_auto,fl_lossy,q_auto/v1629487064/p/124111910/black-metal-lantern-13.jpg",https://www.athome.com//black-metal-lantern-13/124111910.html
"Crosby St. Black Candle Holder, 3""","https://static.athome.com/images/w_1200,h_1200,c_pad,f_auto,fl_lossy,q_auto/v1674308466/p/124379150/crosby-st.-black-candle-holder-3.jpg",https://www.athome.com//crosby-st.-black-candle-holder-3/124379150.html
"Tracey Boyd Clear Ribbed Glass Hurricane Candle Holder with Handle, 8""","https://static.athome.com/images/w_1200,h_1200,c_pad,f_auto,fl_lossy,q_auto/v1649247352/p/124362179/tracey-boyd-clear-ribbed-glass-hurricane-candle-holder-with-handle-8.jpg",https://www.athome.com//tracey-boyd-clear-ribbed-glass-hurricane-candle-holder-with-handle-8/124362179.html
"Silver Taper Candle Holder, 8""","https://static.athome.com/images/w_1200,h_1200,c_pad,f_auto,fl_lossy,q_auto/v1701977799/p/124394548/silver-taper-candle-holder-8.jpg",https://www.athome.com//silver-taper-candle-holder-8/124394548.html
"Walnut Wooden Taper Candle Holder, 6""","https://static.athome.com/images/w_1200,h_1200,c_pad,f_auto,fl_lossy,q_auto/v1708803099/p/124396276/walnut-wooden-taper-candle-holder-6.jpg",https://www.athome.com//walnut-wooden-taper-candle-holder-6/124396276.html
25In Oversized Silver Candle Holder,"https://static.athome.com/images/w_1200,h_1200,c_pad,f_auto,fl_lossy,q_auto/v1718984564/p/124405358/25in-oversized-silver-candle-holder.jpg",https://www.athome.com//25in-oversized-silver-candle-holder/124405358.html
"Black Wooden Candleholder, 8""","https://static.athome.com/images/w_1200,h_1200,c_pad,f_auto,fl_lossy,q_auto/v1700921306/p/124394422/black-wooden-candleholder-8.jpg",https://www.athome.com//black-wooden-candleholder-8/124394422.html
"White Ceramic Pillar Candle Holder, 4""","https://static.athome.com/images/w_1200,h_1200,c_pad,f_auto,fl_lossy,q_auto/v1694782275/p/124293278/white-ceramic-pillar-candle-holder-4.jpg",https://www.athome.com//white-ceramic-pillar-candle-holder-4/124293278.html
"Bubble Pink Glass Taper Holder, 6""","https://static.athome.com/images/w_1200,h_1200,c_pad,f_auto,fl_lossy,q_auto/v1732368417/p/125001005/bubble-pink-glass-taper-holder-6.jpg",https://www.athome.com//bubble-pink-glass-taper-holder-6/125001005.html
"Crosby St. Gold Metal Candle Holder, 6x4","https://static.athome.com/images/w_1200,h_1200,c_pad,f_auto,fl_lossy,q_auto/v1700661532/p/124389408/crosby-st.-gold-metal-candle-holder-6x4.jpg",https://www.athome.com//crosby-st.-gold-metal-candle-holder-6x4/124389408.html
"Honeybloom Natural Wood Pillar Candle Holder, 7""","https://static.athome.com/images/w_1200,h_1200,c_pad,f_auto,fl_lossy,q_auto/v1629492316/p/124331410/honeybloom-natural-wood-pillar-candle-holder-7.jpg",https://www.athome.com//honeybloom-natural-wood-pillar-candle-holder-7/124331410.html
"Antique Bronze Metal Lantern, 15.2""","https://static.athome.com/images/w_1200,h_1200,c_pad,f_auto,fl_lossy,q_auto/v1693486422/p/124390597/antique-bronze-metal-lantern-15.2.jpg",https://www.athome.com//antique-bronze-metal-lantern-15.2/124390597.html
"Providence Glass Hurricane with Gold Stem Candle Holder, 10""","https://static.athome.com/images/w_1200,h_1200,c_pad,f_auto,fl_lossy,q_auto/v1695992261/p/124389108/providence-glass-hurricane-with-gold-stem-candle-holder-10.jpg",https://www.athome.com//providence-glass-hurricane-with-gold-stem-candle-holder-10/124389108.html
"Silver Plate Taper Candle Holder, 4""","https://static.athome.com/images/w_1200,h_1200,c_pad,f_auto,fl_lossy,q_auto/v1708802986/p/124394569/silver-plate-taper-candle-holder-4.jpg",https://www.athome.com//silver-plate-taper-candle-holder-4/124394569.html
"Black Metal Pillar Candle Holder, 9""","https://static.athome.com/images/w_1200,h_1200,c_pad,f_auto,fl_lossy,q_auto/v1629485094/p/124268390/black-metal-pillar-candle-holder-9.jpg",https://www.athome.com//black-metal-pillar-candle-holder-9/124268390.html
"Silver Hurricane Candle Holder, 5.5""","https://static.athome.com/images/w_1200,h_1200,c_pad,f_auto,fl_lossy,q_auto/v1709301549/p/124390496/silver-hurricane-candle-holder-5.5.jpg",https://www.athome.com//silver-hurricane-candle-holder-5.5/124390496.html
"Natural Wooden Candle Holder, 5""","https://static.athome.com/images/w_1200,h_1200,c_pad,f_auto,fl_lossy,q_auto/v1700921307/p/124394423/natural-wooden-candle-holder-5.jpg",https://www.athome.com//natural-wooden-candle-holder-5/124394423.html
"Black Wooden Candle Holder, 5""","https://static.athome.com/images/w_1200,h_1200,c_pad,f_auto,fl_lossy,q_auto/v1700921304/p/124394421/black-wooden-candle-holder-5.jpg",https://www.athome.com//black-wooden-candle-holder-5/124394421.html
"Modern White Pillar Candle Holder, 8""","https://static.athome.com/images/w_1200,h_1200,c_pad,f_auto,fl_lossy,q_auto/v1629491015/p/124320022/modern-white-pillar-candle-holder-8.jpg",https://www.athome.com//modern-white-pillar-candle-holder-8/124320022.html
"Gold Mesh Candle Holder, 24""","https://static.athome.com/images/w_1200,h_1200,c_pad,f_auto,fl_lossy,q_auto/v1695992266/p/124389327/gold-mesh-candle-holder-24.jpg",https://www.athome.com//gold-mesh-candle-holder-24/124389327.html
"Crosby St. Metal Taper Candle Holder, 5""","https://static.athome.com/images/w_1200,h_1200,c_pad,f_auto,fl_lossy,q_auto/v1712454242/p/124399825/crosby-st.-metal-taper-candle-holder-5.jpg",https://www.athome.com//crosby-st.-metal-taper-candle-holder-5/124399825.html
"Wooden Slats Lantern, 15""","https://static.athome.com/images/w_1200,h_1200,c_pad,f_auto,fl_lossy,q_auto/v1700921297/p/124394342/wooden-slats-lantern-15.jpg",https://www.athome.com//wooden-slats-lantern-15/124394342.html
"Blue & Amber Brown Mosaic Glass Votive Candle Holder, 3""","https://static.athome.com/images/w_1200,h_1200,c_pad,f_auto,fl_lossy,q_auto/v1723819275/p/124105481/blue-amber-brown-mosaic-glass-votive-candle-holder-3.jpg",https://www.athome.com//blue-amber-brown-mosaic-glass-votive-candle-holder-3/124105481.html
"Crosby St. Clear Glass 2-Bubble Taper Candle Holder, 5""","https://static.athome.com/images/w_1200,h_1200,c_pad,f_auto,fl_lossy,q_auto/v1720270654/p/124406387/crosby-st.-clear-glass-2-bubble-taper-candle-holder-5.jpg",https://www.athome.com//crosby-st.-clear-glass-2-bubble-taper-candle-holder-5/124406387.html
"Found & Fable Silver Glass Votive Candle Holder, 5""","https://static.athome.com/images/w_1200,h_1200,c_pad,f_auto,fl_lossy,q_auto/v1683636213/p/124377504/found-fable-silver-glass-votive-candle-holder-5.jpg",https://www.athome.com//found-fable-silver-glass-votive-candle-holder-5/124377504.html
"Black Pillar Candle Holder, 8.2""","https://static.athome.com/images/w_1200,h_1200,c_pad,f_auto,fl_lossy,q_auto/v1701977843/p/124394580/black-pillar-candle-holder-8.2.jpg",https://www.athome.com//black-pillar-candle-holder-8.2/124394580.html
"Black Wooden Taper Candle Holder, 5""","https://static.athome.com/images/w_1200,h_1200,c_pad,f_auto,fl_lossy,q_auto/v1708803110/p/124396281/black-wooden-taper-candle-holder-5.jpg",https://www.athome.com//black-wooden-taper-candle-holder-5/124396281.html
"Crosby St. Candle Holder with Glass, 6.7""","https://static.athome.com/images/w_1200,h_1200,c_pad,f_auto,fl_lossy,q_auto/v1650457275/p/124357373/crosby-st.-candle-holder-with-glass-6.7.jpg",https://www.athome.com//crosby-st.-candle-holder-with-glass-6.7/124357373.html
Metal Triangle Candleholder,"https://static.athome.com/images/w_1200,h_1200,c_pad,f_auto,fl_lossy,q_auto/v1629492121/p/124274237/metal-triangle-candleholder.jpg",https://www.athome.com//metal-triangle-candleholder/124274237.html
"Crosby St. Silver Candle Holder, 8""","https://static.athome.com/images/w_1200,h_1200,c_pad,f_auto,fl_lossy,q_auto/v1712454249/p/124399836/crosby-st.-silver-candle-holder-8.jpg",https://www.athome.com//crosby-st.-silver-candle-holder-8/124399836.html
"Black Metal Lantern, Large","https://static.athome.com/images/w_1200,h_1200,c_pad,f_auto,fl_lossy,q_auto/v1695127815/p/124394356/black-metal-lantern-large.jpg",https://www.athome.com//black-metal-lantern-large/124394356.html
"Wooden Taper Candle Holder with Marble Base, 5""","https://static.athome.com/images/w_1200,h_1200,c_pad,f_auto,fl_lossy,q_auto/v1708802996/p/124394815/wooden-taper-candle-holder-with-marble-base-5.jpg",https://www.athome.com//wooden-taper-candle-holder-with-marble-base-5/124394815.html
"Providence Gold Stacked Orb Candle Holder, Large","https://static.athome.com/images/w_1200,h_1200,c_pad,f_auto,fl_lossy,q_auto/v1663418231/p/124367269/providence-gold-stacked-orb-candle-holder-large.jpg",https://www.athome.com//providence-gold-stacked-orb-candle-holder-large/124367269.html
"Black Metal Round Lantern, 21""","https://static.athome.com/images/w_1200,h_1200,c_pad,f_auto,fl_lossy,q_auto/v1631623247/p/124348565/black-metal-round-lantern-21.jpg",https://www.athome.com//black-metal-round-lantern-21/124348565.html
"Oversized Crystal Cylinder Candle Holder, 33""","https://static.athome.com/images/w_1200,h_1200,c_pad,f_auto,fl_lossy,q_auto/v1695991783/p/124127226/oversized-crystal-cylinder-candle-holder-33.jpg",https://www.athome.com//oversized-crystal-cylinder-candle-holder-33/124127226.html
"Crosby St. Clear Glass Bubble Taper Candle Holder, 8""","https://static.athome.com/images/w_1200,h_1200,c_pad,f_auto,fl_lossy,q_auto/v1720270651/p/124406385/crosby-st.-clear-glass-bubble-taper-candle-holder-8.jpg",https://www.athome.com//crosby-st.-clear-glass-bubble-taper-candle-holder-8/124406385.html
"Wood Candleholder with Metal Plate, 5""","https://static.athome.com/images/w_1200,h_1200,c_pad,f_auto,fl_lossy,q_auto/v1700921300/p/124394416/wood-candleholder-with-metal-plate-5.jpg",https://www.athome.com//wood-candleholder-with-metal-plate-5/124394416.html
"Crosby St. Silver Candle Holder, 12""","https://static.athome.com/images/w_1200,h_1200,c_pad,f_auto,fl_lossy,q_auto/v1712454256/p/124399845/crosby-st.-silver-candle-holder-12.jpg",https://www.athome.com//crosby-st.-silver-candle-holder-12/124399845.html
"Oversized Round Gold Wire Floor Lantern, 30""","https://static.athome.com/images/w_1200,h_1200,c_pad,f_auto,fl_lossy,q_auto/v1712329030/p/124341433/oversized-round-gold-wire-floor-lantern-30.jpg",https://www.athome.com//oversized-round-gold-wire-floor-lantern-30/124341433.html
"Honeybloom Wooden Traditional Candle Holder, Small","https://static.athome.com/images/w_1200,h_1200,c_pad,f_auto,fl_lossy,q_auto/v1669210560/p/124367527/honeybloom-wooden-traditional-candle-holder-small.jpg",https://www.athome.com//honeybloom-wooden-traditional-candle-holder-small/124367527.html
"Antique Gold Taper Candle Holder, 11""","https://static.athome.com/images/w_1200,h_1200,c_pad,f_auto,fl_lossy,q_auto/v1710432003/p/124389102/antique-gold-taper-candle-holder-11.jpg",https://www.athome.com//antique-gold-taper-candle-holder-11/124389102.html
"Providence Runner 5 Votive Candle Holder, 30.5""","https://static.athome.com/images/w_1200,h_1200,c_pad,f_auto,fl_lossy,q_auto/v1733837281/p/125000831/providence-runner-5-votive-candle-holder-30.5.jpg",https://www.athome.com//providence-runner-5-votive-candle-holder-30.5/125000831.html
"Black Pillar Candle Holder, 12.2""","https://static.athome.com/images/w_1200,h_1200,c_pad,f_auto,fl_lossy,q_auto/v1701977847/p/124394581/black-pillar-candle-holder-12.2.jpg",https://www.athome.com//black-pillar-candle-holder-12.2/124394581.html
"Providence Wooden Pillar Candle Holder, 12""","https://static.athome.com/images/w_1200,h_1200,c_pad,f_auto,fl_lossy,q_auto/v1701977813/p/124394554/providence-wooden-pillar-candle-holder-12.jpg",https://www.athome.com//providence-wooden-pillar-candle-holder-12/124394554.html
"Gold Metal Rectangular Lantern, 12""","https://static.athome.com/images/w_1200,h_1200,c_pad,f_auto,fl_lossy,q_auto/v1720270507/p/124405230/gold-metal-rectangular-lantern-12.jpg",https://www.athome.com//gold-metal-rectangular-lantern-12/124405230.html
"Black Candle Holder, 7""","https://static.athome.com/images/w_1200,h_1200,c_pad,f_auto,fl_lossy,q_auto/v1629484915/p/124268389/black-candle-holder-7.jpg",https://www.athome.com//black-candle-holder-7/124268389.html
"Black Ombre Glass Lantern, 11""","https://static.athome.com/images/w_1200,h_1200,c_pad,f_auto,fl_lossy,q_auto/v1629492964/p/124346891/black-ombre-glass-lantern-11.jpg",https://www.athome.com//black-ombre-glass-lantern-11/124346891.html
"Wooden Cylinder Lantern, 12""","https://static.athome.com/images/w_1200,h_1200,c_pad,f_auto,fl_lossy,q_auto/v1718984414/p/124405228/wooden-cylinder-lantern-12.jpg",https://www.athome.com//wooden-cylinder-lantern-12/124405228.html
"Hammered Gold Metal Pillar Candle Holder, 4""","https://static.athome.com/images/w_1200,h_1200,c_pad,f_auto,fl_lossy,q_auto/v1709301678/p/124391167/hammered-gold-metal-pillar-candle-holder-4.jpg",https://www.athome.com//hammered-gold-metal-pillar-candle-holder-4/124391167.html
"Dark Grey Glass Votive Candle Holder, 3""","https://static.athome.com/images/w_1200,h_1200,c_pad,f_auto,fl_lossy,q_auto/v1712164978/p/124394389/dark-grey-glass-votive-candle-holder-3.jpg",https://www.athome.com//dark-grey-glass-votive-candle-holder-3/124394389.html
"Honeybloom Glass Lantern, 10""","https://static.athome.com/images/w_1200,h_1200,c_pad,f_auto,fl_lossy,q_auto/v1721925465/p/124399949/honeybloom-glass-lantern-10.jpg",https://www.athome.com//honeybloom-glass-lantern-10/124399949.html
"Clear Glass Votive Candle Holder, 3x4","https://static.athome.com/images/w_1200,h_1200,c_pad,f_auto,fl_lossy,q_auto/v1712765011/p/124399839/clear-glass-votive-candle-holder-3x4.jpg",https://www.athome.com//clear-glass-votive-candle-holder-3x4/124399839.html
"Dark Grey Pre-Lit LED Floor Lantern, 28""","https://static.athome.com/images/w_1200,h_1200,c_pad,f_auto,fl_lossy,q_auto/v1697806426/p/124295127/dark-grey-pre-lit-led-floor-lantern-28.jpg",https://www.athome.com//dark-grey-pre-lit-led-floor-lantern-28/124295127.html
"White Carved Candle Holder, 9""","https://static.athome.com/images/w_1200,h_1200,c_pad,f_auto,fl_lossy,q_auto/v1629488797/p/124267622/white-carved-candle-holder-9.jpg",https://www.athome.com//white-carved-candle-holder-9/124267622.html
"Wooden Candle Holder, 8""","https://static.athome.com/images/w_1200,h_1200,c_pad,f_auto,fl_lossy,q_auto/v1700921303/p/124394418/wooden-candle-holder-8.jpg",https://www.athome.com//wooden-candle-holder-8/124394418.html
10In Clear Glass Cylinder Hurricane,"https://static.athome.com/images/w_1200,h_1200,c_pad,f_auto,fl_lossy,q_auto/v1715173637/p/124405197/10in-clear-glass-cylinder-hurricane.jpg",https://www.athome.com//10in-clear-glass-cylinder-hurricane/124405197.html
"Antique Gold Plate Taper Candle Holder, 4""","https://static.athome.com/images/w_1200,h_1200,c_pad,f_auto,fl_lossy,q_auto/v1708802984/p/124394568/antique-gold-plate-taper-candle-holder-4.jpg",https://www.athome.com//antique-gold-plate-taper-candle-holder-4/124394568.html
"Tracey Boyd Metallic Metal Candle Holder, 10""","https://static.athome.com/images/w_1200,h_1200,c_pad,f_auto,fl_lossy,q_auto/v1651148275/p/124361996/tracey-boyd-metallic-metal-candle-holder-10.jpg",https://www.athome.com//tracey-boyd-metallic-metal-candle-holder-10/124361996.html
"Black Metal Lantern, Small","https://static.athome.com/images/w_1200,h_1200,c_pad,f_auto,fl_lossy,q_auto/v1695127816/p/124394357/black-metal-lantern-small.jpg",https://www.athome.com//black-metal-lantern-small/124394357.html
"Crosby St. Blue Taper Candle Holder, 5""","https://static.athome.com/images/w_1200,h_1200,c_pad,f_auto,fl_lossy,q_auto/v1712454244/p/124399833/crosby-st.-blue-taper-candle-holder-5.jpg",https://www.athome.com//crosby-st.-blue-taper-candle-holder-5/124399833.html
"Black Pillar Candle Holder, 8""","https://static.athome.com/images/w_1200,h_1200,c_pad,f_auto,fl_lossy,q_auto/v1708802989/p/124394571/black-pillar-candle-holder-8.jpg",https://www.athome.com//black-pillar-candle-holder-8/124394571.html
"Providence Silver Pillar Candle Holder, 6""","https://static.athome.com/images/w_1200,h_1200,c_pad,f_auto,fl_lossy,q_auto/v1701977835/p/124394560/providence-silver-pillar-candle-holder-6.jpg",https://www.athome.com//providence-silver-pillar-candle-holder-6/124394560.html
"Crosby St. Clear Glass Bubble Taper Candle Holder, 6.5""","https://static.athome.com/images/w_1200,h_1200,c_pad,f_auto,fl_lossy,q_auto/v1720270652/p/124406386/crosby-st.-clear-glass-bubble-taper-candle-holder-6.5.jpg",https://www.athome.com//crosby-st.-clear-glass-bubble-taper-candle-holder-6.5/124406386.html
"Crosby St. Blue Taper Candle Holder, 6.5""","https://static.athome.com/images/w_1200,h_1200,c_pad,f_auto,fl_lossy,q_auto/v1712454245/p/124399834/crosby-st.-blue-taper-candle-holder-6.5.jpg",https://www.athome.com//crosby-st.-blue-taper-candle-holder-6.5/124399834.html
"Gold Glass Candle Holder, 3.2""","https://static.athome.com/images/w_1200,h_1200,c_pad,f_auto,fl_lossy,q_auto/v1695127813/p/124394355/gold-glass-candle-holder-3.2.jpg",https://www.athome.com//gold-glass-candle-holder-3.2/124394355.html
"Tracey Boyd Metallic Metal Candle Holder, 15""","https://static.athome.com/images/w_1200,h_1200,c_pad,f_auto,fl_lossy,q_auto/v1651148271/p/124361994/tracey-boyd-metallic-metal-candle-holder-15.jpg",https://www.athome.com//tracey-boyd-metallic-metal-candle-holder-15/124361994.html
"Clear Glass Candle Holder, 3.2""","https://static.athome.com/images/w_1200,h_1200,c_pad,f_auto,fl_lossy,q_auto/v1695127820/p/124394425/clear-glass-candle-holder-3.2.jpg",https://www.athome.com//clear-glass-candle-holder-3.2/124394425.html
"Found & Fable Black Metal Candle Stick, 17""","https://static.athome.com/images/w_1200,h_1200,c_pad,f_auto,fl_lossy,q_auto/v1629485762/p/124325128/found-fable-black-metal-candle-stick-17.jpg",https://www.athome.com//found-fable-black-metal-candle-stick-17/124325128.html
"Crosby St. Tan Knot Taper Candle Holder, 8""","https://static.athome.com/images/w_1200,h_1200,c_pad,f_auto,fl_lossy,q_auto/v1691239343/p/124389147/crosby-st.-tan-knot-taper-candle-holder-8.jpg",https://www.athome.com//crosby-st.-tan-knot-taper-candle-holder-8/124389147.html
"Metal Geo Taper Candle Holder, Small","https://static.athome.com/images/w_1200,h_1200,c_pad,f_auto,fl_lossy,q_auto/v1629489384/p/124274240/metal-geo-taper-candle-holder-small.jpg",https://www.athome.com//metal-geo-taper-candle-holder-small/124274240.html
"Gold Metal Rectangular Lantern, 8""","https://static.athome.com/images/w_1200,h_1200,c_pad,f_auto,fl_lossy,q_auto/v1720270506/p/124405229/gold-metal-rectangular-lantern-8.jpg",https://www.athome.com//gold-metal-rectangular-lantern-8/124405229.html
"Found & Fable Silver Hammered Pillar Candle Holder, 4""","https://static.athome.com/images/w_1200,h_1200,c_pad,f_auto,fl_lossy,q_auto/v1722445312/p/124391090/found-fable-silver-hammered-pillar-candle-holder-4.jpg",https://www.athome.com//found-fable-silver-hammered-pillar-candle-holder-4/124391090.html
"Providence Metal Candle Holder, 7""","https://static.athome.com/images/w_1200,h_1200,c_pad,f_auto,fl_lossy,q_auto/v1675863352/p/124377498/providence-metal-candle-holder-7.jpg",https://www.athome.com//providence-metal-candle-holder-7/124377498.html
"Found & Fable Black Candle Holder, 8""","https://static.athome.com/images/w_1200,h_1200,c_pad,f_auto,fl_lossy,q_auto/v1686055733/p/124381007/found-fable-black-candle-holder-8.jpg",https://www.athome.com//found-fable-black-candle-holder-8/124381007.html
"Black Wood Cutout Lantern with Rope Handle, 20""","https://static.athome.com/images/w_1200,h_1200,c_pad,f_auto,fl_lossy,q_auto/v1695818721/p/124292956/black-wood-cutout-lantern-with-rope-handle-20.jpg",https://www.athome.com//black-wood-cutout-lantern-with-rope-handle-20/124292956.html
"Providence Black Metal Arch Lantern, 21""","https://static.athome.com/images/w_1200,h_1200,c_pad,f_auto,fl_lossy,q_auto/v1738761691/p/124293729/providence-black-metal-arch-lantern-21.jpg",https://www.athome.com//providence-black-metal-arch-lantern-21/124293729.html
"Natural Wooden Taper Candle Holder, 5""","https://static.athome.com/images/w_1200,h_1200,c_pad,f_auto,fl_lossy,q_auto/v1708803105/p/124396279/natural-wooden-taper-candle-holder-5.jpg",https://www.athome.com//natural-wooden-taper-candle-holder-5/124396279.html
"Providence Wooden Pillar Candle Holder, 9""","https://static.athome.com/images/w_1200,h_1200,c_pad,f_auto,fl_lossy,q_auto/v1701977817/p/124394555/providence-wooden-pillar-candle-holder-9.jpg",https://www.athome.com//providence-wooden-pillar-candle-holder-9/124394555.html
"Brown Mosaic Wall Sconce, 24""","https://static.athome.com/images/w_1200,h_1200,c_pad,f_auto,fl_lossy,q_auto/v1629491791/p/124264276/brown-mosaic-wall-sconce-24.jpg",https://www.athome.com//brown-mosaic-wall-sconce-24/124264276.html
"Natural Wooden Taper Candle Holder, 7""","https://static.athome.com/images/w_1200,h_1200,c_pad,f_auto,fl_lossy,q_auto/v1708803112/p/124396282/natural-wooden-taper-candle-holder-7.jpg",https://www.athome.com//natural-wooden-taper-candle-holder-7/124396282.html
"Found & Fable Gold Metal Lotus Tealight Candle Holder, 7.5""","https://static.athome.com/images/w_1200,h_1200,c_pad,f_auto,fl_lossy,q_auto/v1720270504/p/124405196/found-fable-gold-metal-lotus-tealight-candle-holder-7.5.jpg",https://www.athome.com//found-fable-gold-metal-lotus-tealight-candle-holder-7.5/124405196.html
"Wooden Slats Lantern, 13""","https://static.athome.com/images/w_1200,h_1200,c_pad,f_auto,fl_lossy,q_auto/v1700921294/p/124394341/wooden-slats-lantern-13.jpg",https://www.athome.com//wooden-slats-lantern-13/124394341.html
"Found & Fable Silver Hammered Pillar Candle Holder, 8""","https://static.athome.com/images/w_1200,h_1200,c_pad,f_auto,fl_lossy,q_auto/v1722445307/p/124391088/found-fable-silver-hammered-pillar-candle-holder-8.jpg",https://www.athome.com//found-fable-silver-hammered-pillar-candle-holder-8/124391088.html
"Found & Fable Silver Hammered Pillar Candle Holder, 6""","https://static.athome.com/images/w_1200,h_1200,c_pad,f_auto,fl_lossy,q_auto/v1722445309/p/124391089/found-fable-silver-hammered-pillar-candle-holder-6.jpg",https://www.athome.com//found-fable-silver-hammered-pillar-candle-holder-6/124391089.html
"Black Metal Taper Candle Holder, 9.5""","https://static.athome.com/images/w_1200,h_1200,c_pad,f_auto,fl_lossy,q_auto/v1629484689/p/124343954/black-metal-taper-candle-holder-9.5.jpg",https://www.athome.com//black-metal-taper-candle-holder-9.5/124343954.html
"Tracey Boyd Metallic Metal Candle Holder, 13""","https://static.athome.com/images/w_1200,h_1200,c_pad,f_auto,fl_lossy,q_auto/v1651148273/p/124361995/tracey-boyd-metallic-metal-candle-holder-13.jpg",https://www.athome.com//tracey-boyd-metallic-metal-candle-holder-13/124361995.html
"White Distressed Candle Holder, 11""","https://static.athome.com/images/w_1200,h_1200,c_pad,f_auto,fl_lossy,q_auto/v1629487222/p/124315367/white-distressed-candle-holder-11.jpg",https://www.athome.com//white-distressed-candle-holder-11/124315367.html
"Black Metal Taper Candle Holder, 15.5""","https://static.athome.com/images/w_1200,h_1200,c_pad,f_auto,fl_lossy,q_auto/v1629487807/p/124343952/black-metal-taper-candle-holder-15.5.jpg",https://www.athome.com//black-metal-taper-candle-holder-15.5/124343952.html
"Found & Fable Taper Candle Holder, 15.2x3","https://static.athome.com/images/w_1200,h_1200,c_pad,f_auto,fl_lossy,q_auto/v1721229118/p/124403055/found-fable-taper-candle-holder-15.2x3.jpg",https://www.athome.com//found-fable-taper-candle-holder-15.2x3/124403055.html
"Purple Glass Candle Holder, 3.2""","https://static.athome.com/images/w_1200,h_1200,c_pad,f_auto,fl_lossy,q_auto/v1695127812/p/124394354/purple-glass-candle-holder-3.2.jpg",https://www.athome.com//purple-glass-candle-holder-3.2/124394354.html
"Crosby St. Amber Glass with Leather Band Hurricane Candle Holder, 5""","https://static.athome.com/images/w_1200,h_1200,c_pad,f_auto,fl_lossy,q_auto/v1692449375/p/124389203/crosby-st.-amber-glass-with-leather-band-hurricane-candle-holder-5.jpg",https://www.athome.com//crosby-st.-amber-glass-with-leather-band-hurricane-candle-holder-5/124389203.html
"Crosby St. Gold Metal Candle Holder, 13x4","https://static.athome.com/images/w_1200,h_1200,c_pad,f_auto,fl_lossy,q_auto/v1700661530/p/124389406/crosby-st.-gold-metal-candle-holder-13x4.jpg",https://www.athome.com//crosby-st.-gold-metal-candle-holder-13x4/124389406.html
"Crosby St. Black Metal Lantern, Medium","https://static.athome.com/images/w_1200,h_1200,c_pad,f_auto,fl_lossy,q_auto/v1674135621/p/124378986/crosby-st.-black-metal-lantern-medium.jpg",https://www.athome.com//crosby-st.-black-metal-lantern-medium/124378986.html
"Natural Wooden Taper Candle Holder, 5""","https://static.athome.com/images/w_1200,h_1200,c_pad,f_auto,fl_lossy,q_auto/v1708803115/p/124396283/natural-wooden-taper-candle-holder-5.jpg",https://www.athome.com//natural-wooden-taper-candle-holder-5/124396283.html
"Distressed White Pillar Candle Holder, 8""","https://static.athome.com/images/w_1200,h_1200,c_pad,f_auto,fl_lossy,q_auto/v1629489247/p/124277612/distressed-white-pillar-candle-holder-8.jpg",https://www.athome.com//distressed-white-pillar-candle-holder-8/124277612.html
"Glass Ribbed Taper Candle Holder, 2""","https://static.athome.com/images/w_1200,h_1200,c_pad,f_auto,fl_lossy,q_auto/v1697287913/p/124394414/glass-ribbed-taper-candle-holder-2.jpg",https://www.athome.com//glass-ribbed-taper-candle-holder-2/124394414.html
"Wood & Metal Lantern with Glass Hurricane, 12.5""","https://static.athome.com/images/w_1200,h_1200,c_pad,f_auto,fl_lossy,q_auto/v1718984417/p/124405231/wood-metal-lantern-with-glass-hurricane-12.5.jpg",https://www.athome.com//wood-metal-lantern-with-glass-hurricane-12.5/124405231.html
"Brown Wood Cutout Lantern with Rope Handle, 20""","https://static.athome.com/images/w_1200,h_1200,c_pad,f_auto,fl_lossy,q_auto/v1629493277/p/124336142/brown-wood-cutout-lantern-with-rope-handle-20.jpg",https://www.athome.com//brown-wood-cutout-lantern-with-rope-handle-20/124336142.html
"Black Metal Taper Candle Holder, 12.5""","https://static.athome.com/images/w_1200,h_1200,c_pad,f_auto,fl_lossy,q_auto/v1629485352/p/124343953/black-metal-taper-candle-holder-12.5.jpg",https://www.athome.com//black-metal-taper-candle-holder-12.5/124343953.html
"Found & Fable Silver Lotus Tealight Candle Holder, 7.5""","https://static.athome.com/images/w_1200,h_1200,c_pad,f_auto,fl_lossy,q_auto/v1722516749/p/124403060/found-fable-silver-lotus-tealight-candle-holder-7.5.jpg",https://www.athome.com//found-fable-silver-lotus-tealight-candle-holder-7.5/124403060.html
"Grey & Silver Mosaic Tealight Candle Holder, 3.5""","https://static.athome.com/images/w_1200,h_1200,c_pad,f_auto,fl_lossy,q_auto/v1633178909/p/124311705/grey-silver-mosaic-tealight-candle-holder-3.5.jpg",https://www.athome.com//grey-silver-mosaic-tealight-candle-holder-3.5/124311705.html
"Clear Glass Votive Candle Holder, 3""","https://static.athome.com/images/w_1200,h_1200,c_pad,f_auto,fl_lossy,q_auto/v1712765007/p/124399837/clear-glass-votive-candle-holder-3.jpg",https://www.athome.com//clear-glass-votive-candle-holder-3/124399837.html
"Black Wood Cutout Lantern with Rope Handle, 16""","https://static.athome.com/images/w_1200,h_1200,c_pad,f_auto,fl_lossy,q_auto/v1629488210/p/124292957/black-wood-cutout-lantern-with-rope-handle-16.jpg",https://www.athome.com//black-wood-cutout-lantern-with-rope-handle-16/124292957.html
"Found & Fable Black Metal Candle Holder, 14""","https://static.athome.com/images/w_1200,h_1200,c_pad,f_auto,fl_lossy,q_auto/v1629489334/p/124325129/found-fable-black-metal-candle-holder-14.jpg",https://www.athome.com//found-fable-black-metal-candle-holder-14/124325129.html
"Walnut Wooden Taper Candle Holder, 5""","https://static.athome.com/images/w_1200,h_1200,c_pad,f_auto,fl_lossy,q_auto/v1708803101/p/124396277/walnut-wooden-taper-candle-holder-5.jpg",https://www.athome.com//walnut-wooden-taper-candle-holder-5/124396277.html
"Gold Branch 3-Pillar Centerpiece Candle Holder, 8""","https://static.athome.com/images/w_1200,h_1200,c_pad,f_auto,fl_lossy,q_auto/v1738360925/p/124405024/gold-branch-3-pillar-centerpiece-candle-holder-8.jpg",https://www.athome.com//gold-branch-3-pillar-centerpiece-candle-holder-8/124405024.html
"Honeybloom Wooden Pillar Candle Holder, 8""","https://static.athome.com/images/w_1200,h_1200,c_pad,f_auto,fl_lossy,q_auto/v1701977806/p/124394552/honeybloom-wooden-pillar-candle-holder-8.jpg",https://www.athome.com//honeybloom-wooden-pillar-candle-holder-8/124394552.html
"White Dual Candleholder, 8.5""","https://static.athome.com/images/w_1200,h_1200,c_pad,f_auto,fl_lossy,q_auto/v1705774654/p/124394405/white-dual-candleholder-8.5.jpg",https://www.athome.com//white-dual-candleholder-8.5/124394405.html
"Matte Black Taper Candle Holder, 6""","https://static.athome.com/images/w_1200,h_1200,c_pad,f_auto,fl_lossy,q_auto/v1631018826/p/124340210/matte-black-taper-candle-holder-6.jpg",https://www.athome.com//matte-black-taper-candle-holder-6/124340210.html
"Crosby St. Silver Pillar Candle Holder, 5""","https://static.athome.com/images/w_1200,h_1200,c_pad,f_auto,fl_lossy,q_auto/v1713539788/p/124399828/crosby-st.-silver-pillar-candle-holder-5.jpg",https://www.athome.com//crosby-st.-silver-pillar-candle-holder-5/124399828.html
"Gold Pillar Candle Holder, 8.3""","https://static.athome.com/images/w_1200,h_1200,c_pad,f_auto,fl_lossy,q_auto/v1692708508/p/124394333/gold-pillar-candle-holder-8.3.jpg",https://www.athome.com//gold-pillar-candle-holder-8.3/124394333.html
"Black Plate Taper Candle Holder, 4""","https://static.athome.com/images/w_1200,h_1200,c_pad,f_auto,fl_lossy,q_auto/v1708802987/p/124394570/black-plate-taper-candle-holder-4.jpg",https://www.athome.com//black-plate-taper-candle-holder-4/124394570.html
"White Dual Candle Holder, 6""","https://static.athome.com/images/w_1200,h_1200,c_pad,f_auto,fl_lossy,q_auto/v1705774658/p/124394406/white-dual-candle-holder-6.jpg",https://www.athome.com//white-dual-candle-holder-6/124394406.html
"Ty Pennington Bleached Wood Candle Holder, 7""","https://static.athome.com/images/w_1200,h_1200,c_pad,f_auto,fl_lossy,q_auto/v1641908949/p/124353053/ty-pennington-bleached-wood-candle-holder-7.jpg",https://www.athome.com//ty-pennington-bleached-wood-candle-holder-7/124353053.html
"Silver Metal Weave Lantern, 7""","https://static.athome.com/images/w_1200,h_1200,c_pad,f_auto,fl_lossy,q_auto/v1710608310/p/124390526/silver-metal-weave-lantern-7.jpg",https://www.athome.com//silver-metal-weave-lantern-7/124390526.html
"Crosby St. Gold Beaker Taper Candle Holder, 10""","https://static.athome.com/images/w_1200,h_1200,c_pad,f_auto,fl_lossy,q_auto/v1708802994/p/124394575/crosby-st.-gold-beaker-taper-candle-holder-10.jpg",https://www.athome.com//crosby-st.-gold-beaker-taper-candle-holder-10/124394575.html
"Crosby St. Gold Beaker Taper Candle Holder, 12""","https://static.athome.com/images/w_1200,h_1200,c_pad,f_auto,fl_lossy,q_auto/v1708802994/p/124394576/crosby-st.-gold-beaker-taper-candle-holder-12.jpg",https://www.athome.com//crosby-st.-gold-beaker-taper-candle-holder-12/124394576.html
"Clear Dual Purpose Pillar & Taper Candle Holder, 5""","https://static.athome.com/images/w_1200,h_1200,c_pad,f_auto,fl_lossy,q_auto/v1629492480/p/124220747/clear-dual-purpose-pillar-taper-candle-holder-5.jpg",https://www.athome.com//clear-dual-purpose-pillar-taper-candle-holder-5/124220747.html
"Natural Wooden Taper Candle Holder, 6""","https://static.athome.com/images/w_1200,h_1200,c_pad,f_auto,fl_lossy,q_auto/v1708803104/p/124396278/natural-wooden-taper-candle-holder-6.jpg",https://www.athome.com//natural-wooden-taper-candle-holder-6/124396278.html
"Crosby St. Blue Wood Taper Candle Holder, 11""","https://static.athome.com/images/w_1200,h_1200,c_pad,f_auto,fl_lossy,q_auto/v1707928981/p/124399832/crosby-st.-blue-wood-taper-candle-holder-11.jpg",https://www.athome.com//crosby-st.-blue-wood-taper-candle-holder-11/124399832.html
"Providence Branch Metal Candle Holder, 6""","https://static.athome.com/images/w_1200,h_1200,c_pad,f_auto,fl_lossy,q_auto/v1707928980/p/124399774/providence-branch-metal-candle-holder-6.jpg",https://www.athome.com//providence-branch-metal-candle-holder-6/124399774.html
"Crosby St. White Marble Pillar Candle Holder, 5""","https://static.athome.com/images/w_1200,h_1200,c_pad,f_auto,fl_lossy,q_auto/v1700144501/p/124394383/crosby-st.-white-marble-pillar-candle-holder-5.jpg",https://www.athome.com//crosby-st.-white-marble-pillar-candle-holder-5/124394383.html
"Metal Gold Candle Holder, 12""","https://static.athome.com/images/w_1200,h_1200,c_pad,f_auto,fl_lossy,q_auto/v1629490507/p/124314153/metal-gold-candle-holder-12.jpg",https://www.athome.com//metal-gold-candle-holder-12/124314153.html
"Tracey Boyd Black Metal Lantern, 16""","https://static.athome.com/images/w_1200,h_1200,c_pad,f_auto,fl_lossy,q_auto/v1704981186/p/124381419/tracey-boyd-black-metal-lantern-16.jpg",https://www.athome.com//tracey-boyd-black-metal-lantern-16/124381419.html
"Honeybloom Pillar Candle Holder, 9""","https://static.athome.com/images/w_1200,h_1200,c_pad,f_auto,fl_lossy,q_auto/v1707324255/p/124399952/honeybloom-pillar-candle-holder-9.jpg",https://www.athome.com//honeybloom-pillar-candle-holder-9/124399952.html
"Honeybloom White Porcelain Candle Holder, 5""","https://static.athome.com/images/w_1200,h_1200,c_pad,f_auto,fl_lossy,q_auto/v1677764205/p/124377520/honeybloom-white-porcelain-candle-holder-5.jpg",https://www.athome.com//honeybloom-white-porcelain-candle-holder-5/124377520.html
"Gold Taper Candle Holder, 6""","https://static.athome.com/images/w_1200,h_1200,c_pad,f_auto,fl_lossy,q_auto/v1694869105/p/124367033/gold-taper-candle-holder-6.jpg",https://www.athome.com//gold-taper-candle-holder-6/124367033.html
"Clear Glass Votive Holder, 4""","https://static.athome.com/images/w_1200,h_1200,c_pad,f_auto,fl_lossy,q_auto/v1662812697/p/124367028/clear-glass-votive-holder-4.jpg",https://www.athome.com//clear-glass-votive-holder-4/124367028.html
"Silver Taper Candle Holder, 6""","https://static.athome.com/images/w_1200,h_1200,c_pad,f_auto,fl_lossy,q_auto/v1701977801/p/124394549/silver-taper-candle-holder-6.jpg",https://www.athome.com//silver-taper-candle-holder-6/124394549.html
"White LED Lantern with 6 Hour Timer, 12""","https://static.athome.com/images/w_1200,h_1200,c_pad,f_auto,fl_lossy,q_auto/v1695991812/p/124242184/white-led-lantern-with-6-hour-timer-12.jpg",https://www.athome.com//white-led-lantern-with-6-hour-timer-12/124242184.html
"Ivory LED Lantern, 9.5""","https://static.athome.com/images/w_1200,h_1200,c_pad,f_auto,fl_lossy,q_auto/v1649333821/p/124353014/ivory-led-lantern-9.5.jpg",https://www.athome.com//ivory-led-lantern-9.5/124353014.html
"Crosby St. Silver Pillar Candle Holder, 3""","https://static.athome.com/images/w_1200,h_1200,c_pad,f_auto,fl_lossy,q_auto/v1713539789/p/124399829/crosby-st.-silver-pillar-candle-holder-3.jpg",https://www.athome.com//crosby-st.-silver-pillar-candle-holder-3/124399829.html
"Crosby St. Gold Metal Candle Holder, 9x4","https://static.athome.com/images/w_1200,h_1200,c_pad,f_auto,fl_lossy,q_auto/v1700661531/p/124389407/crosby-st.-gold-metal-candle-holder-9x4.jpg",https://www.athome.com//crosby-st.-gold-metal-candle-holder-9x4/124389407.html
"Honeybloom Pillar Candle Holder, 11""","https://static.athome.com/images/w_1200,h_1200,c_pad,f_auto,fl_lossy,q_auto/v1707324258/p/124399953/honeybloom-pillar-candle-holder-11.jpg",https://www.athome.com//honeybloom-pillar-candle-holder-11/124399953.html
"Red LED Lantern, 12""","https://static.athome.com/images/w_1200,h_1200,c_pad,f_auto,fl_lossy,q_auto/v1648902055/p/124362283/red-led-lantern-12.jpg",https://www.athome.com//red-led-lantern-12/124362283.html
"Clear Glass Hurricane Candle Holder, 10""","https://static.athome.com/images/w_1200,h_1200,c_pad,f_auto,fl_lossy,q_auto/v1629489360/p/124332951/clear-glass-hurricane-candle-holder-10.jpg",https://www.athome.com//clear-glass-hurricane-candle-holder-10/124332951.html
"Black Pillar Candle Holder, 12""","https://static.athome.com/images/w_1200,h_1200,c_pad,f_auto,fl_lossy,q_auto/v1708802991/p/124394573/black-pillar-candle-holder-12.jpg",https://www.athome.com//black-pillar-candle-holder-12/124394573.html
"Gold Hammered Taper Candle Holder, 14""","https://static.athome.com/images/w_1200,h_1200,c_pad,f_auto,fl_lossy,q_auto/v1629493556/p/124314861/gold-hammered-taper-candle-holder-14.jpg",https://www.athome.com//gold-hammered-taper-candle-holder-14/124314861.html
"Oversized Metal Candle Holder, 33.5""","https://static.athome.com/images/w_1200,h_1200,c_pad,f_auto,fl_lossy,q_auto/v1721925455/p/124399843/oversized-metal-candle-holder-33.5.jpg",https://www.athome.com//oversized-metal-candle-holder-33.5/124399843.html
"Marbled Brass Candle Holder, 8""","https://static.athome.com/images/w_1200,h_1200,c_pad,f_auto,fl_lossy,q_auto/v1629485038/p/124283331/marbled-brass-candle-holder-8.jpg",https://www.athome.com//marbled-brass-candle-holder-8/124283331.html
"Found & Fable Ribbed Mercury Glass Votive Holder, 3""","https://static.athome.com/images/w_1200,h_1200,c_pad,f_auto,fl_lossy,q_auto/v1676122837/p/124381395/found-fable-ribbed-mercury-glass-votive-holder-3.jpg",https://www.athome.com//found-fable-ribbed-mercury-glass-votive-holder-3/124381395.html
"Grey Textured Mercury Glass Hurricane, 7""","https://static.athome.com/images/w_1200,h_1200,c_pad,f_auto,fl_lossy,q_auto/v1718984411/p/124405201/grey-textured-mercury-glass-hurricane-7.jpg",https://www.athome.com//grey-textured-mercury-glass-hurricane-7/124405201.html
"Crosby St. Gold Beaker Taper Candle Holder, 8""","https://static.athome.com/images/w_1200,h_1200,c_pad,f_auto,fl_lossy,q_auto/v1708802992/p/124394574/crosby-st.-gold-beaker-taper-candle-holder-8.jpg",https://www.athome.com//crosby-st.-gold-beaker-taper-candle-holder-8/124394574.html
"Found & Fable Antique Brass Double Taper Candle Holder, 12""","https://static.athome.com/images/w_1200,h_1200,c_pad,f_auto,fl_lossy,q_auto/v1669210561/p/124367533/found-fable-antique-brass-double-taper-candle-holder-12.jpg",https://www.athome.com//found-fable-antique-brass-double-taper-candle-holder-12/124367533.html
"Rose Gold Metallic Round Glass Candle Holder, 5""","https://static.athome.com/images/w_1200,h_1200,c_pad,f_auto,fl_lossy,q_auto/v1629485299/p/124251274/rose-gold-metallic-round-glass-candle-holder-5.jpg",https://www.athome.com//rose-gold-metallic-round-glass-candle-holder-5/124251274.html
"Providence Glass Tortoise Shell Cylinder Candle Holder, 9""","https://static.athome.com/images/w_1200,h_1200,c_pad,f_auto,fl_lossy,q_auto/v1677764362/p/124379497/providence-glass-tortoise-shell-cylinder-candle-holder-9.jpg",https://www.athome.com//providence-glass-tortoise-shell-cylinder-candle-holder-9/124379497.html
"Found & Fable LED Metal Wire Lantern, 7x12","https://static.athome.com/images/w_1200,h_1200,c_pad,f_auto,fl_lossy,q_auto/v1704981347/p/124394393/found-fable-led-metal-wire-lantern-7x12.jpg",https://www.athome.com//found-fable-led-metal-wire-lantern-7x12/124394393.html
"Oversized Metallic Silver 5-Arm Candelabra, 59""","https://static.athome.com/images/w_1200,h_1200,c_pad,f_auto,fl_lossy,q_auto/v1703351739/p/124165919/oversized-metallic-silver-5-arm-candelabra-59.jpg",https://www.athome.com//oversized-metallic-silver-5-arm-candelabra-59/124165919.html
"Honeybloom Glass Bottle with Plant Taper Candle Holder, 8""","https://static.athome.com/images/w_1200,h_1200,c_pad,f_auto,fl_lossy,q_auto/v1723304520/p/124405157/honeybloom-glass-bottle-with-plant-taper-candle-holder-8.jpg",https://www.athome.com//honeybloom-glass-bottle-with-plant-taper-candle-holder-8/124405157.html
"Blue Mosaic Votive Candle Holder, 3""","https://static.athome.com/images/w_1200,h_1200,c_pad,f_auto,fl_lossy,q_auto/v1629488537/p/124290718/blue-mosaic-votive-candle-holder-3.jpg",https://www.athome.com//blue-mosaic-votive-candle-holder-3/124290718.html
"Gold Pillar Candle Holder, 10.3""","https://static.athome.com/images/w_1200,h_1200,c_pad,f_auto,fl_lossy,q_auto/v1692708507/p/124394332/gold-pillar-candle-holder-10.3.jpg",https://www.athome.com//gold-pillar-candle-holder-10.3/124394332.html
"Metal Taper Candle Holder, 9.5""","https://static.athome.com/images/w_1200,h_1200,c_pad,f_auto,fl_lossy,q_auto/v1629484240/p/124274238/metal-taper-candle-holder-9.5.jpg",https://www.athome.com//metal-taper-candle-holder-9.5/124274238.html
"Found & Fable LED Metal Wire Lantern, 6.5x8","https://static.athome.com/images/w_1200,h_1200,c_pad,f_auto,fl_lossy,q_auto/v1704981341/p/124394392/found-fable-led-metal-wire-lantern-6.5x8.jpg",https://www.athome.com//found-fable-led-metal-wire-lantern-6.5x8/124394392.html
"Gold Punched Metal Lantern, 8""","https://static.athome.com/images/w_1200,h_1200,c_pad,f_auto,fl_lossy,q_auto/v1653394967/p/124358676/gold-punched-metal-lantern-8.jpg",https://www.athome.com//gold-punched-metal-lantern-8/124358676.html
"Black Pillar Candle Holder, 9.8""","https://static.athome.com/images/w_1200,h_1200,c_pad,f_auto,fl_lossy,q_auto/v1708802990/p/124394572/black-pillar-candle-holder-9.8.jpg",https://www.athome.com//black-pillar-candle-holder-9.8/124394572.html
"Blue Mosaic Votive Holder, 6""","https://static.athome.com/images/w_1200,h_1200,c_pad,f_auto,fl_lossy,q_auto/v1629491003/p/124324688/blue-mosaic-votive-holder-6.jpg",https://www.athome.com//blue-mosaic-votive-holder-6/124324688.html
"Wicker Lantern, 7x14.5","https://static.athome.com/images/w_1200,h_1200,c_pad,f_auto,fl_lossy,q_auto/v1700144497/p/124394379/wicker-lantern-7x14.5.jpg",https://www.athome.com//wicker-lantern-7x14.5/124394379.html
"Crosby St. Taper Candle Holder, 11""","https://static.athome.com/images/w_1200,h_1200,c_pad,f_auto,fl_lossy,q_auto/v1730899329/p/124401019/crosby-st.-taper-candle-holder-11.jpg",https://www.athome.com//crosby-st.-taper-candle-holder-11/124401019.html
"Gold Rhinestone Hurricane Candle Holder, 6""","https://static.athome.com/images/w_1200,h_1200,c_pad,f_auto,fl_lossy,q_auto/v1629490675/p/124297217/gold-rhinestone-hurricane-candle-holder-6.jpg",https://www.athome.com//gold-rhinestone-hurricane-candle-holder-6/124297217.html
"Gold Petal Mosaic Hurricane Candle Holder, 6""","https://static.athome.com/images/w_1200,h_1200,c_pad,f_auto,fl_lossy,q_auto/v1629493224/p/124339950/gold-petal-mosaic-hurricane-candle-holder-6.jpg",https://www.athome.com//gold-petal-mosaic-hurricane-candle-holder-6/124339950.html
"Clear Glass Votive Candle Holder, 2""","https://static.athome.com/images/w_1200,h_1200,c_pad,f_auto,fl_lossy,q_auto/v1629484992/p/124317550/clear-glass-votive-candle-holder-2.jpg",https://www.athome.com//clear-glass-votive-candle-holder-2/124317550.html
"Metal Wall Sconce with Blue Tiled Mosaic Glass, 10""","https://static.athome.com/images/w_1200,h_1200,c_pad,f_auto,fl_lossy,q_auto/v1629488285/p/124146250/metal-wall-sconce-with-blue-tiled-mosaic-glass-10.jpg",https://www.athome.com//metal-wall-sconce-with-blue-tiled-mosaic-glass-10/124146250.html
"Found & Fable Black Metal Lantern, 18""","https://static.athome.com/images/w_1200,h_1200,c_pad,f_auto,fl_lossy,q_auto/v1689338319/p/124381357/found-fable-black-metal-lantern-18.jpg",https://www.athome.com//found-fable-black-metal-lantern-18/124381357.html
"Ty Pennington Black Hurricane Glass Candle Holder, 10""","https://static.athome.com/images/w_1200,h_1200,c_pad,f_auto,fl_lossy,q_auto/v1681303443/p/124381434/ty-pennington-black-hurricane-glass-candle-holder-10.jpg",https://www.athome.com//ty-pennington-black-hurricane-glass-candle-holder-10/124381434.html
"Cane LED Lantern, 14.6""","https://static.athome.com/images/w_1200,h_1200,c_pad,f_auto,fl_lossy,q_auto/v1632228089/p/124305558/cane-led-lantern-14.6.jpg",https://www.athome.com//cane-led-lantern-14.6/124305558.html
"Ty Pennington Black Hurricane Glass Candle Holder, 6""","https://static.athome.com/images/w_1200,h_1200,c_pad,f_auto,fl_lossy,q_auto/v1681303443/p/124381433/ty-pennington-black-hurricane-glass-candle-holder-6.jpg",https://www.athome.com//ty-pennington-black-hurricane-glass-candle-holder-6/124381433.html
"Black Lantern, 20""","https://static.athome.com/images/w_1200,h_1200,c_pad,f_auto,fl_lossy,q_auto/v1640353733/p/124348680/black-lantern-20.jpg",https://www.athome.com//black-lantern-20/124348680.html
"Honeybloom LED Metal Frame Lantern, Small","https://static.athome.com/images/w_1200,h_1200,c_pad,f_auto,fl_lossy,q_auto/v1705163317/p/124394395/honeybloom-led-metal-frame-lantern-small.jpg",https://www.athome.com//honeybloom-led-metal-frame-lantern-small/124394395.html
"Honeybloom Gold Metal Lantern, 6x10","https://static.athome.com/images/w_1200,h_1200,c_pad,f_auto,fl_lossy,q_auto/v1724850001/p/124399956/honeybloom-gold-metal-lantern-6x10.jpg",https://www.athome.com//honeybloom-gold-metal-lantern-6x10/124399956.html
"Black Metal Wire Candle Holder, 6""","https://static.athome.com/images/w_1200,h_1200,c_pad,f_auto,fl_lossy,q_auto/v1629488100/p/124001226/black-metal-wire-candle-holder-6.jpg",https://www.athome.com//black-metal-wire-candle-holder-6/124001226.html
"Honeybloom Aluminum Candle Holder, 7""","https://static.athome.com/images/w_1200,h_1200,c_pad,f_auto,fl_lossy,q_auto/v1713539798/p/124399950/honeybloom-aluminum-candle-holder-7.jpg",https://www.athome.com//honeybloom-aluminum-candle-holder-7/124399950.html
"Matte Black Taper Candle Holder, 8""","https://static.athome.com/images/w_1200,h_1200,c_pad,f_auto,fl_lossy,q_auto/v1631018827/p/124340211/matte-black-taper-candle-holder-8.jpg",https://www.athome.com//matte-black-taper-candle-holder-8/124340211.html
"Black LED Rattan Lantern, 7x9","https://static.athome.com/images/w_1200,h_1200,c_pad,f_auto,fl_lossy,q_auto/v1734960132/p/124401275/black-led-rattan-lantern-7x9.jpg",https://www.athome.com//black-led-rattan-lantern-7x9/124401275.html
"Crosby St. Black Ceramic Candle Holder, 5x10","https://static.athome.com/images/w_1200,h_1200,c_pad,f_auto,fl_lossy,q_auto/v1705773861/p/124379154/crosby-st.-black-ceramic-candle-holder-5x10.jpg",https://www.athome.com//crosby-st.-black-ceramic-candle-holder-5x10/124379154.html
"Moroccan Cutwork Hurricane Candle Holder, 6""","https://static.athome.com/images/w_1200,h_1200,c_pad,f_auto,fl_lossy,q_auto/v1648815635/p/124359690/moroccan-cutwork-hurricane-candle-holder-6.jpg",https://www.athome.com//moroccan-cutwork-hurricane-candle-holder-6/124359690.html
"Metal & Wood Candle Holder, 30""","https://static.athome.com/images/w_1200,h_1200,c_pad,f_auto,fl_lossy,q_auto/v1716393022/p/124349202/metal-wood-candle-holder-30.jpg",https://www.athome.com//metal-wood-candle-holder-30/124349202.html
"Black Multi Taper Candle Holder, 8x12","https://static.athome.com/images/w_1200,h_1200,c_pad,f_auto,fl_lossy,q_auto/v1709301847/p/124394404/black-multi-taper-candle-holder-8x12.jpg",https://www.athome.com//black-multi-taper-candle-holder-8x12/124394404.html
"Providence Glass Tortoise Shell Cylinder Candle Holder, 6""","https://static.athome.com/images/w_1200,h_1200,c_pad,f_auto,fl_lossy,q_auto/v1677764364/p/124379498/providence-glass-tortoise-shell-cylinder-candle-holder-6.jpg",https://www.athome.com//providence-glass-tortoise-shell-cylinder-candle-holder-6/124379498.html
"Antique Bronze Metal Lantern, 19.9""","https://static.athome.com/images/w_1200,h_1200,c_pad,f_auto,fl_lossy,q_auto/v1693486420/p/124390596/antique-bronze-metal-lantern-19.9.jpg",https://www.athome.com//antique-bronze-metal-lantern-19.9/124390596.html
"Black Pillar Candle Holder, 6""","https://static.athome.com/images/w_1200,h_1200,c_pad,f_auto,fl_lossy,q_auto/v1701977840/p/124394579/black-pillar-candle-holder-6.jpg",https://www.athome.com//black-pillar-candle-holder-6/124394579.html
"Gold Tapered Candle Holder with Handle, 3.5""","https://static.athome.com/images/w_1200,h_1200,c_pad,f_auto,fl_lossy,q_auto/v1632573498/p/124345245/gold-tapered-candle-holder-with-handle-3.5.jpg",https://www.athome.com//gold-tapered-candle-holder-with-handle-3.5/124345245.html
"Found & Fable Black Metal Candle Holder, 5.5""","https://static.athome.com/images/w_1200,h_1200,c_pad,f_auto,fl_lossy,q_auto/v1704559326/p/124357987/found-fable-black-metal-candle-holder-5.5.jpg",https://www.athome.com//found-fable-black-metal-candle-holder-5.5/124357987.html
"Honeybloom Wooden Pillar Candle Holder, 6""","https://static.athome.com/images/w_1200,h_1200,c_pad,f_auto,fl_lossy,q_auto/v1701977810/p/124394553/honeybloom-wooden-pillar-candle-holder-6.jpg",https://www.athome.com//honeybloom-wooden-pillar-candle-holder-6/124394553.html
"Providence Blue Glass Taper Candle Holder, 6.5""","https://static.athome.com/images/w_1200,h_1200,c_pad,f_auto,fl_lossy,q_auto/v1694869302/p/124389042/providence-blue-glass-taper-candle-holder-6.5.jpg",https://www.athome.com//providence-blue-glass-taper-candle-holder-6.5/124389042.html
"Providence Mercury Glass Candle Holder, 15""","https://static.athome.com/images/w_1200,h_1200,c_pad,f_auto,fl_lossy,q_auto/v1711037222/p/124399866/providence-mercury-glass-candle-holder-15.jpg",https://www.athome.com//providence-mercury-glass-candle-holder-15/124399866.html
"Glass Tealight Candle Holder, 3.4""","https://static.athome.com/images/w_1200,h_1200,c_pad,f_auto,fl_lossy,q_auto/v1719933541/p/124394361/glass-tealight-candle-holder-3.4.jpg",https://www.athome.com//glass-tealight-candle-holder-3.4/124394361.html
"Providence Branch Metal Candle Holder, 19""","https://static.athome.com/images/w_1200,h_1200,c_pad,f_auto,fl_lossy,q_auto/v1707928977/p/124399773/providence-branch-metal-candle-holder-19.jpg",https://www.athome.com//providence-branch-metal-candle-holder-19/124399773.html
"Providence Glass Tortoise Shell Cylinder Candle Holder, 12""","https://static.athome.com/images/w_1200,h_1200,c_pad,f_auto,fl_lossy,q_auto/v1677764360/p/124379496/providence-glass-tortoise-shell-cylinder-candle-holder-12.jpg",https://www.athome.com//providence-glass-tortoise-shell-cylinder-candle-holder-12/124379496.html
"Clear Glass Tealight Candle Holder, 3""","https://static.athome.com/images/w_1200,h_1200,c_pad,f_auto,fl_lossy,q_auto/v1629493541/p/124311935/clear-glass-tealight-candle-holder-3.jpg",https://www.athome.com//clear-glass-tealight-candle-holder-3/124311935.html
"White Coral Candle Holder, 2.5""","https://static.athome.com/images/w_1200,h_1200,c_pad,f_auto,fl_lossy,q_auto/v1629490465/p/124323753/white-coral-candle-holder-2.5.jpg",https://www.athome.com//white-coral-candle-holder-2.5/124323753.html
"Black LED Lantern with 6 Hour Timer, 7""","https://static.athome.com/images/w_1200,h_1200,c_pad,f_auto,fl_lossy,q_auto/v1706376650/p/124242181/black-led-lantern-with-6-hour-timer-7.jpg",https://www.athome.com//black-led-lantern-with-6-hour-timer-7/124242181.html
"Bronze Wire Lantern, 17""","https://static.athome.com/images/w_1200,h_1200,c_pad,f_auto,fl_lossy,q_auto/v1709301673/p/124391151/bronze-wire-lantern-17.jpg",https://www.athome.com//bronze-wire-lantern-17/124391151.html
"Crosby St. Travertine Candle Holder, 3x4","https://static.athome.com/images/w_1200,h_1200,c_pad,f_auto,fl_lossy,q_auto/v1706377483/p/124399830/crosby-st.-travertine-candle-holder-3x4.jpg",https://www.athome.com//crosby-st.-travertine-candle-holder-3x4/124399830.html
"Black Metal Lantern with Wood Base, 10""","https://static.athome.com/images/w_1200,h_1200,c_pad,f_auto,fl_lossy,q_auto/v1629488614/p/124259639/black-metal-lantern-with-wood-base-10.jpg",https://www.athome.com//black-metal-lantern-with-wood-base-10/124259639.html
"Clear Dual Purpose Pillar & Taper Candle Holder, 7""","https://static.athome.com/images/w_1200,h_1200,c_pad,f_auto,fl_lossy,q_auto/v1629485664/p/124220748/clear-dual-purpose-pillar-taper-candle-holder-7.jpg",https://www.athome.com//clear-dual-purpose-pillar-taper-candle-holder-7/124220748.html
"Black Metal Triangle Candle Holder, 11""","https://static.athome.com/images/w_1200,h_1200,c_pad,f_auto,fl_lossy,q_auto/v1629489422/p/124274233/black-metal-triangle-candle-holder-11.jpg",https://www.athome.com//black-metal-triangle-candle-holder-11/124274233.html
"Found & Fable Textured Mercury Glass Votive Candle Holder, 3""","https://static.athome.com/images/w_1200,h_1200,c_pad,f_auto,fl_lossy,q_auto/v1676122839/p/124381397/found-fable-textured-mercury-glass-votive-candle-holder-3.jpg",https://www.athome.com//found-fable-textured-mercury-glass-votive-candle-holder-3/124381397.html
"Wooden Candleholder, 5""","https://static.athome.com/images/w_1200,h_1200,c_pad,f_auto,fl_lossy,q_auto/v1700921302/p/124394417/wooden-candleholder-5.jpg",https://www.athome.com//wooden-candleholder-5/124394417.html
"Black Candelabra, 14.5""","https://static.athome.com/images/w_1200,h_1200,c_pad,f_auto,fl_lossy,q_auto/v1633179003/p/124343887/black-candelabra-14.5.jpg",https://www.athome.com//black-candelabra-14.5/124343887.html
"Tracey Boyd White Ceramic Candle Holder, 6""","https://static.athome.com/images/w_1200,h_1200,c_pad,f_auto,fl_lossy,q_auto/v1645622811/p/124352847/tracey-boyd-white-ceramic-candle-holder-6.jpg",https://www.athome.com//tracey-boyd-white-ceramic-candle-holder-6/124352847.html
"Crosby St. Travertine Candle Holder, 3x6","https://static.athome.com/images/w_1200,h_1200,c_pad,f_auto,fl_lossy,q_auto/v1706377484/p/124399831/crosby-st.-travertine-candle-holder-3x6.jpg",https://www.athome.com//crosby-st.-travertine-candle-holder-3x6/124399831.html
Funnel Votive Antq. Gold,"https://static.athome.com/images/w_1200,h_1200,c_pad,f_auto,fl_lossy,q_auto/v1689856978/p/124378595/funnel-votive-antq.-gold.jpg",https://www.athome.com//funnel-votive-antq.-gold/124378595.html
"Navy Blue Glass Votive Candle Holder, 3x4","https://static.athome.com/images/w_1200,h_1200,c_pad,f_auto,fl_lossy,q_auto/v1712454253/p/124399840/navy-blue-glass-votive-candle-holder-3x4.jpg",https://www.athome.com//navy-blue-glass-votive-candle-holder-3x4/124399840.html
"Providence Black Metal Arch Lantern, 17""","https://static.athome.com/images/w_1200,h_1200,c_pad,f_auto,fl_lossy,q_auto/v1737724849/p/124293728/providence-black-metal-arch-lantern-17.jpg",https://www.athome.com//providence-black-metal-arch-lantern-17/124293728.html
"Wood & Metal Lantern, 15""","https://static.athome.com/images/w_1200,h_1200,c_pad,f_auto,fl_lossy,q_auto/v1629486930/p/124259634/wood-metal-lantern-15.jpg",https://www.athome.com//wood-metal-lantern-15/124259634.html
"Ty Pennington Bleached Wood Candle Holder, 6""","https://static.athome.com/images/w_1200,h_1200,c_pad,f_auto,fl_lossy,q_auto/v1641908947/p/124353052/ty-pennington-bleached-wood-candle-holder-6.jpg",https://www.athome.com//ty-pennington-bleached-wood-candle-holder-6/124353052.html
"Providence Tortoise Glass Vase, 3""","https://static.athome.com/images/w_1200,h_1200,c_pad,f_auto,fl_lossy,q_auto/v1677764376/p/124379505/providence-tortoise-glass-vase-3.jpg",https://www.athome.com//providence-tortoise-glass-vase-3/124379505.html
"Black Metal Lantern, 31""","https://static.athome.com/images/w_1200,h_1200,c_pad,f_auto,fl_lossy,q_auto/v1722616675/p/124349230/black-metal-lantern-31.jpg",https://www.athome.com//black-metal-lantern-31/124349230.html
"Honeybloom Glass Bottle with Plant Taper Candle Holder, 11.5""","https://static.athome.com/images/w_1200,h_1200,c_pad,f_auto,fl_lossy,q_auto/v1723304518/p/124405156/honeybloom-glass-bottle-with-plant-taper-candle-holder-11.5.jpg",https://www.athome.com//honeybloom-glass-bottle-with-plant-taper-candle-holder-11.5/124405156.html
"Gold Metal Candle Holder, 14.5""","https://static.athome.com/images/w_1200,h_1200,c_pad,f_auto,fl_lossy,q_auto/v1629491058/p/124314152/gold-metal-candle-holder-14.5.jpg",https://www.athome.com//gold-metal-candle-holder-14.5/124314152.html
"Crosby St. Black Dinner Candle Holder, 3.4""","https://static.athome.com/images/w_1200,h_1200,c_pad,f_auto,fl_lossy,q_auto/v1690548566/p/124389202/crosby-st.-black-dinner-candle-holder-3.4.jpg",https://www.athome.com//crosby-st.-black-dinner-candle-holder-3.4/124389202.html
"Crackled Silver Candlestick Holder, 16""","https://static.athome.com/images/w_1200,h_1200,c_pad,f_auto,fl_lossy,q_auto/v1629492258/p/124224803/crackled-silver-candlestick-holder-16.jpg",https://www.athome.com//crackled-silver-candlestick-holder-16/124224803.html
"Black LED Lantern with 6 Hour Timer, 12""","https://static.athome.com/images/w_1200,h_1200,c_pad,f_auto,fl_lossy,q_auto/v1706631451/p/124311954/black-led-lantern-with-6-hour-timer-12.jpg",https://www.athome.com//black-led-lantern-with-6-hour-timer-12/124311954.html
"Found & Fable Silver Mercury Glass Votive Candle Holder, 5""","https://static.athome.com/images/w_1200,h_1200,c_pad,f_auto,fl_lossy,q_auto/v1686055719/p/124380988/found-fable-silver-mercury-glass-votive-candle-holder-5.jpg",https://www.athome.com//found-fable-silver-mercury-glass-votive-candle-holder-5/124380988.html
"Tracey Boyd Black Ceramic Pillar Candle Holder, 6""","https://static.athome.com/images/w_1200,h_1200,c_pad,f_auto,fl_lossy,q_auto/v1668086924/p/124373083/tracey-boyd-black-ceramic-pillar-candle-holder-6.jpg",https://www.athome.com//tracey-boyd-black-ceramic-pillar-candle-holder-6/124373083.html
"Navy Blue Glass Votive Candle Holder, 3""","https://static.athome.com/images/w_1200,h_1200,c_pad,f_auto,fl_lossy,q_auto/v1712454250/p/124399838/navy-blue-glass-votive-candle-holder-3.jpg",https://www.athome.com//navy-blue-glass-votive-candle-holder-3/124399838.html
"Champagne Pillar Candle Holder, 7""","https://static.athome.com/images/w_1200,h_1200,c_pad,f_auto,fl_lossy,q_auto/v1629486384/p/124293016/champagne-pillar-candle-holder-7.jpg",https://www.athome.com//champagne-pillar-candle-holder-7/124293016.html
"Providence Gold Taper Candle Holder, 8.5""","https://static.athome.com/images/w_1200,h_1200,c_pad,f_auto,fl_lossy,q_auto/v1687524433/p/124381420/providence-gold-taper-candle-holder-8.5.jpg",https://www.athome.com//providence-gold-taper-candle-holder-8.5/124381420.html
"Black LED Lantern, 12""","https://static.athome.com/images/w_1200,h_1200,c_pad,f_auto,fl_lossy,q_auto/v1633524828/p/124340440/black-led-lantern-12.jpg",https://www.athome.com//black-led-lantern-12/124340440.html
"Clear Glass Lantern with Jute Rope, 6""","https://static.athome.com/images/w_1200,h_1200,c_pad,f_auto,fl_lossy,q_auto/v1629488878/p/124214951/clear-glass-lantern-with-jute-rope-6.jpg",https://www.athome.com//clear-glass-lantern-with-jute-rope-6/124214951.html
"Gold Metal Punch Lantern, 6""","https://static.athome.com/images/w_1200,h_1200,c_pad,f_auto,fl_lossy,q_auto/v1629489076/p/124340942/gold-metal-punch-lantern-6.jpg",https://www.athome.com//gold-metal-punch-lantern-6/124340942.html
"Gold Pillar Candle Holder, 6""","https://static.athome.com/images/w_1200,h_1200,c_pad,f_auto,fl_lossy,q_auto/v1692708509/p/124394334/gold-pillar-candle-holder-6.jpg",https://www.athome.com//gold-pillar-candle-holder-6/124394334.html
"Ty Pennington 7-Cup Wood Log Tealight Candle Holder, 32""","https://static.athome.com/images/w_1200,h_1200,c_pad,f_auto,fl_lossy,q_auto/v1720021076/p/124402637/ty-pennington-7-cup-wood-log-tealight-candle-holder-32.jpg",https://www.athome.com//ty-pennington-7-cup-wood-log-tealight-candle-holder-32/124402637.html
"Honeybloom Gold Metal Cone Pillar Candle Holder, 12""","https://static.athome.com/images/w_1200,h_1200,c_pad,f_auto,fl_lossy,q_auto/v1643983333/p/124357569/honeybloom-gold-metal-cone-pillar-candle-holder-12.jpg",https://www.athome.com//honeybloom-gold-metal-cone-pillar-candle-holder-12/124357569.html
"Black Metal Lantern, 15""","https://static.athome.com/images/w_1200,h_1200,c_pad,f_auto,fl_lossy,q_auto/v1629489503/p/124258393/black-metal-lantern-15.jpg",https://www.athome.com//black-metal-lantern-15/124258393.html
"Gold Hammered Taper Candle Holder, 10""","https://static.athome.com/images/w_1200,h_1200,c_pad,f_auto,fl_lossy,q_auto/v1629488320/p/124314859/gold-hammered-taper-candle-holder-10.jpg",https://www.athome.com//gold-hammered-taper-candle-holder-10/124314859.html
"Providence Champagne Glass Votive Candle Holder, 3""","https://static.athome.com/images/w_1200,h_1200,c_pad,f_auto,fl_lossy,q_auto/v1689477702/p/124381346/providence-champagne-glass-votive-candle-holder-3.jpg",https://www.athome.com//providence-champagne-glass-votive-candle-holder-3/124381346.html
"Honeybloom Aluminum Candle Holder, 6.5""","https://static.athome.com/images/w_1200,h_1200,c_pad,f_auto,fl_lossy,q_auto/v1713539798/p/124399951/honeybloom-aluminum-candle-holder-6.5.jpg",https://www.athome.com//honeybloom-aluminum-candle-holder-6.5/124399951.html
"Light Blue LED Lantern, 9.5""","https://static.athome.com/images/w_1200,h_1200,c_pad,f_auto,fl_lossy,q_auto/v1649333819/p/124353013/light-blue-led-lantern-9.5.jpg",https://www.athome.com//light-blue-led-lantern-9.5/124353013.html
"Tracey Boyd White Candle Holder, 4.5""","https://static.athome.com/images/w_1200,h_1200,c_pad,f_auto,fl_lossy,q_auto/v1629491954/p/124325657/tracey-boyd-white-candle-holder-4.5.jpg",https://www.athome.com//tracey-boyd-white-candle-holder-4.5/124325657.html
"Seeded Glass Lantern, 8""","https://static.athome.com/images/w_1200,h_1200,c_pad,f_auto,fl_lossy,q_auto/v1629488022/p/124322307/seeded-glass-lantern-8.jpg",https://www.athome.com//seeded-glass-lantern-8/124322307.html
"Found & Fable Black Metal Candle Holder, 7""","https://static.athome.com/images/w_1200,h_1200,c_pad,f_auto,fl_lossy,q_auto/v1704559329/p/124357988/found-fable-black-metal-candle-holder-7.jpg",https://www.athome.com//found-fable-black-metal-candle-holder-7/124357988.html
"Found & Fable Black Punched Metal Hurricane, 8.5""","https://static.athome.com/images/w_1200,h_1200,c_pad,f_auto,fl_lossy,q_auto/v1718984410/p/124405200/found-fable-black-punched-metal-hurricane-8.5.jpg",https://www.athome.com//found-fable-black-punched-metal-hurricane-8.5/124405200.html
"Oversized Metal & Wood Open Floor Lantern, 38""","https://static.athome.com/images/w_1200,h_1200,c_pad,f_auto,fl_lossy,q_auto/v1639576115/p/124348386/oversized-metal-wood-open-floor-lantern-38.jpg",https://www.athome.com//oversized-metal-wood-open-floor-lantern-38/124348386.html
"Tracey Boyd Clear Ribbed Glass Hurricane Candle Holder with Handle, 10""","https://static.athome.com/images/w_1200,h_1200,c_pad,f_auto,fl_lossy,q_auto/v1649247352/p/124362180/tracey-boyd-clear-ribbed-glass-hurricane-candle-holder-with-handle-10.jpg",https://www.athome.com//tracey-boyd-clear-ribbed-glass-hurricane-candle-holder-with-handle-10/124362180.html
"Marbled Brass Candle Holder, 6""","https://static.athome.com/images/w_1200,h_1200,c_pad,f_auto,fl_lossy,q_auto/v1629485323/p/124283332/marbled-brass-candle-holder-6.jpg",https://www.athome.com//marbled-brass-candle-holder-6/124283332.html
"Tracey Boyd Black Ceramic Pillar Candle Holder, 8""","https://static.athome.com/images/w_1200,h_1200,c_pad,f_auto,fl_lossy,q_auto/v1668086925/p/124373084/tracey-boyd-black-ceramic-pillar-candle-holder-8.jpg",https://www.athome.com//tracey-boyd-black-ceramic-pillar-candle-holder-8/124373084.html
"Black Lantern, 25""","https://static.athome.com/images/w_1200,h_1200,c_pad,f_auto,fl_lossy,q_auto/v1640353733/p/124348679/black-lantern-25.jpg",https://www.athome.com//black-lantern-25/124348679.html
"Metallic Glass Votive Candle Holder, 4""","https://static.athome.com/images/w_1200,h_1200,c_pad,f_auto,fl_lossy,q_auto/v1629490178/p/124340532/metallic-glass-votive-candle-holder-4.jpg",https://www.athome.com//metallic-glass-votive-candle-holder-4/124340532.html
"Providence Gold Metal Leaves & Glass Candle Holder, 8""","https://static.athome.com/images/w_1200,h_1200,c_pad,f_auto,fl_lossy,q_auto/v1689683889/p/124383167/providence-gold-metal-leaves-glass-candle-holder-8.jpg",https://www.athome.com//providence-gold-metal-leaves-glass-candle-holder-8/124383167.html
"Providence Gold Metal Taper Candle Holder, 8.8""","https://static.athome.com/images/w_1200,h_1200,c_pad,f_auto,fl_lossy,q_auto/v1694869315/p/124389051/providence-gold-metal-taper-candle-holder-8.8.jpg",https://www.athome.com//providence-gold-metal-taper-candle-holder-8.8/124389051.html
"Found & Fable Black Metal Candle Holder, 13""","https://static.athome.com/images/w_1200,h_1200,c_pad,f_auto,fl_lossy,q_auto/v1648901968/p/124357990/found-fable-black-metal-candle-holder-13.jpg",https://www.athome.com//found-fable-black-metal-candle-holder-13/124357990.html
"Gold Mosaic Glass Hurricane Candle Holder, 4""","https://static.athome.com/images/w_1200,h_1200,c_pad,f_auto,fl_lossy,q_auto/v1629490589/p/124304347/gold-mosaic-glass-hurricane-candle-holder-4.jpg",https://www.athome.com//gold-mosaic-glass-hurricane-candle-holder-4/124304347.html
"Glass Octagon Beveled Edge Mirror Candle Plate, 14""","https://static.athome.com/images/w_1200,h_1200,c_pad,f_auto,fl_lossy,q_auto/v1629487464/p/123851993/glass-octagon-beveled-edge-mirror-candle-plate-14.jpg",https://www.athome.com//glass-octagon-beveled-edge-mirror-candle-plate-14/123851993.html
"Found & Fable Black Candle Holder, 6""","https://static.athome.com/images/w_1200,h_1200,c_pad,f_auto,fl_lossy,q_auto/v1686055734/p/124381008/found-fable-black-candle-holder-6.jpg",https://www.athome.com//found-fable-black-candle-holder-6/124381008.html
"Laila Ali Metal & Glass Lantern, 19""","https://static.athome.com/images/w_1200,h_1200,c_pad,f_auto,fl_lossy,q_auto/v1695991929/p/124338185/laila-ali-metal-glass-lantern-19.jpg",https://www.athome.com//laila-ali-metal-glass-lantern-19/124338185.html
"Glass Ribbed Taper Candle Holder, 1.5""","https://static.athome.com/images/w_1200,h_1200,c_pad,f_auto,fl_lossy,q_auto/v1697287917/p/124394415/glass-ribbed-taper-candle-holder-1.5.jpg",https://www.athome.com//glass-ribbed-taper-candle-holder-1.5/124394415.html
"Glass Ribbed Taper Candle Holder, 3""","https://static.athome.com/images/w_1200,h_1200,c_pad,f_auto,fl_lossy,q_auto/v1697287908/p/124394413/glass-ribbed-taper-candle-holder-3.jpg",https://www.athome.com//glass-ribbed-taper-candle-holder-3/124394413.html
"Embossed Clear Glass Votive Candle Holder, 4""","https://static.athome.com/images/w_1200,h_1200,c_pad,f_auto,fl_lossy,q_auto/v1629492713/p/124311931/embossed-clear-glass-votive-candle-holder-4.jpg",https://www.athome.com//embossed-clear-glass-votive-candle-holder-4/124311931.html
"Found & Fable Oversized Black Open Arch Metal Lantern, 30""","https://static.athome.com/images/w_1200,h_1200,c_pad,f_auto,fl_lossy,q_auto/v1683636219/p/124377508/found-fable-oversized-black-open-arch-metal-lantern-30.jpg",https://www.athome.com//found-fable-oversized-black-open-arch-metal-lantern-30/124377508.html
"Marbled Brass Candle Holder, 10""","https://static.athome.com/images/w_1200,h_1200,c_pad,f_auto,fl_lossy,q_auto/v1629493114/p/124283330/marbled-brass-candle-holder-10.jpg",https://www.athome.com//marbled-brass-candle-holder-10/124283330.html
"Found & Fable Black Metal Taper Candle Holder, 6""","https://static.athome.com/images/w_1200,h_1200,c_pad,f_auto,fl_lossy,q_auto/v1669296973/p/124372914/found-fable-black-metal-taper-candle-holder-6.jpg",https://www.athome.com//found-fable-black-metal-taper-candle-holder-6/124372914.html
"Black Metal Lantern, 21""","https://static.athome.com/images/w_1200,h_1200,c_pad,f_auto,fl_lossy,q_auto/v1629493365/p/124111908/black-metal-lantern-21.jpg",https://www.athome.com//black-metal-lantern-21/124111908.html
"Wicker Lantern, 7x9.5","https://static.athome.com/images/w_1200,h_1200,c_pad,f_auto,fl_lossy,q_auto/v1700144498/p/124394380/wicker-lantern-7x9.5.jpg",https://www.athome.com//wicker-lantern-7x9.5/124394380.html
"Providence Gold Taper Candle Holder, 8""","https://static.athome.com/images/w_1200,h_1200,c_pad,f_auto,fl_lossy,q_auto/v1633178999/p/124343885/providence-gold-taper-candle-holder-8.jpg",https://www.athome.com//providence-gold-taper-candle-holder-8/124343885.html
"Amber Glass Leaf Lantern, 7""","https://static.athome.com/images/w_1200,h_1200,c_pad,f_auto,fl_lossy,q_auto/v1629490042/p/124327540/amber-glass-leaf-lantern-7.jpg",https://www.athome.com//amber-glass-leaf-lantern-7/124327540.html
"Rose Gold Metallic Round Glass Candle Holder, 6""","https://static.athome.com/images/w_1200,h_1200,c_pad,f_auto,fl_lossy,q_auto/v1629486755/p/124251275/rose-gold-metallic-round-glass-candle-holder-6.jpg",https://www.athome.com//rose-gold-metallic-round-glass-candle-holder-6/124251275.html
"Honeybloom 3-Votive Wood Candle Holder, 16x5","https://static.athome.com/images/w_1200,h_1200,c_pad,f_auto,fl_lossy,q_auto/v1633179124/p/124345244/honeybloom-3-votive-wood-candle-holder-16x5.jpg",https://www.athome.com//honeybloom-3-votive-wood-candle-holder-16x5/124345244.html
"Honeybloom LED Metal Frame Lantern, Large","https://static.athome.com/images/w_1200,h_1200,c_pad,f_auto,fl_lossy,q_auto/v1705163313/p/124394394/honeybloom-led-metal-frame-lantern-large.jpg",https://www.athome.com//honeybloom-led-metal-frame-lantern-large/124394394.html
"Providence Gold Taper Candle Holder, 5""","https://static.athome.com/images/w_1200,h_1200,c_pad,f_auto,fl_lossy,q_auto/v1633179001/p/124343886/providence-gold-taper-candle-holder-5.jpg",https://www.athome.com//providence-gold-taper-candle-holder-5/124343886.html
"Providence Mercury Glass Votive Holder, 15.7""","https://static.athome.com/images/w_1200,h_1200,c_pad,f_auto,fl_lossy,q_auto/v1685709665/p/124377845/providence-mercury-glass-votive-holder-15.7.jpg",https://www.athome.com//providence-mercury-glass-votive-holder-15.7/124377845.html
"Black Wood Cutout Lantern with Rope Handle, 12""","https://static.athome.com/images/w_1200,h_1200,c_pad,f_auto,fl_lossy,q_auto/v1629488302/p/124292951/black-wood-cutout-lantern-with-rope-handle-12.jpg",https://www.athome.com//black-wood-cutout-lantern-with-rope-handle-12/124292951.html
"Glass Lantern with Rope Handle, 10""","https://static.athome.com/images/w_1200,h_1200,c_pad,f_auto,fl_lossy,q_auto/v1629493506/p/124318818/glass-lantern-with-rope-handle-10.jpg",https://www.athome.com//glass-lantern-with-rope-handle-10/124318818.html
"Neutral Candle Holder, 7""","https://static.athome.com/images/w_1200,h_1200,c_pad,f_auto,fl_lossy,q_auto/v1629490247/p/124228314/neutral-candle-holder-7.jpg",https://www.athome.com//neutral-candle-holder-7/124228314.html
3X2H Black Ceramic Votive Holder,"https://static.athome.com/images/w_1200,h_1200,c_pad,f_auto,fl_lossy,q_auto/v1705586771/p/124373101/3x2h-black-ceramic-votive-holder.jpg",https://www.athome.com//3x2h-black-ceramic-votive-holder/124373101.html
"Gold Bamboo Votive Holder, 6""","https://static.athome.com/images/w_1200,h_1200,c_pad,f_auto,fl_lossy,q_auto/v1629487114/p/124305614/gold-bamboo-votive-holder-6.jpg",https://www.athome.com//gold-bamboo-votive-holder-6/124305614.html
"White Distressed Candle Holder, 14""","https://static.athome.com/images/w_1200,h_1200,c_pad,f_auto,fl_lossy,q_auto/v1629489612/p/124315366/white-distressed-candle-holder-14.jpg",https://www.athome.com//white-distressed-candle-holder-14/124315366.html
"Gold Metal Taper Candle Holder, 7""","https://static.athome.com/images/w_1200,h_1200,c_pad,f_auto,fl_lossy,q_auto/v1704894794/p/124394562/gold-metal-taper-candle-holder-7.jpg",https://www.athome.com//gold-metal-taper-candle-holder-7/124394562.html
"Crystal Candle Holder, 29""","https://static.athome.com/images/w_1200,h_1200,c_pad,f_auto,fl_lossy,q_auto/v1705412977/p/124348774/crystal-candle-holder-29.jpg",https://www.athome.com//crystal-candle-holder-29/124348774.html
"White Metal Lantern, 11""","https://static.athome.com/images/w_1200,h_1200,c_pad,f_auto,fl_lossy,q_auto/v1629489356/p/124259635/white-metal-lantern-11.jpg",https://www.athome.com//white-metal-lantern-11/124259635.html
"Tracey Boyd Brown Floral Cutout Ceramic Votive Holder, 4""","https://static.athome.com/images/w_1200,h_1200,c_pad,f_auto,fl_lossy,q_auto/v1668086949/p/124373106/tracey-boyd-brown-floral-cutout-ceramic-votive-holder-4.jpg",https://www.athome.com//tracey-boyd-brown-floral-cutout-ceramic-votive-holder-4/124373106.html
2In Glass Candle Holder Clear,"https://static.athome.com/images/w_1200,h_1200,c_pad,f_auto,fl_lossy,q_auto/v1715173757/p/124406413/2in-glass-candle-holder-clear.jpg",https://www.athome.com//2in-glass-candle-holder-clear/124406413.html
"Crosby St. Black Knot Taper Candle Holder, 9.5""","https://static.athome.com/images/w_1200,h_1200,c_pad,f_auto,fl_lossy,q_auto/v1691239342/p/124389146/crosby-st.-black-knot-taper-candle-holder-9.5.jpg",https://www.athome.com//crosby-st.-black-knot-taper-candle-holder-9.5/124389146.html
"Providence Gold Metal Taper Candle Holder, 7.7""","https://static.athome.com/images/w_1200,h_1200,c_pad,f_auto,fl_lossy,q_auto/v1694869316/p/124389052/providence-gold-metal-taper-candle-holder-7.7.jpg",https://www.athome.com//providence-gold-metal-taper-candle-holder-7.7/124389052.html
Set of 3 Mercury Glass Votive Candle Holders,"https://static.athome.com/images/w_1200,h_1200,c_pad,f_auto,fl_lossy,q_auto/v1629489466/p/124282886/set-of-3-mercury-glass-votive-candle-holders.jpg",https://www.athome.com//set-of-3-mercury-glass-votive-candle-holders/124282886.html
Found & Fable Iron Candle Holder Large,"https://static.athome.com/images/w_1200,h_1200,c_pad,f_auto,fl_lossy,q_auto/v1723819696/p/124403058/found-fable-iron-candle-holder-large.jpg",https://www.athome.com//found-fable-iron-candle-holder-large/124403058.html
"Grey Wood-Look Candle Holder, 9.6""","https://static.athome.com/images/w_1200,h_1200,c_pad,f_auto,fl_lossy,q_auto/v1629493035/p/124279018/grey-wood-look-candle-holder-9.6.jpg",https://www.athome.com//grey-wood-look-candle-holder-9.6/124279018.html
"Champagne Glass Hurricane Candle Holder, 10""","https://static.athome.com/images/w_1200,h_1200,c_pad,f_auto,fl_lossy,q_auto/v1629485248/p/124293013/champagne-glass-hurricane-candle-holder-10.jpg",https://www.athome.com//champagne-glass-hurricane-candle-holder-10/124293013.html
"Providence Gold Metal Taper Candle Holder, 10""","https://static.athome.com/images/w_1200,h_1200,c_pad,f_auto,fl_lossy,q_auto/v1694869314/p/124389050/providence-gold-metal-taper-candle-holder-10.jpg",https://www.athome.com//providence-gold-metal-taper-candle-holder-10/124389050.html
4In Glass Candle Holder Clear,"https://static.athome.com/images/w_1200,h_1200,c_pad,f_auto,fl_lossy,q_auto/v1715173754/p/124406412/4in-glass-candle-holder-clear.jpg",https://www.athome.com//4in-glass-candle-holder-clear/124406412.html
"Black Pyramid Candle Holder, 8""","https://static.athome.com/images/w_1200,h_1200,c_pad,f_auto,fl_lossy,q_auto/v1629486374/p/124343971/black-pyramid-candle-holder-8.jpg",https://www.athome.com//black-pyramid-candle-holder-8/124343971.html
"Blue Mosaic Glass Candle Holder, 6""","https://static.athome.com/images/w_1200,h_1200,c_pad,f_auto,fl_lossy,q_auto/v1629490971/p/124291368/blue-mosaic-glass-candle-holder-6.jpg",https://www.athome.com//blue-mosaic-glass-candle-holder-6/124291368.html
"Ty Pennington Blue Glaze Ceramic Pillar Candle Holder, 5x8","https://static.athome.com/images/w_1200,h_1200,c_pad,f_auto,fl_lossy,q_auto/v1709301568/p/124390538/ty-pennington-blue-glaze-ceramic-pillar-candle-holder-5x8.jpg",https://www.athome.com//ty-pennington-blue-glaze-ceramic-pillar-candle-holder-5x8/124390538.html
"Brass & Silver Punch Lantern, 18""","https://static.athome.com/images/w_1200,h_1200,c_pad,f_auto,fl_lossy,q_auto/v1695818801/p/124353534/brass-silver-punch-lantern-18.jpg",https://www.athome.com//brass-silver-punch-lantern-18/124353534.html
"Laila Ali Clear Tealight Holder, 3""","https://static.athome.com/images/w_1200,h_1200,c_pad,f_auto,fl_lossy,q_auto/v1674135614/p/124378619/laila-ali-clear-tealight-holder-3.jpg",https://www.athome.com//laila-ali-clear-tealight-holder-3/124378619.html
"Honeybloom Metal Taper Candle Holder, 16.5""","https://static.athome.com/images/w_1200,h_1200,c_pad,f_auto,fl_lossy,q_auto/v1739366510/p/124399954/honeybloom-metal-taper-candle-holder-16.5.jpg",https://www.athome.com//honeybloom-metal-taper-candle-holder-16.5/124399954.html
"White LED Lantern, 9.5""","https://static.athome.com/images/w_1200,h_1200,c_pad,f_auto,fl_lossy,q_auto/v1633524831/p/124340441/white-led-lantern-9.5.jpg",https://www.athome.com//white-led-lantern-9.5/124340441.html
"Gold Bamboo Votive Candle Holder, 4""","https://static.athome.com/images/w_1200,h_1200,c_pad,f_auto,fl_lossy,q_auto/v1629491621/p/124305615/gold-bamboo-votive-candle-holder-4.jpg",https://www.athome.com//gold-bamboo-votive-candle-holder-4/124305615.html
"Providence Clear Glass Taper Candle Holder, 4""","https://static.athome.com/images/w_1200,h_1200,c_pad,f_auto,fl_lossy,q_auto/v1686055714/p/124380985/providence-clear-glass-taper-candle-holder-4.jpg",https://www.athome.com//providence-clear-glass-taper-candle-holder-4/124380985.html
"Embossed Clear Glass Tealight Candle Holder, 3""","https://static.athome.com/images/w_1200,h_1200,c_pad,f_auto,fl_lossy,q_auto/v1629489951/p/124311944/embossed-clear-glass-tealight-candle-holder-3.jpg",https://www.athome.com//embossed-clear-glass-tealight-candle-holder-3/124311944.html
"Moroccan Cutwork Hurricane Candle Holder, 8""","https://static.athome.com/images/w_1200,h_1200,c_pad,f_auto,fl_lossy,q_auto/v1643119100/p/124359691/moroccan-cutwork-hurricane-candle-holder-8.jpg",https://www.athome.com//moroccan-cutwork-hurricane-candle-holder-8/124359691.html
"Matte Black Taper Candle Holder, 10""","https://static.athome.com/images/w_1200,h_1200,c_pad,f_auto,fl_lossy,q_auto/v1631018828/p/124340212/matte-black-taper-candle-holder-10.jpg",https://www.athome.com//matte-black-taper-candle-holder-10/124340212.html
"Metal Lantern with Wood Base, 13""","https://static.athome.com/images/w_1200,h_1200,c_pad,f_auto,fl_lossy,q_auto/v1629491410/p/124259638/metal-lantern-with-wood-base-13.jpg",https://www.athome.com//metal-lantern-with-wood-base-13/124259638.html
"Blue LED Light Up Bottle, 13""","https://static.athome.com/images/w_1200,h_1200,c_pad,f_auto,fl_lossy,q_auto/v1629491728/p/124226793/blue-led-light-up-bottle-13.jpg",https://www.athome.com//blue-led-light-up-bottle-13/124226793.html
"Clear Pressed Glass Tealight Candle Holder, 3""","https://static.athome.com/images/w_1200,h_1200,c_pad,f_auto,fl_lossy,q_auto/v1629487957/p/124311928/clear-pressed-glass-tealight-candle-holder-3.jpg",https://www.athome.com//clear-pressed-glass-tealight-candle-holder-3/124311928.html
"Metal Candle Holder, 13""","https://static.athome.com/images/w_1200,h_1200,c_pad,f_auto,fl_lossy,q_auto/v1631278171/p/124345597/metal-candle-holder-13.jpg",https://www.athome.com//metal-candle-holder-13/124345597.html
"Found & Fable Oversized Black Metal Floor Lantern, Medium","https://static.athome.com/images/w_1200,h_1200,c_pad,f_auto,fl_lossy,q_auto/v1695991933/p/124341351/found-fable-oversized-black-metal-floor-lantern-medium.jpg",https://www.athome.com//found-fable-oversized-black-metal-floor-lantern-medium/124341351.html
"Found & Fable Silver Mercury Glass Votive Holder, 3""","https://static.athome.com/images/w_1200,h_1200,c_pad,f_auto,fl_lossy,q_auto/v1683636214/p/124377505/found-fable-silver-mercury-glass-votive-holder-3.jpg",https://www.athome.com//found-fable-silver-mercury-glass-votive-holder-3/124377505.html
"White Pillar Candle Holder, 3""","https://static.athome.com/images/w_1200,h_1200,c_pad,f_auto,fl_lossy,q_auto/v1629486325/p/124320018/white-pillar-candle-holder-3.jpg",https://www.athome.com//white-pillar-candle-holder-3/124320018.html
"Iron Wood Lantern, 19""","https://static.athome.com/images/w_1200,h_1200,c_pad,f_auto,fl_lossy,q_auto/v1629488179/p/124232579/iron-wood-lantern-19.jpg",https://www.athome.com//iron-wood-lantern-19/124232579.html
"Black Candlestick, 7""","https://static.athome.com/images/w_1200,h_1200,c_pad,f_auto,fl_lossy,q_auto/v1629484752/p/124249618/black-candlestick-7.jpg",https://www.athome.com//black-candlestick-7/124249618.html
"Metal Candle Holder, 8""","https://static.athome.com/images/w_1200,h_1200,c_pad,f_auto,fl_lossy,q_auto/v1631278172/p/124345599/metal-candle-holder-8.jpg",https://www.athome.com//metal-candle-holder-8/124345599.html
"Gold Metal Taper Candle Holder, 5""","https://static.athome.com/images/w_1200,h_1200,c_pad,f_auto,fl_lossy,q_auto/v1704894795/p/124394563/gold-metal-taper-candle-holder-5.jpg",https://www.athome.com//gold-metal-taper-candle-holder-5/124394563.html
"Glass Tealight Candle Holder, 2""","https://static.athome.com/images/w_1200,h_1200,c_pad,f_auto,fl_lossy,q_auto/v1629490481/p/124311945/glass-tealight-candle-holder-2.jpg",https://www.athome.com//glass-tealight-candle-holder-2/124311945.html
"Gold Geometric Star Tealight Candle Holder, 3""","https://static.athome.com/images/w_1200,h_1200,c_pad,f_auto,fl_lossy,q_auto/v1629489072/p/124290201/gold-geometric-star-tealight-candle-holder-3.jpg",https://www.athome.com//gold-geometric-star-tealight-candle-holder-3/124290201.html
"Crosby St. Yellow Square Bubble Votive Candle Holder, 3""","https://static.athome.com/images/w_1200,h_1200,c_pad,f_auto,fl_lossy,q_auto/v1730550097/p/125000855/crosby-st.-yellow-square-bubble-votive-candle-holder-3.jpg",https://www.athome.com//crosby-st.-yellow-square-bubble-votive-candle-holder-3/125000855.html
"Black String LED Lantern, 9.5""","https://static.athome.com/images/w_1200,h_1200,c_pad,f_auto,fl_lossy,q_auto/v1648901983/p/124358362/black-string-led-lantern-9.5.jpg",https://www.athome.com//black-string-led-lantern-9.5/124358362.html
"Tracey Boyd Navy Ceramic Pillar Holder, 6""","https://static.athome.com/images/w_1200,h_1200,c_pad,f_auto,fl_lossy,q_auto/v1629484479/p/124320327/tracey-boyd-navy-ceramic-pillar-holder-6.jpg",https://www.athome.com//tracey-boyd-navy-ceramic-pillar-holder-6/124320327.html
"Clear Glass Votive Candle Holder, 4""","https://static.athome.com/images/w_1200,h_1200,c_pad,f_auto,fl_lossy,q_auto/v1629485834/p/124220745/clear-glass-votive-candle-holder-4.jpg",https://www.athome.com//clear-glass-votive-candle-holder-4/124220745.html
"Natural Wood Candle Holder, 6""","https://static.athome.com/images/w_1200,h_1200,c_pad,f_auto,fl_lossy,q_auto/v1629491860/p/124289627/natural-wood-candle-holder-6.jpg",https://www.athome.com//natural-wood-candle-holder-6/124289627.html
"Found & Fable Etched Gingko Leaf Glass Candle Holder, 5""","https://static.athome.com/images/w_1200,h_1200,c_pad,f_auto,fl_lossy,q_auto/v1665146106/p/124372907/found-fable-etched-gingko-leaf-glass-candle-holder-5.jpg",https://www.athome.com//found-fable-etched-gingko-leaf-glass-candle-holder-5/124372907.html
"Metal Candle Holder, 10""","https://static.athome.com/images/w_1200,h_1200,c_pad,f_auto,fl_lossy,q_auto/v1631278172/p/124345598/metal-candle-holder-10.jpg",https://www.athome.com//metal-candle-holder-10/124345598.html
"Found & Fable Black Metal Candle Holder, 11""","https://static.athome.com/images/w_1200,h_1200,c_pad,f_auto,fl_lossy,q_auto/v1648901968/p/124357989/found-fable-black-metal-candle-holder-11.jpg",https://www.athome.com//found-fable-black-metal-candle-holder-11/124357989.html
"Grey Silver Mosaic Tealight Candle Holder, 3""","https://static.athome.com/images/w_1200,h_1200,c_pad,f_auto,fl_lossy,q_auto/v1629492042/p/124312823/grey-silver-mosaic-tealight-candle-holder-3.jpg",https://www.athome.com//grey-silver-mosaic-tealight-candle-holder-3/124312823.html
"Crosby St. Black Metal Lantern, 10""","https://static.athome.com/images/w_1200,h_1200,c_pad,f_auto,fl_lossy,q_auto/v1721925452/p/124399841/crosby-st.-black-metal-lantern-10.jpg",https://www.athome.com//crosby-st.-black-metal-lantern-10/124399841.html
"Crosby St. Black Metal Lantern, 15""","https://static.athome.com/images/w_1200,h_1200,c_pad,f_auto,fl_lossy,q_auto/v1721925454/p/124399842/crosby-st.-black-metal-lantern-15.jpg",https://www.athome.com//crosby-st.-black-metal-lantern-15/124399842.html
"Wall Silver Mirror Sconce, 8x14","https://static.athome.com/images/w_1200,h_1200,c_pad,f_auto,fl_lossy,q_auto/v1674135613/p/124378618/wall-silver-mirror-sconce-8x14.jpg",https://www.athome.com//wall-silver-mirror-sconce-8x14/124378618.html
"Blue Mosaic Votive Candle Holder, 4""","https://static.athome.com/images/w_1200,h_1200,c_pad,f_auto,fl_lossy,q_auto/v1649333810/p/124352781/blue-mosaic-votive-candle-holder-4.jpg",https://www.athome.com//blue-mosaic-votive-candle-holder-4/124352781.html
"White Ceramic Pillar Candle Holder, 4.7""","https://static.athome.com/images/w_1200,h_1200,c_pad,f_auto,fl_lossy,q_auto/v1629489224/p/124293272/white-ceramic-pillar-candle-holder-4.7.jpg",https://www.athome.com//white-ceramic-pillar-candle-holder-4.7/124293272.html
"Blue Cylinder Glass Votive Candle Holder, 4""","https://static.athome.com/images/w_1200,h_1200,c_pad,f_auto,fl_lossy,q_auto/v1629485897/p/124263802/blue-cylinder-glass-votive-candle-holder-4.jpg",https://www.athome.com//blue-cylinder-glass-votive-candle-holder-4/124263802.html
"Grey Mosaic Tealight Candle Holder, 4""","https://static.athome.com/images/w_1200,h_1200,c_pad,f_auto,fl_lossy,q_auto/v1629492714/p/124325381/grey-mosaic-tealight-candle-holder-4.jpg",https://www.athome.com//grey-mosaic-tealight-candle-holder-4/124325381.html
"Ty Pennington Silver Wire Votive Holder, 6""","https://static.athome.com/images/w_1200,h_1200,c_pad,f_auto,fl_lossy,q_auto/v1635598733/p/124352289/ty-pennington-silver-wire-votive-holder-6.jpg",https://www.athome.com//ty-pennington-silver-wire-votive-holder-6/124352289.html
"Black Mosaic Wall Sconce, 10""","https://static.athome.com/images/w_1200,h_1200,c_pad,f_auto,fl_lossy,q_auto/v1629486495/p/124278400/black-mosaic-wall-sconce-10.jpg",https://www.athome.com//black-mosaic-wall-sconce-10/124278400.html
"Wood Candle Holder, 7""","https://static.athome.com/images/w_1200,h_1200,c_pad,f_auto,fl_lossy,q_auto/v1629491520/p/124289626/wood-candle-holder-7.jpg",https://www.athome.com//wood-candle-holder-7/124289626.html
"Black LED Flame Lantern, 9.5""","https://static.athome.com/images/w_1200,h_1200,c_pad,f_auto,fl_lossy,q_auto/v1648901985/p/124358363/black-led-flame-lantern-9.5.jpg",https://www.athome.com//black-led-flame-lantern-9.5/124358363.html
"Gold Polygon Tealight Candle Holder, 4""","https://static.athome.com/images/w_1200,h_1200,c_pad,f_auto,fl_lossy,q_auto/v1629485331/p/124290200/gold-polygon-tealight-candle-holder-4.jpg",https://www.athome.com//gold-polygon-tealight-candle-holder-4/124290200.html
"Antelope Horn Candle Holder, 7.8""","https://static.athome.com/images/w_1200,h_1200,c_pad,f_auto,fl_lossy,q_auto/v1629486581/p/124271906/antelope-horn-candle-holder-7.8.jpg",https://www.athome.com//antelope-horn-candle-holder-7.8/124271906.html
"Grey & Silver Mosaic Wall Sconce, 10""","https://static.athome.com/images/w_1200,h_1200,c_pad,f_auto,fl_lossy,q_auto/v1629491374/p/124312822/grey-silver-mosaic-wall-sconce-10.jpg",https://www.athome.com//grey-silver-mosaic-wall-sconce-10/124312822.html
"Matte Black Taper Candle Holder, 12""","https://static.athome.com/images/w_1200,h_1200,c_pad,f_auto,fl_lossy,q_auto/v1631018828/p/124340213/matte-black-taper-candle-holder-12.jpg",https://www.athome.com//matte-black-taper-candle-holder-12/124340213.html
"Crosby St. Round Wood Candle Holder, 4""","https://static.athome.com/images/w_1200,h_1200,c_pad,f_auto,fl_lossy,q_auto/v1686400861/p/124379579/crosby-st.-round-wood-candle-holder-4.jpg",https://www.athome.com//crosby-st.-round-wood-candle-holder-4/124379579.html
"Gold Mosaic Glass Hurricane Candle Holder, 5""","https://static.athome.com/images/w_1200,h_1200,c_pad,f_auto,fl_lossy,q_auto/v1629491191/p/124304348/gold-mosaic-glass-hurricane-candle-holder-5.jpg",https://www.athome.com//gold-mosaic-glass-hurricane-candle-holder-5/124304348.html
"Grace Mitchell White Ceramic Cutout Tealight Candle Holder, 3""","https://static.athome.com/images/w_1200,h_1200,c_pad,f_auto,fl_lossy,q_auto/v1629487303/p/124330829/grace-mitchell-white-ceramic-cutout-tealight-candle-holder-3.jpg",https://www.athome.com//grace-mitchell-white-ceramic-cutout-tealight-candle-holder-3/124330829.html
"Champagne Glass Candle Holder, 3""","https://static.athome.com/images/w_1200,h_1200,c_pad,f_auto,fl_lossy,q_auto/v1643983361/p/124358325/champagne-glass-candle-holder-3.jpg",https://www.athome.com//champagne-glass-candle-holder-3/124358325.html
"Black Metal Lantern, 24.8""","https://static.athome.com/images/w_1200,h_1200,c_pad,f_auto,fl_lossy,q_auto/v1629488289/p/124321963/black-metal-lantern-24.8.jpg",https://www.athome.com//black-metal-lantern-24.8/124321963.html
"Amber Glass Votive Candle Holder, 2""","https://static.athome.com/images/w_1200,h_1200,c_pad,f_auto,fl_lossy,q_auto/v1629492112/p/124317549/amber-glass-votive-candle-holder-2.jpg",https://www.athome.com//amber-glass-votive-candle-holder-2/124317549.html
"White Ceramic Cutout Vase, 5""","https://static.athome.com/images/w_1200,h_1200,c_pad,f_auto,fl_lossy,q_auto/v1641908969/p/124353098/white-ceramic-cutout-vase-5.jpg",https://www.athome.com//white-ceramic-cutout-vase-5/124353098.html
"Crosby St. Wooden Candle Holder, 3""","https://static.athome.com/images/w_1200,h_1200,c_pad,f_auto,fl_lossy,q_auto/v1686400862/p/124379580/crosby-st.-wooden-candle-holder-3.jpg",https://www.athome.com//crosby-st.-wooden-candle-holder-3/124379580.html
"Found & Fable Grey Polystone Tealight Candle Holder, 6""","https://static.athome.com/images/w_1200,h_1200,c_pad,f_auto,fl_lossy,q_auto/v1668031204/p/124373134/found-fable-grey-polystone-tealight-candle-holder-6.jpg",https://www.athome.com//found-fable-grey-polystone-tealight-candle-holder-6/124373134.html
"Sage Green LED Lantern, 9.5""","https://static.athome.com/images/w_1200,h_1200,c_pad,f_auto,fl_lossy,q_auto/v1648901992/p/124358367/sage-green-led-lantern-9.5.jpg",https://www.athome.com//sage-green-led-lantern-9.5/124358367.html
"Blue Mosaic Glass Cylinder Candle Holder, 6""","https://static.athome.com/images/w_1200,h_1200,c_pad,f_auto,fl_lossy,q_auto/v1629487205/p/124290720/blue-mosaic-glass-cylinder-candle-holder-6.jpg",https://www.athome.com//blue-mosaic-glass-cylinder-candle-holder-6/124290720.html
"Silver Round Crystal Votive Candle Holder, 3""","https://static.athome.com/images/w_1200,h_1200,c_pad,f_auto,fl_lossy,q_auto/v1712675579/p/124344813/silver-round-crystal-votive-candle-holder-3.jpg",https://www.athome.com//silver-round-crystal-votive-candle-holder-3/124344813.html
"Crosby St. Brown Circle Pillar Candle Holder, 13""","https://static.athome.com/images/w_1200,h_1200,c_pad,f_auto,fl_lossy,q_auto/v1652531214/p/124357913/crosby-st.-brown-circle-pillar-candle-holder-13.jpg",https://www.athome.com//crosby-st.-brown-circle-pillar-candle-holder-13/124357913.html
"Honeybloom Wooden Wall Sconce, 16""","https://static.athome.com/images/w_1200,h_1200,c_pad,f_auto,fl_lossy,q_auto/v1664367862/p/124367029/honeybloom-wooden-wall-sconce-16.jpg",https://www.athome.com//honeybloom-wooden-wall-sconce-16/124367029.html
"Clear Glass Gem Pillar Candle Holder, 2""","https://static.athome.com/images/w_1200,h_1200,c_pad,f_auto,fl_lossy,q_auto/v1694869043/p/124297692/clear-glass-gem-pillar-candle-holder-2.jpg",https://www.athome.com//clear-glass-gem-pillar-candle-holder-2/124297692.html
"Honeybloom Metal Taper Candle Holder Centerpiece, 22""","https://static.athome.com/images/w_1200,h_1200,c_pad,f_auto,fl_lossy,q_auto/v1663250705/p/124366698/honeybloom-metal-taper-candle-holder-centerpiece-22.jpg",https://www.athome.com//honeybloom-metal-taper-candle-holder-centerpiece-22/124366698.html
"Ty Pennington Metallic Pillar Candle Holder, 9""","https://static.athome.com/images/w_1200,h_1200,c_pad,f_auto,fl_lossy,q_auto/v1662208043/p/124372971/ty-pennington-metallic-pillar-candle-holder-9.jpg",https://www.athome.com//ty-pennington-metallic-pillar-candle-holder-9/124372971.html
"Providence Rattan Lantern, 4.5x6","https://static.athome.com/images/w_1200,h_1200,c_pad,f_auto,fl_lossy,q_auto/v1688819942/p/124379977/providence-rattan-lantern-4.5x6.jpg",https://www.athome.com//providence-rattan-lantern-4.5x6/124379977.html
"Crosby St. Black Metal Lantern, Large","https://static.athome.com/images/w_1200,h_1200,c_pad,f_auto,fl_lossy,q_auto/v1673974251/p/124378987/crosby-st.-black-metal-lantern-large.jpg",https://www.athome.com//crosby-st.-black-metal-lantern-large/124378987.html
"Providence Rattan Lantern, 8x10","https://static.athome.com/images/w_1200,h_1200,c_pad,f_auto,fl_lossy,q_auto/v1688819939/p/124379976/providence-rattan-lantern-8x10.jpg",https://www.athome.com//providence-rattan-lantern-8x10/124379976.html
"Ty Pennington Metallic Pillar Candle Holder, 6""","https://static.athome.com/images/w_1200,h_1200,c_pad,f_auto,fl_lossy,q_auto/v1662208045/p/124372972/ty-pennington-metallic-pillar-candle-holder-6.jpg",https://www.athome.com//ty-pennington-metallic-pillar-candle-holder-6/124372972.html
"Tracey Boyd Black Metal Modern Taper Candle Holder, 8""","https://static.athome.com/images/w_1200,h_1200,c_pad,f_auto,fl_lossy,q_auto/v1689683902/p/124383177/tracey-boyd-black-metal-modern-taper-candle-holder-8.jpg",https://www.athome.com//tracey-boyd-black-metal-modern-taper-candle-holder-8/124383177.html
"Black Metal and Clear Glass Lantern, Medium","https://static.athome.com/images/w_1200,h_1200,c_pad,f_auto,fl_lossy,q_auto/v1691152930/p/124381361/black-metal-and-clear-glass-lantern-medium.jpg",https://www.athome.com//black-metal-and-clear-glass-lantern-medium/124381361.html
"Crosby St. Brown Circle Pillar Candle Holder, 15""","https://static.athome.com/images/w_1200,h_1200,c_pad,f_auto,fl_lossy,q_auto/v1652531214/p/124357912/crosby-st.-brown-circle-pillar-candle-holder-15.jpg",https://www.athome.com//crosby-st.-brown-circle-pillar-candle-holder-15/124357912.html
"Laila Ali Silver Metal Taper Holder Centerpiece, 18""","https://static.athome.com/images/w_1200,h_1200,c_pad,f_auto,fl_lossy,q_auto/v1660998270/p/124367120/laila-ali-silver-metal-taper-holder-centerpiece-18.jpg",https://www.athome.com//laila-ali-silver-metal-taper-holder-centerpiece-18/124367120.html
"Found & Fable Ivory Lantern, 14""","https://static.athome.com/images/w_1200,h_1200,c_pad,f_auto,fl_lossy,q_auto/v1663072150/p/124373112/found-fable-ivory-lantern-14.jpg",https://www.athome.com//found-fable-ivory-lantern-14/124373112.html
"Tracey Boyd Square Corner Mercury Glass Candle Holder, 9""","https://static.athome.com/images/w_1200,h_1200,c_pad,f_auto,fl_lossy,q_auto/v1660911810/p/124361850/tracey-boyd-square-corner-mercury-glass-candle-holder-9.jpg",https://www.athome.com//tracey-boyd-square-corner-mercury-glass-candle-holder-9/124361850.html
"Tracey Boyd Mercury Candle Holder, 7""","https://static.athome.com/images/w_1200,h_1200,c_pad,f_auto,fl_lossy,q_auto/v1659097526/p/124361851/tracey-boyd-mercury-candle-holder-7.jpg",https://www.athome.com//tracey-boyd-mercury-candle-holder-7/124361851.html
"Glass Candle Holder, 4""","https://static.athome.com/images/w_1200,h_1200,c_pad,f_auto,fl_lossy,q_auto/v1643983355/p/124358276/glass-candle-holder-4.jpg",https://www.athome.com//glass-candle-holder-4/124358276.html
"Black Metal Lantern, 7""","https://static.athome.com/images/w_1200,h_1200,c_pad,f_auto,fl_lossy,q_auto/v1695818775/p/124340303/black-metal-lantern-7.jpg",https://www.athome.com//black-metal-lantern-7/124340303.html
12-Pack Faceted Gold Votive Holders,"https://static.athome.com/images/w_1200,h_1200,c_pad,f_auto,fl_lossy,q_auto/v1695818725/p/124297211/12-pack-faceted-gold-votive-holders.jpg",https://www.athome.com//12-pack-faceted-gold-votive-holders/124297211.html
"Crosby St. Grey Painted Ceramic Pillar Candle Holder, 8""","https://static.athome.com/images/w_1200,h_1200,c_pad,f_auto,fl_lossy,q_auto/v1629492138/p/124319592/crosby-st.-grey-painted-ceramic-pillar-candle-holder-8.jpg",https://www.athome.com//crosby-st.-grey-painted-ceramic-pillar-candle-holder-8/124319592.html
"Silver Glass Pillar Candle Holder, 7""","https://static.athome.com/images/w_1200,h_1200,c_pad,f_auto,fl_lossy,q_auto/v1629489485/p/124251277/silver-glass-pillar-candle-holder-7.jpg",https://www.athome.com//silver-glass-pillar-candle-holder-7/124251277.html
"White Pillar Candle Holder, 16.5""","https://static.athome.com/images/w_1200,h_1200,c_pad,f_auto,fl_lossy,q_auto/v1629484861/p/124263821/white-pillar-candle-holder-16.5.jpg",https://www.athome.com//white-pillar-candle-holder-16.5/124263821.html
"Silver Rhinestone Hurricane Candle Holder, 7.5""","https://static.athome.com/images/w_1200,h_1200,c_pad,f_auto,fl_lossy,q_auto/v1629487457/p/124297218/silver-rhinestone-hurricane-candle-holder-7.5.jpg",https://www.athome.com//silver-rhinestone-hurricane-candle-holder-7.5/124297218.html
"Laila Ali Smoke Ombre Glass Candle Holder, 4""","https://static.athome.com/images/w_1200,h_1200,c_pad,f_auto,fl_lossy,q_auto/v1629490342/p/124340051/laila-ali-smoke-ombre-glass-candle-holder-4.jpg",https://www.athome.com//laila-ali-smoke-ombre-glass-candle-holder-4/124340051.html
"Frosted Glass Wood Base Candleholder, 14""","https://static.athome.com/images/w_1200,h_1200,c_pad,f_auto,fl_lossy,q_auto/v1668086905/p/124373067/frosted-glass-wood-base-candleholder-14.jpg",https://www.athome.com//frosted-glass-wood-base-candleholder-14/124373067.html
"Grey Woven Wood Lantern, 14""","https://static.athome.com/images/w_1200,h_1200,c_pad,f_auto,fl_lossy,q_auto/v1629490408/p/124248650/grey-woven-wood-lantern-14.jpg",https://www.athome.com//grey-woven-wood-lantern-14/124248650.html
"Black Metal and Clear Glass Lantern, Large","https://static.athome.com/images/w_1200,h_1200,c_pad,f_auto,fl_lossy,q_auto/v1691152931/p/124381362/black-metal-and-clear-glass-lantern-large.jpg",https://www.athome.com//black-metal-and-clear-glass-lantern-large/124381362.html
"Gold Taper Candle Holder, 10""","https://static.athome.com/images/w_1200,h_1200,c_pad,f_auto,fl_lossy,q_auto/v1694869101/p/124367032/gold-taper-candle-holder-10.jpg",https://www.athome.com//gold-taper-candle-holder-10/124367032.html
"Ty Pennington White Metal Lantern, 35""","https://static.athome.com/images/w_1200,h_1200,c_pad,f_auto,fl_lossy,q_auto/v1703351835/p/124361989/ty-pennington-white-metal-lantern-35.jpg",https://www.athome.com//ty-pennington-white-metal-lantern-35/124361989.html
"Frosted Glass Wood Base Candleholder, 16""","https://static.athome.com/images/w_1200,h_1200,c_pad,f_auto,fl_lossy,q_auto/v1668086904/p/124373066/frosted-glass-wood-base-candleholder-16.jpg",https://www.athome.com//frosted-glass-wood-base-candleholder-16/124373066.html
"Blue Ceramic Lantern, 10""","https://static.athome.com/images/w_1200,h_1200,c_pad,f_auto,fl_lossy,q_auto/v1640353761/p/124349018/blue-ceramic-lantern-10.jpg",https://www.athome.com//blue-ceramic-lantern-10/124349018.html
"Black Metal Floor Lantern, 22""","https://static.athome.com/images/w_1200,h_1200,c_pad,f_auto,fl_lossy,q_auto/v1652531096/p/124354581/black-metal-floor-lantern-22.jpg",https://www.athome.com//black-metal-floor-lantern-22/124354581.html
"Found & Fable Ivory Metal Lantern, 10""","https://static.athome.com/images/w_1200,h_1200,c_pad,f_auto,fl_lossy,q_auto/v1663072149/p/124373111/found-fable-ivory-metal-lantern-10.jpg",https://www.athome.com//found-fable-ivory-metal-lantern-10/124373111.html
"Grace Mitchell Silver Metal Lantern, 14""","https://static.athome.com/images/w_1200,h_1200,c_pad,f_auto,fl_lossy,q_auto/v1633179218/p/124346378/grace-mitchell-silver-metal-lantern-14.jpg",https://www.athome.com//grace-mitchell-silver-metal-lantern-14/124346378.html
"Found & Fable Open Trellis Silver Metal Lantern, 12""","https://static.athome.com/images/w_1200,h_1200,c_pad,f_auto,fl_lossy,q_auto/v1683723041/p/124380683/found-fable-open-trellis-silver-metal-lantern-12.jpg",https://www.athome.com//found-fable-open-trellis-silver-metal-lantern-12/124380683.html
"White Pillar Candle Holder, 12""","https://static.athome.com/images/w_1200,h_1200,c_pad,f_auto,fl_lossy,q_auto/v1629488991/p/124263820/white-pillar-candle-holder-12.jpg",https://www.athome.com//white-pillar-candle-holder-12/124263820.html
"Wood Taper Candle Holder, 8""","https://static.athome.com/images/w_1200,h_1200,c_pad,f_auto,fl_lossy,q_auto/v1669210566/p/124367603/wood-taper-candle-holder-8.jpg",https://www.athome.com//wood-taper-candle-holder-8/124367603.html
"Grace Mitchell Silver Metal Lantern, 19""","https://static.athome.com/images/w_1200,h_1200,c_pad,f_auto,fl_lossy,q_auto/v1633179217/p/124346377/grace-mitchell-silver-metal-lantern-19.jpg",https://www.athome.com//grace-mitchell-silver-metal-lantern-19/124346377.html
"Black Metal Floor Lantern, 35""","https://static.athome.com/images/w_1200,h_1200,c_pad,f_auto,fl_lossy,q_auto/v1652531095/p/124354580/black-metal-floor-lantern-35.jpg",https://www.athome.com//black-metal-floor-lantern-35/124354580.html
"Silver Wall Sconce, 24""","https://static.athome.com/images/w_1200,h_1200,c_pad,f_auto,fl_lossy,q_auto/v1629490672/p/124264274/silver-wall-sconce-24.jpg",https://www.athome.com//silver-wall-sconce-24/124264274.html
"White Crackle Glass Wall Sconce, 10""","https://static.athome.com/images/w_1200,h_1200,c_pad,f_auto,fl_lossy,q_auto/v1629490416/p/124278402/white-crackle-glass-wall-sconce-10.jpg",https://www.athome.com//white-crackle-glass-wall-sconce-10/124278402.html
"Laila Ali Silver Metal Hourglass Candle Holder, 5""","https://static.athome.com/images/w_1200,h_1200,c_pad,f_auto,fl_lossy,q_auto/v1632228186/p/124340578/laila-ali-silver-metal-hourglass-candle-holder-5.jpg",https://www.athome.com//laila-ali-silver-metal-hourglass-candle-holder-5/124340578.html
"Black Bamboo Lantern, 17""","https://static.athome.com/images/w_1200,h_1200,c_pad,f_auto,fl_lossy,q_auto/v1629489451/p/124292952/black-bamboo-lantern-17.jpg",https://www.athome.com//black-bamboo-lantern-17/124292952.html
"Gold Rhinestone Hurricane Candle Holder, 8""","https://static.athome.com/images/w_1200,h_1200,c_pad,f_auto,fl_lossy,q_auto/v1629484870/p/124297219/gold-rhinestone-hurricane-candle-holder-8.jpg",https://www.athome.com//gold-rhinestone-hurricane-candle-holder-8/124297219.html
"Ty Pennington Clear Glass Pillar Candle Holder, 9""","https://static.athome.com/images/w_1200,h_1200,c_pad,f_auto,fl_lossy,q_auto/v1680007579/p/124372937/ty-pennington-clear-glass-pillar-candle-holder-9.jpg",https://www.athome.com//ty-pennington-clear-glass-pillar-candle-holder-9/124372937.html
"Ivory Mosaic Hurricane Candle Holder, 6""","https://static.athome.com/images/w_1200,h_1200,c_pad,f_auto,fl_lossy,q_auto/v1649420363/p/124331957/ivory-mosaic-hurricane-candle-holder-6.jpg",https://www.athome.com//ivory-mosaic-hurricane-candle-holder-6/124331957.html
"Square Metal Candle Holder, 8""","https://static.athome.com/images/w_1200,h_1200,c_pad,f_auto,fl_lossy,q_auto/v1629486215/p/124340949/square-metal-candle-holder-8.jpg",https://www.athome.com//square-metal-candle-holder-8/124340949.html
5x9 White Wood Pillar Holder,"https://static.athome.com/images/w_1200,h_1200,c_pad,f_auto,fl_lossy,q_auto/v1663072148/p/124373105/5x9-white-wood-pillar-holder.jpg",https://www.athome.com//5x9-white-wood-pillar-holder/124373105.html
"Embossed Clear Glass Candle Holder, 3""","https://static.athome.com/images/w_1200,h_1200,c_pad,f_auto,fl_lossy,q_auto/v1629490822/p/124311932/embossed-clear-glass-candle-holder-3.jpg",https://www.athome.com//embossed-clear-glass-candle-holder-3/124311932.html
"Tracey Boyd Mercury Glass Candle Holder, 7.5""","https://static.athome.com/images/w_1200,h_1200,c_pad,f_auto,fl_lossy,q_auto/v1660220282/p/124361652/tracey-boyd-mercury-glass-candle-holder-7.5.jpg",https://www.athome.com//tracey-boyd-mercury-glass-candle-holder-7.5/124361652.html
"Grace Mitchell Metal Lantern, 13""","https://static.athome.com/images/w_1200,h_1200,c_pad,f_auto,fl_lossy,q_auto/v1633179173/p/124345847/grace-mitchell-metal-lantern-13.jpg",https://www.athome.com//grace-mitchell-metal-lantern-13/124345847.html
"Metal LED Lantern, 29""","https://static.athome.com/images/w_1200,h_1200,c_pad,f_auto,fl_lossy,q_auto/v1631623245/p/124348562/metal-led-lantern-29.jpg",https://www.athome.com//metal-led-lantern-29/124348562.html
"Silver Pillar Candle Holder, 30""","https://static.athome.com/images/w_1200,h_1200,c_pad,f_auto,fl_lossy,q_auto/v1639835278/p/124348766/silver-pillar-candle-holder-30.jpg",https://www.athome.com//silver-pillar-candle-holder-30/124348766.html
"Pre-Lit LED Wooden Floor Lantern, 29""","https://static.athome.com/images/w_1200,h_1200,c_pad,f_auto,fl_lossy,q_auto/v1629491638/p/124341344/pre-lit-led-wooden-floor-lantern-29.jpg",https://www.athome.com//pre-lit-led-wooden-floor-lantern-29/124341344.html
"Grey Wood-Look Candle Holder, 12""","https://static.athome.com/images/w_1200,h_1200,c_pad,f_auto,fl_lossy,q_auto/v1629488233/p/124279020/grey-wood-look-candle-holder-12.jpg",https://www.athome.com//grey-wood-look-candle-holder-12/124279020.html
"Metal Lantern, 12""","https://static.athome.com/images/w_1200,h_1200,c_pad,f_auto,fl_lossy,q_auto/v1633179169/p/124345842/metal-lantern-12.jpg",https://www.athome.com//metal-lantern-12/124345842.html
"Honeybloom White Metal Lantern, 35""","https://static.athome.com/images/w_1200,h_1200,c_pad,f_auto,fl_lossy,q_auto/v1646313832/p/124357495/honeybloom-white-metal-lantern-35.jpg",https://www.athome.com//honeybloom-white-metal-lantern-35/124357495.html
"Laila Ali Smoke Glass Candle Holder, 8""","https://static.athome.com/images/w_1200,h_1200,c_pad,f_auto,fl_lossy,q_auto/v1629489409/p/124340043/laila-ali-smoke-glass-candle-holder-8.jpg",https://www.athome.com//laila-ali-smoke-glass-candle-holder-8/124340043.html
"Grace Mitchell Iridescent Glass Lantern, 8""","https://static.athome.com/images/w_1200,h_1200,c_pad,f_auto,fl_lossy,q_auto/v1675344975/p/124346890/grace-mitchell-iridescent-glass-lantern-8.jpg",https://www.athome.com//grace-mitchell-iridescent-glass-lantern-8/124346890.html
"Tracey Boyd Navy Ceramic Pillar Holder, 8""","https://static.athome.com/images/w_1200,h_1200,c_pad,f_auto,fl_lossy,q_auto/v1629486604/p/124320326/tracey-boyd-navy-ceramic-pillar-holder-8.jpg",https://www.athome.com//tracey-boyd-navy-ceramic-pillar-holder-8/124320326.html
"Silver Pillar Candle Holder, 36""","https://static.athome.com/images/w_1200,h_1200,c_pad,f_auto,fl_lossy,q_auto/v1639835280/p/124348767/silver-pillar-candle-holder-36.jpg",https://www.athome.com//silver-pillar-candle-holder-36/124348767.html
"Grace Mitchell Neutral Ceramic Cutout Lantern, 8.6""","https://static.athome.com/images/w_1200,h_1200,c_pad,f_auto,fl_lossy,q_auto/v1629488765/p/124330826/grace-mitchell-neutral-ceramic-cutout-lantern-8.6.jpg",https://www.athome.com//grace-mitchell-neutral-ceramic-cutout-lantern-8.6/124330826.html
"White Beaded Candle Holder, 15""","https://static.athome.com/images/w_1200,h_1200,c_pad,f_auto,fl_lossy,q_auto/v1629492763/p/124314078/white-beaded-candle-holder-15.jpg",https://www.athome.com//white-beaded-candle-holder-15/124314078.html
"Grace Mitchell Ceramic Cutout Lantern, 6""","https://static.athome.com/images/w_1200,h_1200,c_pad,f_auto,fl_lossy,q_auto/v1629490959/p/124330827/grace-mitchell-ceramic-cutout-lantern-6.jpg",https://www.athome.com//grace-mitchell-ceramic-cutout-lantern-6/124330827.html
"Laila Ali Wooden Block Geo Candle Holder, 12.5""","https://static.athome.com/images/w_1200,h_1200,c_pad,f_auto,fl_lossy,q_auto/v1649161006/p/124340744/laila-ali-wooden-block-geo-candle-holder-12.5.jpg",https://www.athome.com//laila-ali-wooden-block-geo-candle-holder-12.5/124340744.html
"Found & Fable Glass Hurricane Candle Holder, 6""","https://static.athome.com/images/w_1200,h_1200,c_pad,f_auto,fl_lossy,q_auto/v1666700398/p/124372988/found-fable-glass-hurricane-candle-holder-6.jpg",https://www.athome.com//found-fable-glass-hurricane-candle-holder-6/124372988.html
"Grey Candle Holder, 10""","https://static.athome.com/images/w_1200,h_1200,c_pad,f_auto,fl_lossy,q_auto/v1629490999/p/124346876/grey-candle-holder-10.jpg",https://www.athome.com//grey-candle-holder-10/124346876.html
"White Pillar Candle Holder, 6""","https://static.athome.com/images/w_1200,h_1200,c_pad,f_auto,fl_lossy,q_auto/v1629484959/p/124320019/white-pillar-candle-holder-6.jpg",https://www.athome.com//white-pillar-candle-holder-6/124320019.html
"Black Stacked Circle Candle Holder, 24""","https://static.athome.com/images/w_1200,h_1200,c_pad,f_auto,fl_lossy,q_auto/v1630517500/p/124348378/black-stacked-circle-candle-holder-24.jpg",https://www.athome.com//black-stacked-circle-candle-holder-24/124348378.html
"Metal Lantern, 15""","https://static.athome.com/images/w_1200,h_1200,c_pad,f_auto,fl_lossy,q_auto/v1633179168/p/124345841/metal-lantern-15.jpg",https://www.athome.com//metal-lantern-15/124345841.html
"Tracey Boyd Black Leather & Clay Candle Holder, 3""","https://static.athome.com/images/w_1200,h_1200,c_pad,f_auto,fl_lossy,q_auto/v1689856910/p/124373020/tracey-boyd-black-leather-clay-candle-holder-3.jpg",https://www.athome.com//tracey-boyd-black-leather-clay-candle-holder-3/124373020.html
"Dark Wood Candle Holder, Small","https://static.athome.com/images/w_1200,h_1200,c_pad,f_auto,fl_lossy,q_auto/v1688733375/p/124349179/dark-wood-candle-holder-small.jpg",https://www.athome.com//dark-wood-candle-holder-small/124349179.html
"Black Metal Lantern with 4"" LED Candle, 7""","https://static.athome.com/images/w_1200,h_1200,c_pad,f_auto,fl_lossy,q_auto/v1629488548/p/124293322/black-metal-lantern-with-4-led-candle-7.jpg",https://www.athome.com//black-metal-lantern-with-4-led-candle-7/124293322.html
"Found & Fable White Origami Design Tealight Candle Holder, 5.5""","https://static.athome.com/images/w_1200,h_1200,c_pad,f_auto,fl_lossy,q_auto/v1668031214/p/124373146/found-fable-white-origami-design-tealight-candle-holder-5.5.jpg",https://www.athome.com//found-fable-white-origami-design-tealight-candle-holder-5.5/124373146.html
"Mirror Candle Holder, 4""","https://static.athome.com/images/w_1200,h_1200,c_pad,f_auto,fl_lossy,q_auto/v1648902051/p/124362274/mirror-candle-holder-4.jpg",https://www.athome.com//mirror-candle-holder-4/124362274.html
"Laila Ali Clear & Pink Ombre Glass Candle Holder, 6""","https://static.athome.com/images/w_1200,h_1200,c_pad,f_auto,fl_lossy,q_auto/v1640353956/p/124352338/laila-ali-clear-pink-ombre-glass-candle-holder-6.jpg",https://www.athome.com//laila-ali-clear-pink-ombre-glass-candle-holder-6/124352338.html
"White Metal & Wood Lantern, 34""","https://static.athome.com/images/w_1200,h_1200,c_pad,f_auto,fl_lossy,q_auto/v1633179276/p/124349200/white-metal-wood-lantern-34.jpg",https://www.athome.com//white-metal-wood-lantern-34/124349200.html
"Oversized Uruapan Candle Holder, 24""","https://static.athome.com/images/w_1200,h_1200,c_pad,f_auto,fl_lossy,q_auto/v1639145158/p/124349186/oversized-uruapan-candle-holder-24.jpg",https://www.athome.com//oversized-uruapan-candle-holder-24/124349186.html
"Wood Look Pillar Candle Holder, 6""","https://static.athome.com/images/w_1200,h_1200,c_pad,f_auto,fl_lossy,q_auto/v1629493056/p/124287657/wood-look-pillar-candle-holder-6.jpg",https://www.athome.com//wood-look-pillar-candle-holder-6/124287657.html
"Tracey Boyd Stacked Wood Taper Candle Holder, Large","https://static.athome.com/images/w_1200,h_1200,c_pad,f_auto,fl_lossy,q_auto/v1664367845/p/124366755/tracey-boyd-stacked-wood-taper-candle-holder-large.jpg",https://www.athome.com//tracey-boyd-stacked-wood-taper-candle-holder-large/124366755.html
Willow Crossley Set of 6 Gold Taper Candle Holders,"https://static.athome.com/images/w_1200,h_1200,c_pad,f_auto,fl_lossy,q_auto/v1695214073/p/124374428/willow-crossley-set-of-6-gold-taper-candle-holders.jpg",https://www.athome.com//willow-crossley-set-of-6-gold-taper-candle-holders/124374428.html
"Black Candle Holder, 38""","https://static.athome.com/images/w_1200,h_1200,c_pad,f_auto,fl_lossy,q_auto/v1697806660/p/124356999/black-candle-holder-38.jpg",https://www.athome.com//black-candle-holder-38/124356999.html
"Metallic Crackle Glass Wall Sconce, 10""","https://static.athome.com/images/w_1200,h_1200,c_pad,f_auto,fl_lossy,q_auto/v1629488748/p/124278401/metallic-crackle-glass-wall-sconce-10.jpg",https://www.athome.com//metallic-crackle-glass-wall-sconce-10/124278401.html
"Grey Metal Floor Candle Holder, 32""","https://static.athome.com/images/w_1200,h_1200,c_pad,f_auto,fl_lossy,q_auto/v1631623237/p/124348390/grey-metal-floor-candle-holder-32.jpg",https://www.athome.com//grey-metal-floor-candle-holder-32/124348390.html
"Black Candelabra, 29""","https://static.athome.com/images/w_1200,h_1200,c_pad,f_auto,fl_lossy,q_auto/v1639835284/p/124348771/black-candelabra-29.jpg",https://www.athome.com//black-candelabra-29/124348771.html
"Black Ceramic Candle Holder, 10""","https://static.athome.com/images/w_1200,h_1200,c_pad,f_auto,fl_lossy,q_auto/v1705586644/p/124358808/black-ceramic-candle-holder-10.jpg",https://www.athome.com//black-ceramic-candle-holder-10/124358808.html
"Black Metal Hurricane Candle Holder, 8""","https://static.athome.com/images/w_1200,h_1200,c_pad,f_auto,fl_lossy,q_auto/v1629487576/p/124330413/black-metal-hurricane-candle-holder-8.jpg",https://www.athome.com//black-metal-hurricane-candle-holder-8/124330413.html
"Black Metal Candle Holder, 28""","https://static.athome.com/images/w_1200,h_1200,c_pad,f_auto,fl_lossy,q_auto/v1631278177/p/124345605/black-metal-candle-holder-28.jpg",https://www.athome.com//black-metal-candle-holder-28/124345605.html
