title,img_url,product_link
"Crosby St. White Marble Stand, 10""","https://static.athome.com/images/w_1200,h_1200,c_pad,f_auto,fl_lossy,q_auto/v1695127779/p/124389414/crosby-st.-white-marble-stand-10.jpg",https://www.athome.com//crosby-st.-white-marble-stand-10/124389414.html
"Decorative Marble Tic Tac Toe, 6.5""","https://static.athome.com/images/w_1200,h_1200,c_pad,f_auto,fl_lossy,q_auto/v1720710021/p/124407054/decorative-marble-tic-tac-toe-6.5.jpg",https://www.athome.com//decorative-marble-tic-tac-toe-6.5/124407054.html
"Honeybloom Gold Metal Hummingbird Figurine, 7.3""","https://static.athome.com/images/w_1200,h_1200,c_pad,f_auto,fl_lossy,q_auto/v1663418025/p/124366427/honeybloom-gold-metal-hummingbird-figurine-7.3.jpg",https://www.athome.com//honeybloom-gold-metal-hummingbird-figurine-7.3/124366427.html
"Silver Ceramic Heart Sculpture, 9.5""","https://static.athome.com/images/w_1200,h_1200,c_pad,f_auto,fl_lossy,q_auto/v1694869011/p/124244374/silver-ceramic-heart-sculpture-9.5.jpg",https://www.athome.com//silver-ceramic-heart-sculpture-9.5/124244374.html
"White Stacked Books, 8""","https://static.athome.com/images/w_1200,h_1200,c_pad,f_auto,fl_lossy,q_auto/v1695127584/p/124283645/white-stacked-books-8.jpg",https://www.athome.com//white-stacked-books-8/124283645.html
"Gold Metal Decorative Slinky Ring, 11""","https://static.athome.com/images/w_1200,h_1200,c_pad,f_auto,fl_lossy,q_auto/v1720270494/p/124405008/gold-metal-decorative-slinky-ring-11.jpg",https://www.athome.com//gold-metal-decorative-slinky-ring-11/124405008.html
"Crosby St. Metal & Marble Decor, 10.3""","https://static.athome.com/images/w_1200,h_1200,c_pad,f_auto,fl_lossy,q_auto/v1705509764/p/124389424/crosby-st.-metal-marble-decor-10.3.jpg",https://www.athome.com//crosby-st.-metal-marble-decor-10.3/124389424.html
"Honeybloom Wooden Tic Tac Toe Game, 7""","https://static.athome.com/images/w_1200,h_1200,c_pad,f_auto,fl_lossy,q_auto/v1629489452/p/124319665/honeybloom-wooden-tic-tac-toe-game-7.jpg",https://www.athome.com//honeybloom-wooden-tic-tac-toe-game-7/124319665.html
"Honeybloom White Wooden Knot Decor, 6""","https://static.athome.com/images/w_1200,h_1200,c_pad,f_auto,fl_lossy,q_auto/v1643983325/p/124357561/honeybloom-white-wooden-knot-decor-6.jpg",https://www.athome.com//honeybloom-white-wooden-knot-decor-6/124357561.html
"Crosby St. Gold Standing Links Pedestal Decor, 25""","https://static.athome.com/images/w_1200,h_1200,c_pad,f_auto,fl_lossy,q_auto/v1709301454/p/124389186/crosby-st.-gold-standing-links-pedestal-decor-25.jpg",https://www.athome.com//crosby-st.-gold-standing-links-pedestal-decor-25/124389186.html
"Ceramic Heart Sculpture, 12""","https://static.athome.com/images/w_1200,h_1200,c_pad,f_auto,fl_lossy,q_auto/v1688733322/p/124194682/ceramic-heart-sculpture-12.jpg",https://www.athome.com//ceramic-heart-sculpture-12/124194682.html
"Black Metal Wire Figurine, 6""","https://static.athome.com/images/w_1200,h_1200,c_pad,f_auto,fl_lossy,q_auto/v1629486675/p/124288648/black-metal-wire-figurine-6.jpg",https://www.athome.com//black-metal-wire-figurine-6/124288648.html
"Tracey Boyd Brown & Ivory Carved Medallion with Beads on Stand, 16""","https://static.athome.com/images/w_1200,h_1200,c_pad,f_auto,fl_lossy,q_auto/v1651666879/p/124361968/tracey-boyd-brown-ivory-carved-medallion-with-beads-on-stand-16.jpg",https://www.athome.com//tracey-boyd-brown-ivory-carved-medallion-with-beads-on-stand-16/124361968.html
"Providence Gold Bird Figurine on Globe, 6""","https://static.athome.com/images/w_1200,h_1200,c_pad,f_auto,fl_lossy,q_auto/v1683723046/p/124380997/providence-gold-bird-figurine-on-globe-6.jpg",https://www.athome.com//providence-gold-bird-figurine-on-globe-6/124380997.html
"Brown Aztec Design Elephant, 7""","https://static.athome.com/images/w_1200,h_1200,c_pad,f_auto,fl_lossy,q_auto/v1694782257/p/124217197/brown-aztec-design-elephant-7.jpg",https://www.athome.com//brown-aztec-design-elephant-7/124217197.html
"Blue Ceramic Dove, 4""","https://static.athome.com/images/w_1200,h_1200,c_pad,f_auto,fl_lossy,q_auto/v1629492057/p/124246306/blue-ceramic-dove-4.jpg",https://www.athome.com//blue-ceramic-dove-4/124246306.html
"Found & Fable Silver Ceramic Dachshund Dog, 8""","https://static.athome.com/images/w_1200,h_1200,c_pad,f_auto,fl_lossy,q_auto/v1723304502/p/124404867/found-fable-silver-ceramic-dachshund-dog-8.jpg",https://www.athome.com//found-fable-silver-ceramic-dachshund-dog-8/124404867.html
"Gold Metal Spiral Ring Decor, 11""","https://static.athome.com/images/w_1200,h_1200,c_pad,f_auto,fl_lossy,q_auto/v1629492731/p/124294442/gold-metal-spiral-ring-decor-11.jpg",https://www.athome.com//gold-metal-spiral-ring-decor-11/124294442.html
"Gold Yogi Monkey, 6""","https://static.athome.com/images/w_1200,h_1200,c_pad,f_auto,fl_lossy,q_auto/v1629487833/p/124346932/gold-yogi-monkey-6.jpg",https://www.athome.com//gold-yogi-monkey-6/124346932.html
"Found & Fable Silver Metal Decor, 21""","https://static.athome.com/images/w_1200,h_1200,c_pad,f_auto,fl_lossy,q_auto/v1716995442/p/124402770/found-fable-silver-metal-decor-21.jpg",https://www.athome.com//found-fable-silver-metal-decor-21/124402770.html
"White Metal Decorative Dachshund Dog, 6""","https://static.athome.com/images/w_1200,h_1200,c_pad,f_auto,fl_lossy,q_auto/v1730204640/p/124404865/white-metal-decorative-dachshund-dog-6.jpg",https://www.athome.com//white-metal-decorative-dachshund-dog-6/124404865.html
"Found & Fable Black Mandala Disk Sculpture, 20""","https://static.athome.com/images/w_1200,h_1200,c_pad,f_auto,fl_lossy,q_auto/v1643983348/p/124358007/found-fable-black-mandala-disk-sculpture-20.jpg",https://www.athome.com//found-fable-black-mandala-disk-sculpture-20/124358007.html
"Abstract Gold Metal Decor, 9""","https://static.athome.com/images/w_1200,h_1200,c_pad,f_auto,fl_lossy,q_auto/v1640353732/p/124348678/abstract-gold-metal-decor-9.jpg",https://www.athome.com//abstract-gold-metal-decor-9/124348678.html
Ty Pennington Blue Starfish Table Decor,"https://static.athome.com/images/w_1200,h_1200,c_pad,f_auto,fl_lossy,q_auto/v1640353754/p/124348875/ty-pennington-blue-starfish-table-decor.jpg",https://www.athome.com//ty-pennington-blue-starfish-table-decor/124348875.html
"Silver Heart Figurine, 8.7""","https://static.athome.com/images/w_1200,h_1200,c_pad,f_auto,fl_lossy,q_auto/v1691239443/p/124391723/silver-heart-figurine-8.7.jpg",https://www.athome.com//silver-heart-figurine-8.7/124391723.html
"White Coral Figurine on Glass Base, 5""","https://static.athome.com/images/w_1200,h_1200,c_pad,f_auto,fl_lossy,q_auto/v1629488805/p/124261734/white-coral-figurine-on-glass-base-5.jpg",https://www.athome.com//white-coral-figurine-on-glass-base-5/124261734.html
"Crosby St. Gold Metal Links Figurine, 6.5""","https://static.athome.com/images/w_1200,h_1200,c_pad,f_auto,fl_lossy,q_auto/v1708635230/p/124389183/crosby-st.-gold-metal-links-figurine-6.5.jpg",https://www.athome.com//crosby-st.-gold-metal-links-figurine-6.5/124389183.html
"Metal Gold Circle Figurine, 12""","https://static.athome.com/images/w_1200,h_1200,c_pad,f_auto,fl_lossy,q_auto/v1694869003/p/124184200/metal-gold-circle-figurine-12.jpg",https://www.athome.com//metal-gold-circle-figurine-12/124184200.html
"Found & Fable Black Metal Geo Decor, 10""","https://static.athome.com/images/w_1200,h_1200,c_pad,f_auto,fl_lossy,q_auto/v1695300299/p/124256570/found-fable-black-metal-geo-decor-10.jpg",https://www.athome.com//found-fable-black-metal-geo-decor-10/124256570.html
Found & Fable White Marbled Deco Link,"https://static.athome.com/images/w_1200,h_1200,c_pad,f_auto,fl_lossy,q_auto/v1711553063/p/124379616/found-fable-white-marbled-deco-link.jpg",https://www.athome.com//found-fable-white-marbled-deco-link/124379616.html
"Crosby St. Light Neutral Diamond Marble Decor, 4""","https://static.athome.com/images/w_1200,h_1200,c_pad,f_auto,fl_lossy,q_auto/v1718984373/p/124404993/crosby-st.-light-neutral-diamond-marble-decor-4.jpg",https://www.athome.com//crosby-st.-light-neutral-diamond-marble-decor-4/124404993.html
"White Flower Bouquet Figurine, 7""","https://static.athome.com/images/w_1200,h_1200,c_pad,f_auto,fl_lossy,q_auto/v1681303449/p/124381539/white-flower-bouquet-figurine-7.jpg",https://www.athome.com//white-flower-bouquet-figurine-7/124381539.html
"Ty Pennington Coastal Sand Piper Figurine, 9""","https://static.athome.com/images/w_1200,h_1200,c_pad,f_auto,fl_lossy,q_auto/v1689683890/p/124383168/ty-pennington-coastal-sand-piper-figurine-9.jpg",https://www.athome.com//ty-pennington-coastal-sand-piper-figurine-9/124383168.html
"Neutral Chain Link Decor, 6""","https://static.athome.com/images/w_1200,h_1200,c_pad,f_auto,fl_lossy,q_auto/v1629491843/p/124330849/neutral-chain-link-decor-6.jpg",https://www.athome.com//neutral-chain-link-decor-6/124330849.html
"Black & Brown Stacked Books Decor, 8""","https://static.athome.com/images/w_1200,h_1200,c_pad,f_auto,fl_lossy,q_auto/v1695387227/p/124283644/black-brown-stacked-books-decor-8.jpg",https://www.athome.com//black-brown-stacked-books-decor-8/124283644.html
"Honeybloom Gold Metal Bird Table Decor, 8.7""","https://static.athome.com/images/w_1200,h_1200,c_pad,f_auto,fl_lossy,q_auto/v1691844574/p/124389364/honeybloom-gold-metal-bird-table-decor-8.7.jpg",https://www.athome.com//honeybloom-gold-metal-bird-table-decor-8.7/124389364.html
"Gold Metal Flower, 5""","https://static.athome.com/images/w_1200,h_1200,c_pad,f_auto,fl_lossy,q_auto/v1629488750/p/124288655/gold-metal-flower-5.jpg",https://www.athome.com//gold-metal-flower-5/124288655.html
"Abstract Gold Metal Decor, 16""","https://static.athome.com/images/w_1200,h_1200,c_pad,f_auto,fl_lossy,q_auto/v1695387186/p/124200754/abstract-gold-metal-decor-16.jpg",https://www.athome.com//abstract-gold-metal-decor-16/124200754.html
"Gold Interlocking Heart, 9.8""","https://static.athome.com/images/w_1200,h_1200,c_pad,f_auto,fl_lossy,q_auto/v1709301851/p/124394409/gold-interlocking-heart-9.8.jpg",https://www.athome.com//gold-interlocking-heart-9.8/124394409.html
"Tracey Boyd Green Glass Knot Decor, 5""","https://static.athome.com/images/w_1200,h_1200,c_pad,f_auto,fl_lossy,q_auto/v1648902060/p/124362307/tracey-boyd-green-glass-knot-decor-5.jpg",https://www.athome.com//tracey-boyd-green-glass-knot-decor-5/124362307.html
"Found & Fable Silver Sitting Leopard Decor, 8""","https://static.athome.com/images/w_1200,h_1200,c_pad,f_auto,fl_lossy,q_auto/v1715173615/p/124404875/found-fable-silver-sitting-leopard-decor-8.jpg",https://www.athome.com//found-fable-silver-sitting-leopard-decor-8/124404875.html
"Found & Fable Silver Metal Star, 8""","https://static.athome.com/images/w_1200,h_1200,c_pad,f_auto,fl_lossy,q_auto/v1629486672/p/124340294/found-fable-silver-metal-star-8.jpg",https://www.athome.com//found-fable-silver-metal-star-8/124340294.html
"Whitewash Bird Branch Figurine, 5""","https://static.athome.com/images/w_1200,h_1200,c_pad,f_auto,fl_lossy,q_auto/v1629487043/p/124246479/whitewash-bird-branch-figurine-5.jpg",https://www.athome.com//whitewash-bird-branch-figurine-5/124246479.html
"Crosby St. Abstract Ceramic Figurine, 7""","https://static.athome.com/images/w_1200,h_1200,c_pad,f_auto,fl_lossy,q_auto/v1643896102/p/124358811/crosby-st.-abstract-ceramic-figurine-7.jpg",https://www.athome.com//crosby-st.-abstract-ceramic-figurine-7/124358811.html
"Crosby St. Neutral Multi-Cube Marble Decor, 5""","https://static.athome.com/images/w_1200,h_1200,c_pad,f_auto,fl_lossy,q_auto/v1718984371/p/124404992/crosby-st.-neutral-multi-cube-marble-decor-5.jpg",https://www.athome.com//crosby-st.-neutral-multi-cube-marble-decor-5/124404992.html
"Oversized Silver & Brown Elephant Decor, 39""","https://static.athome.com/images/w_1200,h_1200,c_pad,f_auto,fl_lossy,q_auto/v1687264631/p/124285724/oversized-silver-brown-elephant-decor-39.jpg",https://www.athome.com//oversized-silver-brown-elephant-decor-39/124285724.html
"Ty Pennington Wooden Coral Decor, 24x7","https://static.athome.com/images/w_1200,h_1200,c_pad,f_auto,fl_lossy,q_auto/v1648124150/p/124345269/ty-pennington-wooden-coral-decor-24x7.jpg",https://www.athome.com//ty-pennington-wooden-coral-decor-24x7/124345269.html
"Cow Skull Figurine, 18.5""","https://static.athome.com/images/w_1200,h_1200,c_pad,f_auto,fl_lossy,q_auto/v1629484887/p/124287859/cow-skull-figurine-18.5.jpg",https://www.athome.com//cow-skull-figurine-18.5/124287859.html
"White Coral Figurine, 5""","https://static.athome.com/images/w_1200,h_1200,c_pad,f_auto,fl_lossy,q_auto/v1694868995/p/124120867/white-coral-figurine-5.jpg",https://www.athome.com//white-coral-figurine-5/124120867.html
"Wood & Metal Cube Figurine, 5""","https://static.athome.com/images/w_1200,h_1200,c_pad,f_auto,fl_lossy,q_auto/v1629492865/p/124347008/wood-metal-cube-figurine-5.jpg",https://www.athome.com//wood-metal-cube-figurine-5/124347008.html
"Ty Pennington Wooden Sailboat Table Decor, 15""","https://static.athome.com/images/w_1200,h_1200,c_pad,f_auto,fl_lossy,q_auto/v1629488835/p/124345891/ty-pennington-wooden-sailboat-table-decor-15.jpg",https://www.athome.com//ty-pennington-wooden-sailboat-table-decor-15/124345891.html
"Ty Pennington White Coral Figurine, 9.5""","https://static.athome.com/images/w_1200,h_1200,c_pad,f_auto,fl_lossy,q_auto/v1629490979/p/124120866/ty-pennington-white-coral-figurine-9.5.jpg",https://www.athome.com//ty-pennington-white-coral-figurine-9.5/124120866.html
"Honeybloom Neutral Speckled Ceramic Sheep Vase, 6.5""","https://static.athome.com/images/w_1200,h_1200,c_pad,f_auto,fl_lossy,q_auto/v1714230487/p/124399923/honeybloom-neutral-speckled-ceramic-sheep-vase-6.5.jpg",https://www.athome.com//honeybloom-neutral-speckled-ceramic-sheep-vase-6.5/124399923.html
"Providence Gold & White Floral Figurine, 11""","https://static.athome.com/images/w_1200,h_1200,c_pad,f_auto,fl_lossy,q_auto/v1676640980/p/124381316/providence-gold-white-floral-figurine-11.jpg",https://www.athome.com//providence-gold-white-floral-figurine-11/124381316.html
"Found & Fable Green Prayer Beads on Stand, 16""","https://static.athome.com/images/w_1200,h_1200,c_pad,f_auto,fl_lossy,q_auto/v1726318558/p/124391120/found-fable-green-prayer-beads-on-stand-16.jpg",https://www.athome.com//found-fable-green-prayer-beads-on-stand-16/124391120.html
"Gold Ceramic Elephant, 3.5""","https://static.athome.com/images/w_1200,h_1200,c_pad,f_auto,fl_lossy,q_auto/v1629488014/p/124238498/gold-ceramic-elephant-3.5.jpg",https://www.athome.com//gold-ceramic-elephant-3.5/124238498.html
"Found & Fable Gold Reclining Buddha Statue, 11.8""","https://static.athome.com/images/w_1200,h_1200,c_pad,f_auto,fl_lossy,q_auto/v1714230297/p/124391096/found-fable-gold-reclining-buddha-statue-11.8.jpg",https://www.athome.com//found-fable-gold-reclining-buddha-statue-11.8/124391096.html
"Silver Metal Loop Flower Figurine, 5x6","https://static.athome.com/images/w_1200,h_1200,c_pad,f_auto,fl_lossy,q_auto/v1685709817/p/124378910/silver-metal-loop-flower-figurine-5x6.jpg",https://www.athome.com//silver-metal-loop-flower-figurine-5x6/124378910.html
"Crosby St. Wooden Sphere Decor, 4""","https://static.athome.com/images/w_1200,h_1200,c_pad,f_auto,fl_lossy,q_auto/v1685795786/p/124379290/crosby-st.-wooden-sphere-decor-4.jpg",https://www.athome.com//crosby-st.-wooden-sphere-decor-4/124379290.html
"Crosby St. Black Metal Circle Decor, 13""","https://static.athome.com/images/w_1200,h_1200,c_pad,f_auto,fl_lossy,q_auto/v1674048904/p/124376865/crosby-st.-black-metal-circle-decor-13.jpg",https://www.athome.com//crosby-st.-black-metal-circle-decor-13/124376865.html
"Found & Fable White Antelope Skull Head Decor, 14""","https://static.athome.com/images/w_1200,h_1200,c_pad,f_auto,fl_lossy,q_auto/v1716995441/p/124402767/found-fable-white-antelope-skull-head-decor-14.jpg",https://www.athome.com//found-fable-white-antelope-skull-head-decor-14/124402767.html
"White Spike Figurine, 3.5""","https://static.athome.com/images/w_1200,h_1200,c_pad,f_auto,fl_lossy,q_auto/v1694004847/p/124394780/white-spike-figurine-3.5.jpg",https://www.athome.com//white-spike-figurine-3.5/124394780.html
"Found & Fable White Ceramic Star Figurine, 5""","https://static.athome.com/images/w_1200,h_1200,c_pad,f_auto,fl_lossy,q_auto/v1629487512/p/124333739/found-fable-white-ceramic-star-figurine-5.jpg",https://www.athome.com//found-fable-white-ceramic-star-figurine-5/124333739.html
"Providence White Finial Decor, 10""","https://static.athome.com/images/w_1200,h_1200,c_pad,f_auto,fl_lossy,q_auto/v1689943433/p/124389091/providence-white-finial-decor-10.jpg",https://www.athome.com//providence-white-finial-decor-10/124389091.html
Gold Metal Bird Decor,"https://static.athome.com/images/w_1200,h_1200,c_pad,f_auto,fl_lossy,q_auto/v1721925445/p/124399754/gold-metal-bird-decor.jpg",https://www.athome.com//gold-metal-bird-decor/124399754.html
"Honeybloom Ivory Ceramic Sheep Figurine, 6""","https://static.athome.com/images/w_1200,h_1200,c_pad,f_auto,fl_lossy,q_auto/v1719933887/p/124399963/honeybloom-ivory-ceramic-sheep-figurine-6.jpg",https://www.athome.com//honeybloom-ivory-ceramic-sheep-figurine-6/124399963.html
"White Ceramic Jack Decor, 7""","https://static.athome.com/images/w_1200,h_1200,c_pad,f_auto,fl_lossy,q_auto/v1725075047/p/124288653/white-ceramic-jack-decor-7.jpg",https://www.athome.com//white-ceramic-jack-decor-7/124288653.html
"Black Metal Plant Sculpture, 16""","https://static.athome.com/images/w_1200,h_1200,c_pad,f_auto,fl_lossy,q_auto/v1629491149/p/124296110/black-metal-plant-sculpture-16.jpg",https://www.athome.com//black-metal-plant-sculpture-16/124296110.html
"Honeybloom Green Ceramic Bird Figurine, 5""","https://static.athome.com/images/w_1200,h_1200,c_pad,f_auto,fl_lossy,q_auto/v1695127771/p/124389340/honeybloom-green-ceramic-bird-figurine-5.jpg",https://www.athome.com//honeybloom-green-ceramic-bird-figurine-5/124389340.html
"Ty Pennington White Polar Bear Figurine, 3""","https://static.athome.com/images/w_1200,h_1200,c_pad,f_auto,fl_lossy,q_auto/v1689683891/p/124383169/ty-pennington-white-polar-bear-figurine-3.jpg",https://www.athome.com//ty-pennington-white-polar-bear-figurine-3/124383169.html
"Honeybloom Natural Wrapped Metal Geo Decor, 6""","https://static.athome.com/images/w_1200,h_1200,c_pad,f_auto,fl_lossy,q_auto/v1629485227/p/124329990/honeybloom-natural-wrapped-metal-geo-decor-6.jpg",https://www.athome.com//honeybloom-natural-wrapped-metal-geo-decor-6/124329990.html
"Gold Caged Hourglass with Black Sand, 8.8""","https://static.athome.com/images/w_1200,h_1200,c_pad,f_auto,fl_lossy,q_auto/v1706805636/p/124391097/gold-caged-hourglass-with-black-sand-8.8.jpg",https://www.athome.com//gold-caged-hourglass-with-black-sand-8.8/124391097.html
"Ty Pennington White Sand Dollar Figurine, 10""","https://static.athome.com/images/w_1200,h_1200,c_pad,f_auto,fl_lossy,q_auto/v1668086906/p/124373069/ty-pennington-white-sand-dollar-figurine-10.jpg",https://www.athome.com//ty-pennington-white-sand-dollar-figurine-10/124373069.html
"Found & Fable Silver Hammered Square Figurine, 5.2""","https://static.athome.com/images/w_1200,h_1200,c_pad,f_auto,fl_lossy,q_auto/v1702659111/p/124394776/found-fable-silver-hammered-square-figurine-5.2.jpg",https://www.athome.com//found-fable-silver-hammered-square-figurine-5.2/124394776.html
"Honeybloom Gold Geometric Figurine, 5""","https://static.athome.com/images/w_1200,h_1200,c_pad,f_auto,fl_lossy,q_auto/v1643983326/p/124357562/honeybloom-gold-geometric-figurine-5.jpg",https://www.athome.com//honeybloom-gold-geometric-figurine-5/124357562.html
"Honeybloom Almond Ceramic Bird Figurine, 5""","https://static.athome.com/images/w_1200,h_1200,c_pad,f_auto,fl_lossy,q_auto/v1695127773/p/124389341/honeybloom-almond-ceramic-bird-figurine-5.jpg",https://www.athome.com//honeybloom-almond-ceramic-bird-figurine-5/124389341.html
"Crosby St. Natural Wood Link Table Decor, 5.5""","https://static.athome.com/images/w_1200,h_1200,c_pad,f_auto,fl_lossy,q_auto/v1662553475/p/124358029/crosby-st.-natural-wood-link-table-decor-5.5.jpg",https://www.athome.com//crosby-st.-natural-wood-link-table-decor-5.5/124358029.html
"Honeybloom White Rope Ball Pillow, 4.5""","https://static.athome.com/images/w_1200,h_1200,c_pad,f_auto,fl_lossy,q_auto/v1721925457/p/124399924/honeybloom-white-rope-ball-pillow-4.5.jpg",https://www.athome.com//honeybloom-white-rope-ball-pillow-4.5/124399924.html
"Crosby St. Gold Swirl Table Decor, 10""","https://static.athome.com/images/w_1200,h_1200,c_pad,f_auto,fl_lossy,q_auto/v1695992270/p/124389409/crosby-st.-gold-swirl-table-decor-10.jpg",https://www.athome.com//crosby-st.-gold-swirl-table-decor-10/124389409.html
"Sand Dollar, 4""","https://static.athome.com/images/w_1200,h_1200,c_pad,f_auto,fl_lossy,q_auto/v1629485121/p/124325676/sand-dollar-4.jpg",https://www.athome.com//sand-dollar-4/124325676.html
Jute Wrapped Wood Link Decor,"https://static.athome.com/images/w_1200,h_1200,c_pad,f_auto,fl_lossy,q_auto/v1705163231/p/124390486/jute-wrapped-wood-link-decor.jpg",https://www.athome.com//jute-wrapped-wood-link-decor/124390486.html
Card Box With Cards,"https://static.athome.com/images/w_1200,h_1200,c_pad,f_auto,fl_lossy,q_auto/v1740230521/p/124407853/card-box-with-cards.jpg",https://www.athome.com//card-box-with-cards/124407853.html
"Ivory Sand Hourglass, 10""","https://static.athome.com/images/w_1200,h_1200,c_pad,f_auto,fl_lossy,q_auto/v1629484860/p/124326525/ivory-sand-hourglass-10.jpg",https://www.athome.com//ivory-sand-hourglass-10/124326525.html
"Brown Hand Sculpture, 10""","https://static.athome.com/images/w_1200,h_1200,c_pad,f_auto,fl_lossy,q_auto/v1629492423/p/124293300/brown-hand-sculpture-10.jpg",https://www.athome.com//brown-hand-sculpture-10/124293300.html
"Ty Pennington Wood Fish on Stand, 4.7""","https://static.athome.com/images/w_1200,h_1200,c_pad,f_auto,fl_lossy,q_auto/v1709301551/p/124390497/ty-pennington-wood-fish-on-stand-4.7.jpg",https://www.athome.com//ty-pennington-wood-fish-on-stand-4.7/124390497.html
"Providence Wood Paint Brush Decor, 13.7""","https://static.athome.com/images/w_1200,h_1200,c_pad,f_auto,fl_lossy,q_auto/v1709301441/p/124389098/providence-wood-paint-brush-decor-13.7.jpg",https://www.athome.com//providence-wood-paint-brush-decor-13.7/124389098.html
"Brown Metal Glass Hourglass On Stand, 12""","https://static.athome.com/images/w_1200,h_1200,c_pad,f_auto,fl_lossy,q_auto/v1629493206/p/124223708/brown-metal-glass-hourglass-on-stand-12.jpg",https://www.athome.com//brown-metal-glass-hourglass-on-stand-12/124223708.html
"Tracey Boyd Ceramic Green Knot, 5""","https://static.athome.com/images/w_1200,h_1200,c_pad,f_auto,fl_lossy,q_auto/v1629489839/p/124325652/tracey-boyd-ceramic-green-knot-5.jpg",https://www.athome.com//tracey-boyd-ceramic-green-knot-5/124325652.html
"Silver Ceramic Modern Elephant, 5""","https://static.athome.com/images/w_1200,h_1200,c_pad,f_auto,fl_lossy,q_auto/v1723304505/p/124404868/silver-ceramic-modern-elephant-5.jpg",https://www.athome.com//silver-ceramic-modern-elephant-5/124404868.html
"Crushed Mirror Charger on Base, 18x24","https://static.athome.com/images/w_1200,h_1200,c_pad,f_auto,fl_lossy,q_auto/v1695818663/p/124157262/crushed-mirror-charger-on-base-18x24.jpg",https://www.athome.com//crushed-mirror-charger-on-base-18x24/124157262.html
"Black Marble Deco Link, 2.5""","https://static.athome.com/images/w_1200,h_1200,c_pad,f_auto,fl_lossy,q_auto/v1711553061/p/124379615/black-marble-deco-link-2.5.jpg",https://www.athome.com//black-marble-deco-link-2.5/124379615.html
"Ty Pennington Tic-Tac-Toe Table Decor, 15""","https://static.athome.com/images/w_1200,h_1200,c_pad,f_auto,fl_lossy,q_auto/v1688733549/p/124376776/ty-pennington-tic-tac-toe-table-decor-15.jpg",https://www.athome.com//ty-pennington-tic-tac-toe-table-decor-15/124376776.html
"Natural Wood Dice, 4""","https://static.athome.com/images/w_1200,h_1200,c_pad,f_auto,fl_lossy,q_auto/v1705774668/p/124394792/natural-wood-dice-4.jpg",https://www.athome.com//natural-wood-dice-4/124394792.html
"Brown T-Rex Fossil Head, 6""","https://static.athome.com/images/w_1200,h_1200,c_pad,f_auto,fl_lossy,q_auto/v1695300292/p/124185150/brown-t-rex-fossil-head-6.jpg",https://www.athome.com//brown-t-rex-fossil-head-6/124185150.html
"Coral Figurine, 5""","https://static.athome.com/images/w_1200,h_1200,c_pad,f_auto,fl_lossy,q_auto/v1629489430/p/124325627/coral-figurine-5.jpg",https://www.athome.com//coral-figurine-5/124325627.html
"Black Metal Square Hollow Cube, 5.3""","https://static.athome.com/images/w_1200,h_1200,c_pad,f_auto,fl_lossy,q_auto/v1714230328/p/124394810/black-metal-square-hollow-cube-5.3.jpg",https://www.athome.com//black-metal-square-hollow-cube-5.3/124394810.html
"Found & Fable Silver Gazelle Figurine, 5""","https://static.athome.com/images/w_1200,h_1200,c_pad,f_auto,fl_lossy,q_auto/v1723219638/p/124402766/found-fable-silver-gazelle-figurine-5.jpg",https://www.athome.com//found-fable-silver-gazelle-figurine-5/124402766.html
"Gold T-Rex Fossil Head, 6""","https://static.athome.com/images/w_1200,h_1200,c_pad,f_auto,fl_lossy,q_auto/v1695300304/p/124293313/gold-t-rex-fossil-head-6.jpg",https://www.athome.com//gold-t-rex-fossil-head-6/124293313.html
"Laila Ali White Ceramic Infinity Sculpture, 12.5""","https://static.athome.com/images/w_1200,h_1200,c_pad,f_auto,fl_lossy,q_auto/v1629488714/p/124322667/laila-ali-white-ceramic-infinity-sculpture-12.5.jpg",https://www.athome.com//laila-ali-white-ceramic-infinity-sculpture-12.5/124322667.html
"Crosby St. Stacked Geo Squares Statue, 13.8""","https://static.athome.com/images/w_1200,h_1200,c_pad,f_auto,fl_lossy,q_auto/v1689943447/p/124389194/crosby-st.-stacked-geo-squares-statue-13.8.jpg",https://www.athome.com//crosby-st.-stacked-geo-squares-statue-13.8/124389194.html
"Gold Ceramic Jack Decor, 7""","https://static.athome.com/images/w_1200,h_1200,c_pad,f_auto,fl_lossy,q_auto/v1629491217/p/124288651/gold-ceramic-jack-decor-7.jpg",https://www.athome.com//gold-ceramic-jack-decor-7/124288651.html
"Whitewashed Elephant Figurine, 7""","https://static.athome.com/images/w_1200,h_1200,c_pad,f_auto,fl_lossy,q_auto/v1629484930/p/124314075/whitewashed-elephant-figurine-7.jpg",https://www.athome.com//whitewashed-elephant-figurine-7/124314075.html
"Honeybloom House Tabletop Decor, 7""","https://static.athome.com/images/w_1200,h_1200,c_pad,f_auto,fl_lossy,q_auto/v1685795817/p/124379530/honeybloom-house-tabletop-decor-7.jpg",https://www.athome.com//honeybloom-house-tabletop-decor-7/124379530.html
"Found & Fable Matte White Buddha Figurine, 17""","https://static.athome.com/images/w_1200,h_1200,c_pad,f_auto,fl_lossy,q_auto/v1689477703/p/124381355/found-fable-matte-white-buddha-figurine-17.jpg",https://www.athome.com//found-fable-matte-white-buddha-figurine-17/124381355.html
"Crosby St. Black Abstract Decor, 7x6","https://static.athome.com/images/w_1200,h_1200,c_pad,f_auto,fl_lossy,q_auto/v1674135630/p/124379081/crosby-st.-black-abstract-decor-7x6.jpg",https://www.athome.com//crosby-st.-black-abstract-decor-7x6/124379081.html
"Black Metal Loop Figurine, 12""","https://static.athome.com/images/w_1200,h_1200,c_pad,f_auto,fl_lossy,q_auto/v1629484984/p/124327838/black-metal-loop-figurine-12.jpg",https://www.athome.com//black-metal-loop-figurine-12/124327838.html
"Found & Fable White Origami Design Figurine, 10""","https://static.athome.com/images/w_1200,h_1200,c_pad,f_auto,fl_lossy,q_auto/v1666700385/p/124372977/found-fable-white-origami-design-figurine-10.jpg",https://www.athome.com//found-fable-white-origami-design-figurine-10/124372977.html
"Tracey Boyd Ceramic Capiz Scalloped Sphere, 5""","https://static.athome.com/images/w_1200,h_1200,c_pad,f_auto,fl_lossy,q_auto/v1653481218/p/124362146/tracey-boyd-ceramic-capiz-scalloped-sphere-5.jpg",https://www.athome.com//tracey-boyd-ceramic-capiz-scalloped-sphere-5/124362146.html
"Wood & Marble Geometric Figurine, 6x5","https://static.athome.com/images/w_1200,h_1200,c_pad,f_auto,fl_lossy,q_auto/v1705163321/p/124394775/wood-marble-geometric-figurine-6x5.jpg",https://www.athome.com//wood-marble-geometric-figurine-6x5/124394775.html
"White Star Fish, 8""","https://static.athome.com/images/w_1200,h_1200,c_pad,f_auto,fl_lossy,q_auto/v1629487687/p/124325632/white-star-fish-8.jpg",https://www.athome.com//white-star-fish-8/124325632.html
"Tracey Boyd Clear Glass Bear Figurine, 4""","https://static.athome.com/images/w_1200,h_1200,c_pad,f_auto,fl_lossy,q_auto/v1689477692/p/124381333/tracey-boyd-clear-glass-bear-figurine-4.jpg",https://www.athome.com//tracey-boyd-clear-glass-bear-figurine-4/124381333.html
"Crosby St. Tan Travertine Chain Link Decor, 14""","https://static.athome.com/images/w_1200,h_1200,c_pad,f_auto,fl_lossy,q_auto/v1719933880/p/124399855/crosby-st.-tan-travertine-chain-link-decor-14.jpg",https://www.athome.com//crosby-st.-tan-travertine-chain-link-decor-14/124399855.html
"Providence Gold Circular Metal Leaves Decor, 16""","https://static.athome.com/images/w_1200,h_1200,c_pad,f_auto,fl_lossy,q_auto/v1689683887/p/124383165/providence-gold-circular-metal-leaves-decor-16.jpg",https://www.athome.com//providence-gold-circular-metal-leaves-decor-16/124383165.html
White Starfish,"https://static.athome.com/images/w_1200,h_1200,c_pad,f_auto,fl_lossy,q_auto/v1629486308/p/124325633/white-starfish.jpg",https://www.athome.com//white-starfish/124325633.html
"Metal Giraffe Figurine, 7.5x15","https://static.athome.com/images/w_1200,h_1200,c_pad,f_auto,fl_lossy,q_auto/v1704894799/p/124394809/metal-giraffe-figurine-7.5x15.jpg",https://www.athome.com//metal-giraffe-figurine-7.5x15/124394809.html
"Sukhasana Female Yoga Figurine, 11""","https://static.athome.com/images/w_1200,h_1200,c_pad,f_auto,fl_lossy,q_auto/v1720270492/p/124405007/sukhasana-female-yoga-figurine-11.jpg",https://www.athome.com//sukhasana-female-yoga-figurine-11/124405007.html
"Tracey Boyd Black Abstract Ceramic Figurine, 9""","https://static.athome.com/images/w_1200,h_1200,c_pad,f_auto,fl_lossy,q_auto/v1680007588/p/124373167/tracey-boyd-black-abstract-ceramic-figurine-9.jpg",https://www.athome.com//tracey-boyd-black-abstract-ceramic-figurine-9/124373167.html
"Honeybloom Metallic Hummingbird Figurine, 10.5""","https://static.athome.com/images/w_1200,h_1200,c_pad,f_auto,fl_lossy,q_auto/v1663072011/p/124366472/honeybloom-metallic-hummingbird-figurine-10.5.jpg",https://www.athome.com//honeybloom-metallic-hummingbird-figurine-10.5/124366472.html
"White Wood Dice, 4""","https://static.athome.com/images/w_1200,h_1200,c_pad,f_auto,fl_lossy,q_auto/v1705774673/p/124394793/white-wood-dice-4.jpg",https://www.athome.com//white-wood-dice-4/124394793.html
"Crosby St. Wooden Sphere Decor, 6.25""","https://static.athome.com/images/w_1200,h_1200,c_pad,f_auto,fl_lossy,q_auto/v1683636205/p/124377474/crosby-st.-wooden-sphere-decor-6.25.jpg",https://www.athome.com//crosby-st.-wooden-sphere-decor-6.25/124377474.html
"Honeybloom Wicker-Look Sphere, 5.3""","https://static.athome.com/images/w_1200,h_1200,c_pad,f_auto,fl_lossy,q_auto/v1661954515/p/124367472/honeybloom-wicker-look-sphere-5.3.jpg",https://www.athome.com//honeybloom-wicker-look-sphere-5.3/124367472.html
"Honeybloom Wooden Sphere & Rope Decor, 13.5""","https://static.athome.com/images/w_1200,h_1200,c_pad,f_auto,fl_lossy,q_auto/v1629489476/p/124329100/honeybloom-wooden-sphere-rope-decor-13.5.jpg",https://www.athome.com//honeybloom-wooden-sphere-rope-decor-13.5/124329100.html
"Wood & Marble Figurine, 4x5","https://static.athome.com/images/w_1200,h_1200,c_pad,f_auto,fl_lossy,q_auto/v1705163322/p/124394802/wood-marble-figurine-4x5.jpg",https://www.athome.com//wood-marble-figurine-4x5/124394802.html
"Tracey Boy Aqua Bubble Glass Bird, 6""","https://static.athome.com/images/w_1200,h_1200,c_pad,f_auto,fl_lossy,q_auto/v1689477700/p/124381343/tracey-boy-aqua-bubble-glass-bird-6.jpg",https://www.athome.com//tracey-boy-aqua-bubble-glass-bird-6/124381343.html
"Crosby St. White Metal Decor, 8""","https://static.athome.com/images/w_1200,h_1200,c_pad,f_auto,fl_lossy,q_auto/v1675863381/p/124379546/crosby-st.-white-metal-decor-8.jpg",https://www.athome.com//crosby-st.-white-metal-decor-8/124379546.html
"Black Metal Globe, 10.5""","https://static.athome.com/images/w_1200,h_1200,c_pad,f_auto,fl_lossy,q_auto/v1629487568/p/124268976/black-metal-globe-10.5.jpg",https://www.athome.com//black-metal-globe-10.5/124268976.html
"Crosby St. White Ceramic Decor, 2.8""","https://static.athome.com/images/w_1200,h_1200,c_pad,f_auto,fl_lossy,q_auto/v1643983370/p/124358662/crosby-st.-white-ceramic-decor-2.8.jpg",https://www.athome.com//crosby-st.-white-ceramic-decor-2.8/124358662.html
"Black Wood-Look Geo Decor, 6""","https://static.athome.com/images/w_1200,h_1200,c_pad,f_auto,fl_lossy,q_auto/v1629487221/p/124287864/black-wood-look-geo-decor-6.jpg",https://www.athome.com//black-wood-look-geo-decor-6/124287864.html
"Honeybloom Gold Metal Beehive Figurine, 4.8""","https://static.athome.com/images/w_1200,h_1200,c_pad,f_auto,fl_lossy,q_auto/v1664281429/p/124366426/honeybloom-gold-metal-beehive-figurine-4.8.jpg",https://www.athome.com//honeybloom-gold-metal-beehive-figurine-4.8/124366426.html
"Ty Pennington Blue Ceramic Fish, 8.4""","https://static.athome.com/images/w_1200,h_1200,c_pad,f_auto,fl_lossy,q_auto/v1666355606/p/124373041/ty-pennington-blue-ceramic-fish-8.4.jpg",https://www.athome.com//ty-pennington-blue-ceramic-fish-8.4/124373041.html
"White Fox Figurine, 6""","https://static.athome.com/images/w_1200,h_1200,c_pad,f_auto,fl_lossy,q_auto/v1629484238/p/124283647/white-fox-figurine-6.jpg",https://www.athome.com//white-fox-figurine-6/124283647.html
"3 Ring Black Metal Sphere, 5.5""","https://static.athome.com/images/w_1200,h_1200,c_pad,f_auto,fl_lossy,q_auto/v1629492930/p/124192944/3-ring-black-metal-sphere-5.5.jpg",https://www.athome.com//3-ring-black-metal-sphere-5.5/124192944.html
"White Ceramic French Bulldog Sitting on Book, 8.5""","https://static.athome.com/images/w_1200,h_1200,c_pad,f_auto,fl_lossy,q_auto/v1723304499/p/124404866/white-ceramic-french-bulldog-sitting-on-book-8.5.jpg",https://www.athome.com//white-ceramic-french-bulldog-sitting-on-book-8.5/124404866.html
"Black Metal Sphere, 6""","https://static.athome.com/images/w_1200,h_1200,c_pad,f_auto,fl_lossy,q_auto/v1629491508/p/124305584/black-metal-sphere-6.jpg",https://www.athome.com//black-metal-sphere-6/124305584.html
"Tracey Boyd White Tribal Charger On Stand, 11""","https://static.athome.com/images/w_1200,h_1200,c_pad,f_auto,fl_lossy,q_auto/v1701977644/p/124390582/tracey-boyd-white-tribal-charger-on-stand-11.jpg",https://www.athome.com//tracey-boyd-white-tribal-charger-on-stand-11/124390582.html
"Ty Pennington Blue Ceramic Conch Figurine, 6""","https://static.athome.com/images/w_1200,h_1200,c_pad,f_auto,fl_lossy,q_auto/v1668272642/p/124372928/ty-pennington-blue-ceramic-conch-figurine-6.jpg",https://www.athome.com//ty-pennington-blue-ceramic-conch-figurine-6/124372928.html
"Ty Pennington Wooden Fish on Pedestal, 9.8""","https://static.athome.com/images/w_1200,h_1200,c_pad,f_auto,fl_lossy,q_auto/v1693486416/p/124390522/ty-pennington-wooden-fish-on-pedestal-9.8.jpg",https://www.athome.com//ty-pennington-wooden-fish-on-pedestal-9.8/124390522.html
"White Ceramic Tortoise, 5""","https://static.athome.com/images/w_1200,h_1200,c_pad,f_auto,fl_lossy,q_auto/v1723304511/p/124404870/white-ceramic-tortoise-5.jpg",https://www.athome.com//white-ceramic-tortoise-5/124404870.html
"9 Minute Purple Hourglass, 7.5""","https://static.athome.com/images/w_1200,h_1200,c_pad,f_auto,fl_lossy,q_auto/v1715467455/p/124398546/9-minute-purple-hourglass-7.5.jpg",https://www.athome.com//9-minute-purple-hourglass-7.5/124398546.html
"Providence White Porcelain Flower, 4x2","https://static.athome.com/images/w_1200,h_1200,c_pad,f_auto,fl_lossy,q_auto/v1705774205/p/124381322/providence-white-porcelain-flower-4x2.jpg",https://www.athome.com//providence-white-porcelain-flower-4x2/124381322.html
"Sleeping Head Figurine, 10""","https://static.athome.com/images/w_1200,h_1200,c_pad,f_auto,fl_lossy,q_auto/v1691239495/p/124393104/sleeping-head-figurine-10.jpg",https://www.athome.com//sleeping-head-figurine-10/124393104.html
"Blue & White Chinoiserie Ceramic Owl, 5""","https://static.athome.com/images/w_1200,h_1200,c_pad,f_auto,fl_lossy,q_auto/v1720270433/p/124404876/blue-white-chinoiserie-ceramic-owl-5.jpg",https://www.athome.com//blue-white-chinoiserie-ceramic-owl-5/124404876.html
"Honeybloom Wood & Metal Mushroom, 8""","https://static.athome.com/images/w_1200,h_1200,c_pad,f_auto,fl_lossy,q_auto/v1719933888/p/124399964/honeybloom-wood-metal-mushroom-8.jpg",https://www.athome.com//honeybloom-wood-metal-mushroom-8/124399964.html
"Tracey Boyd Brown Resin Figurine, 13.7""","https://static.athome.com/images/w_1200,h_1200,c_pad,f_auto,fl_lossy,q_auto/v1663072045/p/124366942/tracey-boyd-brown-resin-figurine-13.7.jpg",https://www.athome.com//tracey-boyd-brown-resin-figurine-13.7/124366942.html
"Ty Pennington White Seagrass Modern Orb, 5""","https://static.athome.com/images/w_1200,h_1200,c_pad,f_auto,fl_lossy,q_auto/v1714230234/p/124390510/ty-pennington-white-seagrass-modern-orb-5.jpg",https://www.athome.com//ty-pennington-white-seagrass-modern-orb-5/124390510.html
"Tracey Boyd Ceramic Capiz Scallop Sphere, 6""","https://static.athome.com/images/w_1200,h_1200,c_pad,f_auto,fl_lossy,q_auto/v1653481219/p/124362147/tracey-boyd-ceramic-capiz-scallop-sphere-6.jpg",https://www.athome.com//tracey-boyd-ceramic-capiz-scallop-sphere-6/124362147.html
"Metal Wire Dog Figurine, 10.5""","https://static.athome.com/images/w_1200,h_1200,c_pad,f_auto,fl_lossy,q_auto/v1687524431/p/124381418/metal-wire-dog-figurine-10.5.jpg",https://www.athome.com//metal-wire-dog-figurine-10.5/124381418.html
"Gold Fox Figurine, 3""","https://static.athome.com/images/w_1200,h_1200,c_pad,f_auto,fl_lossy,q_auto/v1629490676/p/124312941/gold-fox-figurine-3.jpg",https://www.athome.com//gold-fox-figurine-3/124312941.html
"Tan & Black Metal Medallion Figurine, 11.2""","https://static.athome.com/images/w_1200,h_1200,c_pad,f_auto,fl_lossy,q_auto/v1653394969/p/124358678/tan-black-metal-medallion-figurine-11.2.jpg",https://www.athome.com//tan-black-metal-medallion-figurine-11.2/124358678.html
"Honeybloom White Ceramic Bee, 3.7""","https://static.athome.com/images/w_1200,h_1200,c_pad,f_auto,fl_lossy,q_auto/v1705586694/p/124366473/honeybloom-white-ceramic-bee-3.7.jpg",https://www.athome.com//honeybloom-white-ceramic-bee-3.7/124366473.html
"Baby Owl Figurine, 6.5""","https://static.athome.com/images/w_1200,h_1200,c_pad,f_auto,fl_lossy,q_auto/v1702576763/p/124301477/baby-owl-figurine-6.5.jpg",https://www.athome.com//baby-owl-figurine-6.5/124301477.html
"Gold Metal Wire Pineapple Figurine, 11.5""","https://static.athome.com/images/w_1200,h_1200,c_pad,f_auto,fl_lossy,q_auto/v1629485868/p/124290194/gold-metal-wire-pineapple-figurine-11.5.jpg",https://www.athome.com//gold-metal-wire-pineapple-figurine-11.5/124290194.html
"Horse Head Decor, 7""","https://static.athome.com/images/w_1200,h_1200,c_pad,f_auto,fl_lossy,q_auto/v1674135624/p/124379068/horse-head-decor-7.jpg",https://www.athome.com//horse-head-decor-7/124379068.html
"Round Jute Globe with Gold Base, 9.7""","https://static.athome.com/images/w_1200,h_1200,c_pad,f_auto,fl_lossy,q_auto/v1692968508/p/124390559/round-jute-globe-with-gold-base-9.7.jpg",https://www.athome.com//round-jute-globe-with-gold-base-9.7/124390559.html
"Aluminum Rings Figurine, 10.5""","https://static.athome.com/images/w_1200,h_1200,c_pad,f_auto,fl_lossy,q_auto/v1709301869/p/124394789/aluminum-rings-figurine-10.5.jpg",https://www.athome.com//aluminum-rings-figurine-10.5/124394789.html
"Silver Ceramic Elephant, 6""","https://static.athome.com/images/w_1200,h_1200,c_pad,f_auto,fl_lossy,q_auto/v1725075056/p/124293747/silver-ceramic-elephant-6.jpg",https://www.athome.com//silver-ceramic-elephant-6/124293747.html
"Found & Fable Gold Buddha Head Figurine, 13""","https://static.athome.com/images/w_1200,h_1200,c_pad,f_auto,fl_lossy,q_auto/v1710432099/p/124391126/found-fable-gold-buddha-head-figurine-13.jpg",https://www.athome.com//found-fable-gold-buddha-head-figurine-13/124391126.html
"Silver Porcelain Heart Figurine, 8""","https://static.athome.com/images/w_1200,h_1200,c_pad,f_auto,fl_lossy,q_auto/v1705774377/p/124389121/silver-porcelain-heart-figurine-8.jpg",https://www.athome.com//silver-porcelain-heart-figurine-8/124389121.html
"Gold Wire Decorative Sphere, 4.7""","https://static.athome.com/images/w_1200,h_1200,c_pad,f_auto,fl_lossy,q_auto/v1629492323/p/124305562/gold-wire-decorative-sphere-4.7.jpg",https://www.athome.com//gold-wire-decorative-sphere-4.7/124305562.html
"Providence Flower Branch Decor, 8""","https://static.athome.com/images/w_1200,h_1200,c_pad,f_auto,fl_lossy,q_auto/v1676122745/p/124379053/providence-flower-branch-decor-8.jpg",https://www.athome.com//providence-flower-branch-decor-8/124379053.html
"Brown Jute Orb, 6""","https://static.athome.com/images/w_1200,h_1200,c_pad,f_auto,fl_lossy,q_auto/v1629491636/p/124289796/brown-jute-orb-6.jpg",https://www.athome.com//brown-jute-orb-6/124289796.html
"Matte Black & Gold Cello Player, 14.5""","https://static.athome.com/images/w_1200,h_1200,c_pad,f_auto,fl_lossy,q_auto/v1629489262/p/124311890/matte-black-gold-cello-player-14.5.jpg",https://www.athome.com//matte-black-gold-cello-player-14.5/124311890.html
"Providence Pomegranate Table Top Decor, 5""","https://static.athome.com/images/w_1200,h_1200,c_pad,f_auto,fl_lossy,q_auto/v1719933872/p/124399756/providence-pomegranate-table-top-decor-5.jpg",https://www.athome.com//providence-pomegranate-table-top-decor-5/124399756.html
"Honeybloom House Tabletop Decor, 6""","https://static.athome.com/images/w_1200,h_1200,c_pad,f_auto,fl_lossy,q_auto/v1685795819/p/124379531/honeybloom-house-tabletop-decor-6.jpg",https://www.athome.com//honeybloom-house-tabletop-decor-6/124379531.html
"Ty Pennington Driftwood Decor, 6""","https://static.athome.com/images/w_1200,h_1200,c_pad,f_auto,fl_lossy,q_auto/v1709301541/p/124390484/ty-pennington-driftwood-decor-6.jpg",https://www.athome.com//ty-pennington-driftwood-decor-6/124390484.html
"Providence White Ceramic Bird on Ball Decor, 8""","https://static.athome.com/images/w_1200,h_1200,c_pad,f_auto,fl_lossy,q_auto/v1683723055/p/124381010/providence-white-ceramic-bird-on-ball-decor-8.jpg",https://www.athome.com//providence-white-ceramic-bird-on-ball-decor-8/124381010.html
"Ty Pennington White Highland Cow Figurine, 6.3""","https://static.athome.com/images/w_1200,h_1200,c_pad,f_auto,fl_lossy,q_auto/v1661954168/p/124362123/ty-pennington-white-highland-cow-figurine-6.3.jpg",https://www.athome.com//ty-pennington-white-highland-cow-figurine-6.3/124362123.html
"Iridescent Clear Glass Hourglass, 8.8""","https://static.athome.com/images/w_1200,h_1200,c_pad,f_auto,fl_lossy,q_auto/v1704894797/p/124394778/iridescent-clear-glass-hourglass-8.8.jpg",https://www.athome.com//iridescent-clear-glass-hourglass-8.8/124394778.html
"Found & Fable Gold Cube Deco Sculpture, 7""","https://static.athome.com/images/w_1200,h_1200,c_pad,f_auto,fl_lossy,q_auto/v1692968960/p/124394772/found-fable-gold-cube-deco-sculpture-7.jpg",https://www.athome.com//found-fable-gold-cube-deco-sculpture-7/124394772.html
"White Ceramic Frenchie Dog Figurine, 8.5""","https://static.athome.com/images/w_1200,h_1200,c_pad,f_auto,fl_lossy,q_auto/v1629488922/p/124288682/white-ceramic-frenchie-dog-figurine-8.5.jpg",https://www.athome.com//white-ceramic-frenchie-dog-figurine-8.5/124288682.html
"Found & Fable Grass Medallion on Stand, 21""","https://static.athome.com/images/w_1200,h_1200,c_pad,f_auto,fl_lossy,q_auto/v1683636368/p/124378911/found-fable-grass-medallion-on-stand-21.jpg",https://www.athome.com//found-fable-grass-medallion-on-stand-21/124378911.html
"Crosby St. Gold Rectangle Deco Sculpture, 8""","https://static.athome.com/images/w_1200,h_1200,c_pad,f_auto,fl_lossy,q_auto/v1692968962/p/124394774/crosby-st.-gold-rectangle-deco-sculpture-8.jpg",https://www.athome.com//crosby-st.-gold-rectangle-deco-sculpture-8/124394774.html
"Tracey Boyd Clear Bubble Glass Bird, 4""","https://static.athome.com/images/w_1200,h_1200,c_pad,f_auto,fl_lossy,q_auto/v1689477699/p/124381342/tracey-boyd-clear-bubble-glass-bird-4.jpg",https://www.athome.com//tracey-boyd-clear-bubble-glass-bird-4/124381342.html
"Providence Black & White Greek Key Table Decor, 4""","https://static.athome.com/images/w_1200,h_1200,c_pad,f_auto,fl_lossy,q_auto/v1657282921/p/124366972/providence-black-white-greek-key-table-decor-4.jpg",https://www.athome.com//providence-black-white-greek-key-table-decor-4/124366972.html
"Found & Fable Aluminum 5-Link Chain Decor, 13x4","https://static.athome.com/images/w_1200,h_1200,c_pad,f_auto,fl_lossy,q_auto/v1710608333/p/124394790/found-fable-aluminum-5-link-chain-decor-13x4.jpg",https://www.athome.com//found-fable-aluminum-5-link-chain-decor-13x4/124394790.html
"Silver Cat Figurine, 7""","https://static.athome.com/images/w_1200,h_1200,c_pad,f_auto,fl_lossy,q_auto/v1629493304/p/124293281/silver-cat-figurine-7.jpg",https://www.athome.com//silver-cat-figurine-7/124293281.html
"White Ceramic Camera, 4""","https://static.athome.com/images/w_1200,h_1200,c_pad,f_auto,fl_lossy,q_auto/v1725075052/p/124288667/white-ceramic-camera-4.jpg",https://www.athome.com//white-ceramic-camera-4/124288667.html
"Found & Fable Silver Metal Pointed Star Figurine, 5.5""","https://static.athome.com/images/w_1200,h_1200,c_pad,f_auto,fl_lossy,q_auto/v1629491790/p/124340295/found-fable-silver-metal-pointed-star-figurine-5.5.jpg",https://www.athome.com//found-fable-silver-metal-pointed-star-figurine-5.5/124340295.html
"Ty Pennington Driftwood Decor, 4.5""","https://static.athome.com/images/w_1200,h_1200,c_pad,f_auto,fl_lossy,q_auto/v1709301539/p/124390483/ty-pennington-driftwood-decor-4.5.jpg",https://www.athome.com//ty-pennington-driftwood-decor-4.5/124390483.html
"Black Block Spike Figurine, 3.5""","https://static.athome.com/images/w_1200,h_1200,c_pad,f_auto,fl_lossy,q_auto/v1694004849/p/124394782/black-block-spike-figurine-3.5.jpg",https://www.athome.com//black-block-spike-figurine-3.5/124394782.html
"Crosby St. Gold Jack Figurine, 9""","https://static.athome.com/images/w_1200,h_1200,c_pad,f_auto,fl_lossy,q_auto/v1692968961/p/124394773/crosby-st.-gold-jack-figurine-9.jpg",https://www.athome.com//crosby-st.-gold-jack-figurine-9/124394773.html
30Min 12In Triangle Glass Sandtimer,"https://static.athome.com/images/w_1200,h_1200,c_pad,f_auto,fl_lossy,q_auto/v1715173629/p/124405001/30min-12in-triangle-glass-sandtimer.jpg",https://www.athome.com//30min-12in-triangle-glass-sandtimer/124405001.html
"Honeybloom Black Metal Arrow Globe, 12""","https://static.athome.com/images/w_1200,h_1200,c_pad,f_auto,fl_lossy,q_auto/v1697633430/p/124394783/honeybloom-black-metal-arrow-globe-12.jpg",https://www.athome.com//honeybloom-black-metal-arrow-globe-12/124394783.html
"Crosby St. Black Round Arch Figurine, 9.5""","https://static.athome.com/images/w_1200,h_1200,c_pad,f_auto,fl_lossy,q_auto/v1690548563/p/124389174/crosby-st.-black-round-arch-figurine-9.5.jpg",https://www.athome.com//crosby-st.-black-round-arch-figurine-9.5/124389174.html
"Tracey Boyd Green Carved Bird Figurine, 3""","https://static.athome.com/images/w_1200,h_1200,c_pad,f_auto,fl_lossy,q_auto/v1648902041/p/124362152/tracey-boyd-green-carved-bird-figurine-3.jpg",https://www.athome.com//tracey-boyd-green-carved-bird-figurine-3/124362152.html
Crosby St. Marble Table Decor,"https://static.athome.com/images/w_1200,h_1200,c_pad,f_auto,fl_lossy,q_auto/v1713539787/p/124399802/crosby-st.-marble-table-decor.jpg",https://www.athome.com//crosby-st.-marble-table-decor/124399802.html
"Brown Wood-Look Elephant, 4""","https://static.athome.com/images/w_1200,h_1200,c_pad,f_auto,fl_lossy,q_auto/v1629484806/p/124217194/brown-wood-look-elephant-4.jpg",https://www.athome.com//brown-wood-look-elephant-4/124217194.html
"Sun Carved Medallion Decor, 30""","https://static.athome.com/images/w_1200,h_1200,c_pad,f_auto,fl_lossy,q_auto/v1724849960/p/124349494/sun-carved-medallion-decor-30.jpg",https://www.athome.com//sun-carved-medallion-decor-30/124349494.html
"Tracey Boyd Iron Figurine, 15""","https://static.athome.com/images/w_1200,h_1200,c_pad,f_auto,fl_lossy,q_auto/v1665146108/p/124372908/tracey-boyd-iron-figurine-15.jpg",https://www.athome.com//tracey-boyd-iron-figurine-15/124372908.html
"Crosby St. White Twisted Sculpture, 8.5""","https://static.athome.com/images/w_1200,h_1200,c_pad,f_auto,fl_lossy,q_auto/v1689943446/p/124389193/crosby-st.-white-twisted-sculpture-8.5.jpg",https://www.athome.com//crosby-st.-white-twisted-sculpture-8.5/124389193.html
"Gold Spinning Arrow Globe, 9""","https://static.athome.com/images/w_1200,h_1200,c_pad,f_auto,fl_lossy,q_auto/v1700144502/p/124394788/gold-spinning-arrow-globe-9.jpg",https://www.athome.com//gold-spinning-arrow-globe-9/124394788.html
"White Porcelain Fox, 2x3","https://static.athome.com/images/w_1200,h_1200,c_pad,f_auto,fl_lossy,q_auto/v1705774696/p/124394797/white-porcelain-fox-2x3.jpg",https://www.athome.com//white-porcelain-fox-2x3/124394797.html
"Honeybloom Felt Wood Mushroom Figurine, 6.5""","https://static.athome.com/images/w_1200,h_1200,c_pad,f_auto,fl_lossy,q_auto/v1714230499/p/124399928/honeybloom-felt-wood-mushroom-figurine-6.5.jpg",https://www.athome.com//honeybloom-felt-wood-mushroom-figurine-6.5/124399928.html
"Silver Interlocking People Decor, 13.2""","https://static.athome.com/images/w_1200,h_1200,c_pad,f_auto,fl_lossy,q_auto/v1701977769/p/124394359/silver-interlocking-people-decor-13.2.jpg",https://www.athome.com//silver-interlocking-people-decor-13.2/124394359.html
"Ty Pennington Blue Ceramic Starfish Figurine, 4.5""","https://static.athome.com/images/w_1200,h_1200,c_pad,f_auto,fl_lossy,q_auto/v1668086879/p/124373042/ty-pennington-blue-ceramic-starfish-figurine-4.5.jpg",https://www.athome.com//ty-pennington-blue-ceramic-starfish-figurine-4.5/124373042.html
"White Ceramic Bird, 6""","https://static.athome.com/images/w_1200,h_1200,c_pad,f_auto,fl_lossy,q_auto/v1629489064/p/124296435/white-ceramic-bird-6.jpg",https://www.athome.com//white-ceramic-bird-6/124296435.html
"White Elephant Figurine, 6""","https://static.athome.com/images/w_1200,h_1200,c_pad,f_auto,fl_lossy,q_auto/v1674135623/p/124379067/white-elephant-figurine-6.jpg",https://www.athome.com//white-elephant-figurine-6/124379067.html
"Providence White Egret Figurine, 6x12","https://static.athome.com/images/w_1200,h_1200,c_pad,f_auto,fl_lossy,q_auto/v1689943432/p/124389090/providence-white-egret-figurine-6x12.jpg",https://www.athome.com//providence-white-egret-figurine-6x12/124389090.html
"Found & Fable Tiger Figurine, 16""","https://static.athome.com/images/w_1200,h_1200,c_pad,f_auto,fl_lossy,q_auto/v1675517763/p/124377500/found-fable-tiger-figurine-16.jpg",https://www.athome.com//found-fable-tiger-figurine-16/124377500.html
"Gold Wire Globe Decor, 13""","https://static.athome.com/images/w_1200,h_1200,c_pad,f_auto,fl_lossy,q_auto/v1629488154/p/124288894/gold-wire-globe-decor-13.jpg",https://www.athome.com//gold-wire-globe-decor-13/124288894.html
"Honeybloom Ivory Ceramic Sheep Figurine, 7""","https://static.athome.com/images/w_1200,h_1200,c_pad,f_auto,fl_lossy,q_auto/v1719933886/p/124399962/honeybloom-ivory-ceramic-sheep-figurine-7.jpg",https://www.athome.com//honeybloom-ivory-ceramic-sheep-figurine-7/124399962.html
"Black Metal Globe Decor, 11""","https://static.athome.com/images/w_1200,h_1200,c_pad,f_auto,fl_lossy,q_auto/v1629492777/p/124305051/black-metal-globe-decor-11.jpg",https://www.athome.com//black-metal-globe-decor-11/124305051.html
"Tracey Boyd Zebra Figurine, 4.3""","https://static.athome.com/images/w_1200,h_1200,c_pad,f_auto,fl_lossy,q_auto/v1714230253/p/124390574/tracey-boyd-zebra-figurine-4.3.jpg",https://www.athome.com//tracey-boyd-zebra-figurine-4.3/124390574.html
"Gold Leaf Pedestal Decor, 11""","https://static.athome.com/images/w_1200,h_1200,c_pad,f_auto,fl_lossy,q_auto/v1704559536/p/124391131/gold-leaf-pedestal-decor-11.jpg",https://www.athome.com//gold-leaf-pedestal-decor-11/124391131.html
"White Ceramic Elephant, 6x7.8","https://static.athome.com/images/w_1200,h_1200,c_pad,f_auto,fl_lossy,q_auto/v1704894796/p/124394777/white-ceramic-elephant-6x7.8.jpg",https://www.athome.com//white-ceramic-elephant-6x7.8/124394777.html
"White Wooden Tic-Tac-Toe Decor, 9""","https://static.athome.com/images/w_1200,h_1200,c_pad,f_auto,fl_lossy,q_auto/v1664973033/p/124345254/white-wooden-tic-tac-toe-decor-9.jpg",https://www.athome.com//white-wooden-tic-tac-toe-decor-9/124345254.html
"Black & Natural Wooden Bead Garland, 32""","https://static.athome.com/images/w_1200,h_1200,c_pad,f_auto,fl_lossy,q_auto/v1709301455/p/124389187/black-natural-wooden-bead-garland-32.jpg",https://www.athome.com//black-natural-wooden-bead-garland-32/124389187.html
"Crosby St. Black Metal Circle Decor, 16""","https://static.athome.com/images/w_1200,h_1200,c_pad,f_auto,fl_lossy,q_auto/v1674048904/p/124376864/crosby-st.-black-metal-circle-decor-16.jpg",https://www.athome.com//crosby-st.-black-metal-circle-decor-16/124376864.html
"Matte Black Yoga Pose Sculpture, 14""","https://static.athome.com/images/w_1200,h_1200,c_pad,f_auto,fl_lossy,q_auto/v1733232046/p/124188703/matte-black-yoga-pose-sculpture-14.jpg",https://www.athome.com//matte-black-yoga-pose-sculpture-14/124188703.html
"Brown Wood Revolving Tic Tac Toe, 10""","https://static.athome.com/images/w_1200,h_1200,c_pad,f_auto,fl_lossy,q_auto/v1720710030/p/124407057/brown-wood-revolving-tic-tac-toe-10.jpg",https://www.athome.com//brown-wood-revolving-tic-tac-toe-10/124407057.html
"Providence White Bookstack Table Decor, 8""","https://static.athome.com/images/w_1200,h_1200,c_pad,f_auto,fl_lossy,q_auto/v1675431421/p/124376780/providence-white-bookstack-table-decor-8.jpg",https://www.athome.com//providence-white-bookstack-table-decor-8/124376780.html
"Ty Pennington Metal Table Decor, 9.2""","https://static.athome.com/images/w_1200,h_1200,c_pad,f_auto,fl_lossy,q_auto/v1688733548/p/124376775/ty-pennington-metal-table-decor-9.2.jpg",https://www.athome.com//ty-pennington-metal-table-decor-9.2/124376775.html
"Providence Casted Leaf Pedestal, 11""","https://static.athome.com/images/w_1200,h_1200,c_pad,f_auto,fl_lossy,q_auto/v1686055764/p/124381437/providence-casted-leaf-pedestal-11.jpg",https://www.athome.com//providence-casted-leaf-pedestal-11/124381437.html
"Music Note Figurine, 14""","https://static.athome.com/images/w_1200,h_1200,c_pad,f_auto,fl_lossy,q_auto/v1673703523/p/124366954/music-note-figurine-14.jpg",https://www.athome.com//music-note-figurine-14/124366954.html
"Providence Gold Metal Leaves Decor, 16""","https://static.athome.com/images/w_1200,h_1200,c_pad,f_auto,fl_lossy,q_auto/v1689477790/p/124383164/providence-gold-metal-leaves-decor-16.jpg",https://www.athome.com//providence-gold-metal-leaves-decor-16/124383164.html
"Honeybloom Silver Whale Figurine, 7.5""","https://static.athome.com/images/w_1200,h_1200,c_pad,f_auto,fl_lossy,q_auto/v1729859207/p/125000836/honeybloom-silver-whale-figurine-7.5.jpg",https://www.athome.com//honeybloom-silver-whale-figurine-7.5/125000836.html
"Crosby St. Double Square Gold Pedestal, 13""","https://static.athome.com/images/w_1200,h_1200,c_pad,f_auto,fl_lossy,q_auto/v1685709821/p/124378979/crosby-st.-double-square-gold-pedestal-13.jpg",https://www.athome.com//crosby-st.-double-square-gold-pedestal-13/124378979.html
"Honeybloom Gold Twin Swallows Figurine, 8""","https://static.athome.com/images/w_1200,h_1200,c_pad,f_auto,fl_lossy,q_auto/v1691239446/p/124391976/honeybloom-gold-twin-swallows-figurine-8.jpg",https://www.athome.com//honeybloom-gold-twin-swallows-figurine-8/124391976.html
"Crosby St. Black Knot Figurine, 4""","https://static.athome.com/images/w_1200,h_1200,c_pad,f_auto,fl_lossy,q_auto/v1674308389/p/124377484/crosby-st.-black-knot-figurine-4.jpg",https://www.athome.com//crosby-st.-black-knot-figurine-4/124377484.html
"Providence Swan Metal Table Decor, 5""","https://static.athome.com/images/w_1200,h_1200,c_pad,f_auto,fl_lossy,q_auto/v1707401018/p/124399865/providence-swan-metal-table-decor-5.jpg",https://www.athome.com//providence-swan-metal-table-decor-5/124399865.html
"Honeybloom Hedgehog Figurine, 3""","https://static.athome.com/images/w_1200,h_1200,c_pad,f_auto,fl_lossy,q_auto/v1629487336/p/124296450/honeybloom-hedgehog-figurine-3.jpg",https://www.athome.com//honeybloom-hedgehog-figurine-3/124296450.html
"Woman Holding Child Figurine, 12.5""","https://static.athome.com/images/w_1200,h_1200,c_pad,f_auto,fl_lossy,q_auto/v1701977788/p/124394403/woman-holding-child-figurine-12.5.jpg",https://www.athome.com//woman-holding-child-figurine-12.5/124394403.html
"Wicker Seahorse, 23.5""","https://static.athome.com/images/w_1200,h_1200,c_pad,f_auto,fl_lossy,q_auto/v1629492383/p/124294593/wicker-seahorse-23.5.jpg",https://www.athome.com//wicker-seahorse-23.5/124294593.html
"Metallic Monkey Decor, 4""","https://static.athome.com/images/w_1200,h_1200,c_pad,f_auto,fl_lossy,q_auto/v1639576118/p/124348579/metallic-monkey-decor-4.jpg",https://www.athome.com//metallic-monkey-decor-4/124348579.html
"Silver Metal Circle Figurine, 10""","https://static.athome.com/images/w_1200,h_1200,c_pad,f_auto,fl_lossy,q_auto/v1638280314/p/124346361/silver-metal-circle-figurine-10.jpg",https://www.athome.com//silver-metal-circle-figurine-10/124346361.html
"Hour Glass With Black Sand, 15.7""","https://static.athome.com/images/w_1200,h_1200,c_pad,f_auto,fl_lossy,q_auto/v1629487678/p/124258934/hour-glass-with-black-sand-15.7.jpg",https://www.athome.com//hour-glass-with-black-sand-15.7/124258934.html
"Found & Fable Silver Tiger Figurine, 9""","https://static.athome.com/images/w_1200,h_1200,c_pad,f_auto,fl_lossy,q_auto/v1675863354/p/124377499/found-fable-silver-tiger-figurine-9.jpg",https://www.athome.com//found-fable-silver-tiger-figurine-9/124377499.html
"Black Metal Organic Rings Sculpture, 19""","https://static.athome.com/images/w_1200,h_1200,c_pad,f_auto,fl_lossy,q_auto/v1629490609/p/124305620/black-metal-organic-rings-sculpture-19.jpg",https://www.athome.com//black-metal-organic-rings-sculpture-19/124305620.html
"Ty Pennington Driftwood Horse Figurine, 10.5""","https://static.athome.com/images/w_1200,h_1200,c_pad,f_auto,fl_lossy,q_auto/v1702577227/p/124390536/ty-pennington-driftwood-horse-figurine-10.5.jpg",https://www.athome.com//ty-pennington-driftwood-horse-figurine-10.5/124390536.html
"Blue Metal Globe Decor, 11.5""","https://static.athome.com/images/w_1200,h_1200,c_pad,f_auto,fl_lossy,q_auto/v1629487928/p/124313931/blue-metal-globe-decor-11.5.jpg",https://www.athome.com//blue-metal-globe-decor-11.5/124313931.html
"Crosby St. Marble Table Decor, 6""","https://static.athome.com/images/w_1200,h_1200,c_pad,f_auto,fl_lossy,q_auto/v1714230473/p/124399801/crosby-st.-marble-table-decor-6.jpg",https://www.athome.com//crosby-st.-marble-table-decor-6/124399801.html
"Found & Fable White Medallion Disk Sculpture, 23""","https://static.athome.com/images/w_1200,h_1200,c_pad,f_auto,fl_lossy,q_auto/v1629488494/p/124333736/found-fable-white-medallion-disk-sculpture-23.jpg",https://www.athome.com//found-fable-white-medallion-disk-sculpture-23/124333736.html
"Crosby St. Wood Disk Tabletop Decor, 12""","https://static.athome.com/images/w_1200,h_1200,c_pad,f_auto,fl_lossy,q_auto/v1674048905/p/124377486/crosby-st.-wood-disk-tabletop-decor-12.jpg",https://www.athome.com//crosby-st.-wood-disk-tabletop-decor-12/124377486.html
"Thinking Woman Figurine, 5x8","https://static.athome.com/images/w_1200,h_1200,c_pad,f_auto,fl_lossy,q_auto/v1701977779/p/124394402/thinking-woman-figurine-5x8.jpg",https://www.athome.com//thinking-woman-figurine-5x8/124394402.html
"Found & Fable Kneeling Buddha Figurine, 12""","https://static.athome.com/images/w_1200,h_1200,c_pad,f_auto,fl_lossy,q_auto/v1730550091/p/125000850/found-fable-kneeling-buddha-figurine-12.jpg",https://www.athome.com//found-fable-kneeling-buddha-figurine-12/125000850.html
Ty Pennington White Ceramic Conch Figurine,"https://static.athome.com/images/w_1200,h_1200,c_pad,f_auto,fl_lossy,q_auto/v1645622818/p/124352855/ty-pennington-white-ceramic-conch-figurine.jpg",https://www.athome.com//ty-pennington-white-ceramic-conch-figurine/124352855.html
"Black Dog Figurine, 6x4","https://static.athome.com/images/w_1200,h_1200,c_pad,f_auto,fl_lossy,q_auto/v1674135622/p/124379066/black-dog-figurine-6x4.jpg",https://www.athome.com//black-dog-figurine-6x4/124379066.html
"Found & Fable Metal Rings Figurine, 9""","https://static.athome.com/images/w_1200,h_1200,c_pad,f_auto,fl_lossy,q_auto/v1668031215/p/124373147/found-fable-metal-rings-figurine-9.jpg",https://www.athome.com//found-fable-metal-rings-figurine-9/124373147.html
"Yellow Giraffe Figurine, 10""","https://static.athome.com/images/w_1200,h_1200,c_pad,f_auto,fl_lossy,q_auto/v1664541448/p/124232821/yellow-giraffe-figurine-10.jpg",https://www.athome.com//yellow-giraffe-figurine-10/124232821.html
"Round Wood Tabletop Decor, 15""","https://static.athome.com/images/w_1200,h_1200,c_pad,f_auto,fl_lossy,q_auto/v1675863398/p/124379560/round-wood-tabletop-decor-15.jpg",https://www.athome.com//round-wood-tabletop-decor-15/124379560.html
"Brown & Tan Decorative Magnifying Glass, 9""","https://static.athome.com/images/w_1200,h_1200,c_pad,f_auto,fl_lossy,q_auto/v1718984374/p/124404994/brown-tan-decorative-magnifying-glass-9.jpg",https://www.athome.com//brown-tan-decorative-magnifying-glass-9/124404994.html
"Black Yogi Sculpture, 14""","https://static.athome.com/images/w_1200,h_1200,c_pad,f_auto,fl_lossy,q_auto/v1629489194/p/124188704/black-yogi-sculpture-14.jpg",https://www.athome.com//black-yogi-sculpture-14/124188704.html
"Blue Ceramic Bird Couple, 4""","https://static.athome.com/images/w_1200,h_1200,c_pad,f_auto,fl_lossy,q_auto/v1629484400/p/124252915/blue-ceramic-bird-couple-4.jpg",https://www.athome.com//blue-ceramic-bird-couple-4/124252915.html
"Gold Butterfly Stand Decor, 10.5""","https://static.athome.com/images/w_1200,h_1200,c_pad,f_auto,fl_lossy,q_auto/v1629492804/p/124288611/gold-butterfly-stand-decor-10.5.jpg",https://www.athome.com//gold-butterfly-stand-decor-10.5/124288611.html
"Sitting Woman Figurine, 6x8","https://static.athome.com/images/w_1200,h_1200,c_pad,f_auto,fl_lossy,q_auto/v1701977770/p/124394401/sitting-woman-figurine-6x8.jpg",https://www.athome.com//sitting-woman-figurine-6x8/124394401.html
"Blue Sand Hourglass, 10""","https://static.athome.com/images/w_1200,h_1200,c_pad,f_auto,fl_lossy,q_auto/v1710432246/p/124394803/blue-sand-hourglass-10.jpg",https://www.athome.com//blue-sand-hourglass-10/124394803.html
"Crosby St. Colored Globe with Marble Base, 5""","https://static.athome.com/images/w_1200,h_1200,c_pad,f_auto,fl_lossy,q_auto/v1719503733/p/124404997/crosby-st.-colored-globe-with-marble-base-5.jpg",https://www.athome.com//crosby-st.-colored-globe-with-marble-base-5/124404997.html
"Crosby St. Black Circle Figurine, 13.5""","https://static.athome.com/images/w_1200,h_1200,c_pad,f_auto,fl_lossy,q_auto/v1629490266/p/124330850/crosby-st.-black-circle-figurine-13.5.jpg",https://www.athome.com//crosby-st.-black-circle-figurine-13.5/124330850.html
Brown & Grey 4D 2-Tone Magnifying Glass,"https://static.athome.com/images/w_1200,h_1200,c_pad,f_auto,fl_lossy,q_auto/v1720021072/p/124402606/brown-grey-4d-2-tone-magnifying-glass.jpg",https://www.athome.com//brown-grey-4d-2-tone-magnifying-glass/124402606.html
"Ty Pennington Grey Bear Figurine, 7x5","https://static.athome.com/images/w_1200,h_1200,c_pad,f_auto,fl_lossy,q_auto/v1686055750/p/124381063/ty-pennington-grey-bear-figurine-7x5.jpg",https://www.athome.com//ty-pennington-grey-bear-figurine-7x5/124381063.html
"Found & Fable Black Sand Hourglass Figurine, 10""","https://static.athome.com/images/w_1200,h_1200,c_pad,f_auto,fl_lossy,q_auto/v1629492479/p/124320024/found-fable-black-sand-hourglass-figurine-10.jpg",https://www.athome.com//found-fable-black-sand-hourglass-figurine-10/124320024.html
"Gold Wooden Moon Mobile with Black Frame, 9""","https://static.athome.com/images/w_1200,h_1200,c_pad,f_auto,fl_lossy,q_auto/v1629489030/p/124298315/gold-wooden-moon-mobile-with-black-frame-9.jpg",https://www.athome.com//gold-wooden-moon-mobile-with-black-frame-9/124298315.html
"Black Glasses Sculpture, 8""","https://static.athome.com/images/w_1200,h_1200,c_pad,f_auto,fl_lossy,q_auto/v1720270490/p/124405005/black-glasses-sculpture-8.jpg",https://www.athome.com//black-glasses-sculpture-8/124405005.html
"Crosby St. Gold Abstract Table Decor, 5.5""","https://static.athome.com/images/w_1200,h_1200,c_pad,f_auto,fl_lossy,q_auto/v1675863379/p/124379545/crosby-st.-gold-abstract-table-decor-5.5.jpg",https://www.athome.com//crosby-st.-gold-abstract-table-decor-5.5/124379545.html
"Silver Starfish on Stand, 9""","https://static.athome.com/images/w_1200,h_1200,c_pad,f_auto,fl_lossy,q_auto/v1629489603/p/124325634/silver-starfish-on-stand-9.jpg",https://www.athome.com//silver-starfish-on-stand-9/124325634.html
"Silver & White Decorative Magnifying Glass, 9""","https://static.athome.com/images/w_1200,h_1200,c_pad,f_auto,fl_lossy,q_auto/v1718984376/p/124404995/silver-white-decorative-magnifying-glass-9.jpg",https://www.athome.com//silver-white-decorative-magnifying-glass-9/124404995.html
"Black Laying Elephant, 6""","https://static.athome.com/images/w_1200,h_1200,c_pad,f_auto,fl_lossy,q_auto/v1629489396/p/124219627/black-laying-elephant-6.jpg",https://www.athome.com//black-laying-elephant-6/124219627.html
"Providence Walking Metal Dog, 7.5""","https://static.athome.com/images/w_1200,h_1200,c_pad,f_auto,fl_lossy,q_auto/v1675863369/p/124379538/providence-walking-metal-dog-7.5.jpg",https://www.athome.com//providence-walking-metal-dog-7.5/124379538.html
"Providence Apple Decor, 4x5","https://static.athome.com/images/w_1200,h_1200,c_pad,f_auto,fl_lossy,q_auto/v1674135626/p/124379070/providence-apple-decor-4x5.jpg",https://www.athome.com//providence-apple-decor-4x5/124379070.html
"Found & Fable Buddha Head, 9.5""","https://static.athome.com/images/w_1200,h_1200,c_pad,f_auto,fl_lossy,q_auto/v1666700382/p/124372975/found-fable-buddha-head-9.5.jpg",https://www.athome.com//found-fable-buddha-head-9.5/124372975.html
"Crosby St. Brown Wood Decor Figurine, 13x10","https://static.athome.com/images/w_1200,h_1200,c_pad,f_auto,fl_lossy,q_auto/v1689856991/p/124379144/crosby-st.-brown-wood-decor-figurine-13x10.jpg",https://www.athome.com//crosby-st.-brown-wood-decor-figurine-13x10/124379144.html
"Honeybloom Wood Light Tower Table Figurine, 14""","https://static.athome.com/images/w_1200,h_1200,c_pad,f_auto,fl_lossy,q_auto/v1726146722/p/125000853/honeybloom-wood-light-tower-table-figurine-14.jpg",https://www.athome.com//honeybloom-wood-light-tower-table-figurine-14/125000853.html
"Black Metal Face Mask Sculpture, 10""","https://static.athome.com/images/w_1200,h_1200,c_pad,f_auto,fl_lossy,q_auto/v1629488250/p/124319815/black-metal-face-mask-sculpture-10.jpg",https://www.athome.com//black-metal-face-mask-sculpture-10/124319815.html
"White Sand Hourglass, 6""","https://static.athome.com/images/w_1200,h_1200,c_pad,f_auto,fl_lossy,q_auto/v1629487567/p/124233366/white-sand-hourglass-6.jpg",https://www.athome.com//white-sand-hourglass-6/124233366.html
"Crosby St. Gold Metal Face Decor, 8""","https://static.athome.com/images/w_1200,h_1200,c_pad,f_auto,fl_lossy,q_auto/v1675863382/p/124379547/crosby-st.-gold-metal-face-decor-8.jpg",https://www.athome.com//crosby-st.-gold-metal-face-decor-8/124379547.html
"Black Elephant Stacked Books, 10""","https://static.athome.com/images/w_1200,h_1200,c_pad,f_auto,fl_lossy,q_auto/v1629484976/p/124271908/black-elephant-stacked-books-10.jpg",https://www.athome.com//black-elephant-stacked-books-10/124271908.html
"Owl Figurine, 3""","https://static.athome.com/images/w_1200,h_1200,c_pad,f_auto,fl_lossy,q_auto/v1702576747/p/124246482/owl-figurine-3.jpg",https://www.athome.com//owl-figurine-3/124246482.html
"Honeybloom White Ceramic House Table Decor, 8""","https://static.athome.com/images/w_1200,h_1200,c_pad,f_auto,fl_lossy,q_auto/v1721925459/p/124399930/honeybloom-white-ceramic-house-table-decor-8.jpg",https://www.athome.com//honeybloom-white-ceramic-house-table-decor-8/124399930.html
"Crosby St. Brown Wooden Decor, 15""","https://static.athome.com/images/w_1200,h_1200,c_pad,f_auto,fl_lossy,q_auto/v1689856993/p/124379145/crosby-st.-brown-wooden-decor-15.jpg",https://www.athome.com//crosby-st.-brown-wooden-decor-15/124379145.html
"People Pushing Ball Up Hill Decor, 12""","https://static.athome.com/images/w_1200,h_1200,c_pad,f_auto,fl_lossy,q_auto/v1718984378/p/124404999/people-pushing-ball-up-hill-decor-12.jpg",https://www.athome.com//people-pushing-ball-up-hill-decor-12/124404999.html
"Black Sand Hourglass, 8""","https://static.athome.com/images/w_1200,h_1200,c_pad,f_auto,fl_lossy,q_auto/v1629491597/p/124279614/black-sand-hourglass-8.jpg",https://www.athome.com//black-sand-hourglass-8/124279614.html
"Ty Pennington Grey Birds Figurine, 9.8""","https://static.athome.com/images/w_1200,h_1200,c_pad,f_auto,fl_lossy,q_auto/v1681303446/p/124381536/ty-pennington-grey-birds-figurine-9.8.jpg",https://www.athome.com//ty-pennington-grey-birds-figurine-9.8/124381536.html
Found & Fable Wood Pedestal with Marble Base Plant Stand,"https://static.athome.com/images/w_1200,h_1200,c_pad,f_auto,fl_lossy,q_auto/v1686055773/p/124381441/found-fable-wood-pedestal-with-marble-base-plant-stand.jpg",https://www.athome.com//found-fable-wood-pedestal-with-marble-base-plant-stand/124381441.html
"Found & Fable Stacked Stone Figurine, 15.5""","https://static.athome.com/images/w_1200,h_1200,c_pad,f_auto,fl_lossy,q_auto/v1668031187/p/124373110/found-fable-stacked-stone-figurine-15.5.jpg",https://www.athome.com//found-fable-stacked-stone-figurine-15.5/124373110.html
"Distressed White Flower Decor, 8""","https://static.athome.com/images/w_1200,h_1200,c_pad,f_auto,fl_lossy,q_auto/v1629484185/p/124278724/distressed-white-flower-decor-8.jpg",https://www.athome.com//distressed-white-flower-decor-8/124278724.html
"Found & Fable Round Black Jute Decor, 22""","https://static.athome.com/images/w_1200,h_1200,c_pad,f_auto,fl_lossy,q_auto/v1680266277/p/124379667/found-fable-round-black-jute-decor-22.jpg",https://www.athome.com//found-fable-round-black-jute-decor-22/124379667.html
"Honeybloom Wicker-Look Decorative Sphere, 4""","https://static.athome.com/images/w_1200,h_1200,c_pad,f_auto,fl_lossy,q_auto/v1661954517/p/124367473/honeybloom-wicker-look-decorative-sphere-4.jpg",https://www.athome.com//honeybloom-wicker-look-decorative-sphere-4/124367473.html
"Grey Sitting Elephant, 8""","https://static.athome.com/images/w_1200,h_1200,c_pad,f_auto,fl_lossy,q_auto/v1629489836/p/124283648/grey-sitting-elephant-8.jpg",https://www.athome.com//grey-sitting-elephant-8/124283648.html
29In Circle Reed/Wood Floor Decor,"https://static.athome.com/images/w_1200,h_1200,c_pad,f_auto,fl_lossy,q_auto/v1631623236/p/124348388/29in-circle-reed-wood-floor-decor.jpg",https://www.athome.com//29in-circle-reed-wood-floor-decor/124348388.html
"Ty Pennington Metal Moose Figurine, 9x10","https://static.athome.com/images/w_1200,h_1200,c_pad,f_auto,fl_lossy,q_auto/v1648902030/p/124362065/ty-pennington-metal-moose-figurine-9x10.jpg",https://www.athome.com//ty-pennington-metal-moose-figurine-9x10/124362065.html
"Honeybloom Wooden Decorative House, 4""","https://static.athome.com/images/w_1200,h_1200,c_pad,f_auto,fl_lossy,q_auto/v1714230492/p/124399925/honeybloom-wooden-decorative-house-4.jpg",https://www.athome.com//honeybloom-wooden-decorative-house-4/124399925.html
"Hourglass with Jute, 10""","https://static.athome.com/images/w_1200,h_1200,c_pad,f_auto,fl_lossy,q_auto/v1629491113/p/124262351/hourglass-with-jute-10.jpg",https://www.athome.com//hourglass-with-jute-10/124262351.html
"Silver Ceramic Jack Decor, 7""","https://static.athome.com/images/w_1200,h_1200,c_pad,f_auto,fl_lossy,q_auto/v1629492279/p/124288652/silver-ceramic-jack-decor-7.jpg",https://www.athome.com//silver-ceramic-jack-decor-7/124288652.html
"White Ceramic Bird, 4""","https://static.athome.com/images/w_1200,h_1200,c_pad,f_auto,fl_lossy,q_auto/v1629487335/p/124319583/white-ceramic-bird-4.jpg",https://www.athome.com//white-ceramic-bird-4/124319583.html
"Tracey Boyd Clear Luster Glass Paperweight, 3""","https://static.athome.com/images/w_1200,h_1200,c_pad,f_auto,fl_lossy,q_auto/v1689477701/p/124381345/tracey-boyd-clear-luster-glass-paperweight-3.jpg",https://www.athome.com//tracey-boyd-clear-luster-glass-paperweight-3/124381345.html
"Tracey Boyd White Flower Ball Figurine, 13.8""","https://static.athome.com/images/w_1200,h_1200,c_pad,f_auto,fl_lossy,q_auto/v1650111756/p/124362104/tracey-boyd-white-flower-ball-figurine-13.8.jpg",https://www.athome.com//tracey-boyd-white-flower-ball-figurine-13.8/124362104.html
Wooden Dice Cube With Dice,"https://static.athome.com/images/w_1200,h_1200,c_pad,f_auto,fl_lossy,q_auto/v1740230511/p/124407852/wooden-dice-cube-with-dice.jpg",https://www.athome.com//wooden-dice-cube-with-dice/124407852.html
"Crosby St. Black Abstract Bottle Table Decor, 9""","https://static.athome.com/images/w_1200,h_1200,c_pad,f_auto,fl_lossy,q_auto/v1681303367/p/124379586/crosby-st.-black-abstract-bottle-table-decor-9.jpg",https://www.athome.com//crosby-st.-black-abstract-bottle-table-decor-9/124379586.html
"Honeybloom Wooden Decorative House, 6""","https://static.athome.com/images/w_1200,h_1200,c_pad,f_auto,fl_lossy,q_auto/v1714230497/p/124399927/honeybloom-wooden-decorative-house-6.jpg",https://www.athome.com//honeybloom-wooden-decorative-house-6/124399927.html
"Natural Heart Table Decor, 15""","https://static.athome.com/images/w_1200,h_1200,c_pad,f_auto,fl_lossy,q_auto/v1673974252/p/124378988/natural-heart-table-decor-15.jpg",https://www.athome.com//natural-heart-table-decor-15/124378988.html
"Honeybloom Gold Metal Lamb, 6""","https://static.athome.com/images/w_1200,h_1200,c_pad,f_auto,fl_lossy,q_auto/v1675863377/p/124379543/honeybloom-gold-metal-lamb-6.jpg",https://www.athome.com//honeybloom-gold-metal-lamb-6/124379543.html
"Figurals Deco, 7.8""","https://static.athome.com/images/w_1200,h_1200,c_pad,f_auto,fl_lossy,q_auto/v1649420409/p/124358319/figurals-deco-7.8.jpg",https://www.athome.com//figurals-deco-7.8/124358319.html
"Clear Glass Hourglass, 5.5""","https://static.athome.com/images/w_1200,h_1200,c_pad,f_auto,fl_lossy,q_auto/v1643983359/p/124358297/clear-glass-hourglass-5.5.jpg",https://www.athome.com//clear-glass-hourglass-5.5/124358297.html
"Crosby St. Torso Figurine, 4x16","https://static.athome.com/images/w_1200,h_1200,c_pad,f_auto,fl_lossy,q_auto/v1707324248/p/124399808/crosby-st.-torso-figurine-4x16.jpg",https://www.athome.com//crosby-st.-torso-figurine-4x16/124399808.html
"White Bird with Stand Figurine, 9.5""","https://static.athome.com/images/w_1200,h_1200,c_pad,f_auto,fl_lossy,q_auto/v1629484744/p/124261739/white-bird-with-stand-figurine-9.5.jpg",https://www.athome.com//white-bird-with-stand-figurine-9.5/124261739.html
"White Wash Elephant, 39""","https://static.athome.com/images/w_1200,h_1200,c_pad,f_auto,fl_lossy,q_auto/v1636638591/p/124340030/white-wash-elephant-39.jpg",https://www.athome.com//white-wash-elephant-39/124340030.html
"Black & Silver Elephant Figurine, 10""","https://static.athome.com/images/w_1200,h_1200,c_pad,f_auto,fl_lossy,q_auto/v1629493415/p/124108697/black-silver-elephant-figurine-10.jpg",https://www.athome.com//black-silver-elephant-figurine-10/124108697.html
"Black Metal Guitar, 38""","https://static.athome.com/images/w_1200,h_1200,c_pad,f_auto,fl_lossy,q_auto/v1652530869/p/124348700/black-metal-guitar-38.jpg",https://www.athome.com//black-metal-guitar-38/124348700.html
"Providence Green Cutout Ceramic Orb, 4""","https://static.athome.com/images/w_1200,h_1200,c_pad,f_auto,fl_lossy,q_auto/v1694869309/p/124389048/providence-green-cutout-ceramic-orb-4.jpg",https://www.athome.com//providence-green-cutout-ceramic-orb-4/124389048.html
"Crosby St. White Metal Oval Figurine Decor, 33""","https://static.athome.com/images/w_1200,h_1200,c_pad,f_auto,fl_lossy,q_auto/v1629491136/p/124319574/crosby-st.-white-metal-oval-figurine-decor-33.jpg",https://www.athome.com//crosby-st.-white-metal-oval-figurine-decor-33/124319574.html
"Metallic Monkey in Pigeon Pose, 5""","https://static.athome.com/images/w_1200,h_1200,c_pad,f_auto,fl_lossy,q_auto/v1630517504/p/124346934/metallic-monkey-in-pigeon-pose-5.jpg",https://www.athome.com//metallic-monkey-in-pigeon-pose-5/124346934.html
"Found & Fable Gold Star Fruit Figurine, 3""","https://static.athome.com/images/w_1200,h_1200,c_pad,f_auto,fl_lossy,q_auto/v1693745318/p/124391116/found-fable-gold-star-fruit-figurine-3.jpg",https://www.athome.com//found-fable-gold-star-fruit-figurine-3/124391116.html
"Black Sand Hourglass, 10.5""","https://static.athome.com/images/w_1200,h_1200,c_pad,f_auto,fl_lossy,q_auto/v1629486029/p/124258932/black-sand-hourglass-10.5.jpg",https://www.athome.com//black-sand-hourglass-10.5/124258932.html
"Honeybloom Felt Wood Mushroom Figurine, 4.5""","https://static.athome.com/images/w_1200,h_1200,c_pad,f_auto,fl_lossy,q_auto/v1714230501/p/124399929/honeybloom-felt-wood-mushroom-figurine-4.5.jpg",https://www.athome.com//honeybloom-felt-wood-mushroom-figurine-4.5/124399929.html
"Crosby St. Navy Blue Glass Knot Figurine, 4""","https://static.athome.com/images/w_1200,h_1200,c_pad,f_auto,fl_lossy,q_auto/v1711037183/p/124399800/crosby-st.-navy-blue-glass-knot-figurine-4.jpg",https://www.athome.com//crosby-st.-navy-blue-glass-knot-figurine-4/124399800.html
"White Wooden Link Table Decor, 10""","https://static.athome.com/images/w_1200,h_1200,c_pad,f_auto,fl_lossy,q_auto/v1662553468/p/124358027/white-wooden-link-table-decor-10.jpg",https://www.athome.com//white-wooden-link-table-decor-10/124358027.html
"White Ceramic Bird, 6""","https://static.athome.com/images/w_1200,h_1200,c_pad,f_auto,fl_lossy,q_auto/v1629488644/p/124296434/white-ceramic-bird-6.jpg",https://www.athome.com//white-ceramic-bird-6/124296434.html
"Providence Heron Figurine, 13""","https://static.athome.com/images/w_1200,h_1200,c_pad,f_auto,fl_lossy,q_auto/v1694869303/p/124389043/providence-heron-figurine-13.jpg",https://www.athome.com//providence-heron-figurine-13/124389043.html
"Iridescent Hourglass, 4.5""","https://static.athome.com/images/w_1200,h_1200,c_pad,f_auto,fl_lossy,q_auto/v1653394896/p/124354653/iridescent-hourglass-4.5.jpg",https://www.athome.com//iridescent-hourglass-4.5/124354653.html
"Providence Three Standing Books, 11""","https://static.athome.com/images/w_1200,h_1200,c_pad,f_auto,fl_lossy,q_auto/v1715111736/p/124400590/providence-three-standing-books-11.jpg",https://www.athome.com//providence-three-standing-books-11/124400590.html
"Honeybloom Wooden Decorative House, 8""","https://static.athome.com/images/w_1200,h_1200,c_pad,f_auto,fl_lossy,q_auto/v1714230494/p/124399926/honeybloom-wooden-decorative-house-8.jpg",https://www.athome.com//honeybloom-wooden-decorative-house-8/124399926.html
"Black Metal Globe with Stand, 15""","https://static.athome.com/images/w_1200,h_1200,c_pad,f_auto,fl_lossy,q_auto/v1715173633/p/124405002/black-metal-globe-with-stand-15.jpg",https://www.athome.com//black-metal-globe-with-stand-15/124405002.html
"Ty Pennington Brown Highland Cow Figurine, 11""","https://static.athome.com/images/w_1200,h_1200,c_pad,f_auto,fl_lossy,q_auto/v1653481221/p/124362300/ty-pennington-brown-highland-cow-figurine-11.jpg",https://www.athome.com//ty-pennington-brown-highland-cow-figurine-11/124362300.html
"Sliced Wood Disk Sculpture with Black Base, 24""","https://static.athome.com/images/w_1200,h_1200,c_pad,f_auto,fl_lossy,q_auto/v1629489109/p/124244834/sliced-wood-disk-sculpture-with-black-base-24.jpg",https://www.athome.com//sliced-wood-disk-sculpture-with-black-base-24/124244834.html
"Metal Rustic Cutout Jute Ball, 6""","https://static.athome.com/images/w_1200,h_1200,c_pad,f_auto,fl_lossy,q_auto/v1629488329/p/124155423/metal-rustic-cutout-jute-ball-6.jpg",https://www.athome.com//metal-rustic-cutout-jute-ball-6/124155423.html
"Round Metal Decorative Plate on Stand, 22""","https://static.athome.com/images/w_1200,h_1200,c_pad,f_auto,fl_lossy,q_auto/v1629487228/p/124319979/round-metal-decorative-plate-on-stand-22.jpg",https://www.athome.com//round-metal-decorative-plate-on-stand-22/124319979.html
"Whitewash Carved Wood Art Figurine, 13""","https://static.athome.com/images/w_1200,h_1200,c_pad,f_auto,fl_lossy,q_auto/v1629491468/p/124312982/whitewash-carved-wood-art-figurine-13.jpg",https://www.athome.com//whitewash-carved-wood-art-figurine-13/124312982.html
"White Elephant Figurine, 8""","https://static.athome.com/images/w_1200,h_1200,c_pad,f_auto,fl_lossy,q_auto/v1629488171/p/124283652/white-elephant-figurine-8.jpg",https://www.athome.com//white-elephant-figurine-8/124283652.html
"Gold Resin Jack Figurine, 3.5""","https://static.athome.com/images/w_1200,h_1200,c_pad,f_auto,fl_lossy,q_auto/v1694004848/p/124394781/gold-resin-jack-figurine-3.5.jpg",https://www.athome.com//gold-resin-jack-figurine-3.5/124394781.html
"Black Metal Art Deco Figurine, 8""","https://static.athome.com/images/w_1200,h_1200,c_pad,f_auto,fl_lossy,q_auto/v1629484181/p/124343959/black-metal-art-deco-figurine-8.jpg",https://www.athome.com//black-metal-art-deco-figurine-8/124343959.html
"Crosby St. Silver Wavy Cube, 4""","https://static.athome.com/images/w_1200,h_1200,c_pad,f_auto,fl_lossy,q_auto/v1714230475/p/124399803/crosby-st.-silver-wavy-cube-4.jpg",https://www.athome.com//crosby-st.-silver-wavy-cube-4/124399803.html
"Multicolor Wooden Fish Figurine, 10""","https://static.athome.com/images/w_1200,h_1200,c_pad,f_auto,fl_lossy,q_auto/v1629487431/p/124263823/multicolor-wooden-fish-figurine-10.jpg",https://www.athome.com//multicolor-wooden-fish-figurine-10/124263823.html
"Ty Pennington Driftwood Chain Figurine, 16x5","https://static.athome.com/images/w_1200,h_1200,c_pad,f_auto,fl_lossy,q_auto/v1668086910/p/124373072/ty-pennington-driftwood-chain-figurine-16x5.jpg",https://www.athome.com//ty-pennington-driftwood-chain-figurine-16x5/124373072.html
"Fox Figurine, 3.5""","https://static.athome.com/images/w_1200,h_1200,c_pad,f_auto,fl_lossy,q_auto/v1629493550/p/124296449/fox-figurine-3.5.jpg",https://www.athome.com//fox-figurine-3.5/124296449.html
"Whitewash Bird Figurine, 5""","https://static.athome.com/images/w_1200,h_1200,c_pad,f_auto,fl_lossy,q_auto/v1629489728/p/124246480/whitewash-bird-figurine-5.jpg",https://www.athome.com//whitewash-bird-figurine-5/124246480.html
"Laila Ali Glass Crystal Figurine, 2""","https://static.athome.com/images/w_1200,h_1200,c_pad,f_auto,fl_lossy,q_auto/v1649247377/p/124362218/laila-ali-glass-crystal-figurine-2.jpg",https://www.athome.com//laila-ali-glass-crystal-figurine-2/124362218.html
"Teak Burn Starlin Sculpture, 20""","https://static.athome.com/images/w_1200,h_1200,c_pad,f_auto,fl_lossy,q_auto/v1629485620/p/124329369/teak-burn-starlin-sculpture-20.jpg",https://www.athome.com//teak-burn-starlin-sculpture-20/124329369.html
"Providence Blue Jay Table Decor, 6""","https://static.athome.com/images/w_1200,h_1200,c_pad,f_auto,fl_lossy,q_auto/v1675863372/p/124379539/providence-blue-jay-table-decor-6.jpg",https://www.athome.com//providence-blue-jay-table-decor-6/124379539.html
"Horse Figurine, 8.5""","https://static.athome.com/images/w_1200,h_1200,c_pad,f_auto,fl_lossy,q_auto/v1693745300/p/124390592/horse-figurine-8.5.jpg",https://www.athome.com//horse-figurine-8.5/124390592.html
"Pink Sand Hourglass, 9.5""","https://static.athome.com/images/w_1200,h_1200,c_pad,f_auto,fl_lossy,q_auto/v1629492591/p/124260726/pink-sand-hourglass-9.5.jpg",https://www.athome.com//pink-sand-hourglass-9.5/124260726.html
"Crosby St. Silver Wavy Cube, 3""","https://static.athome.com/images/w_1200,h_1200,c_pad,f_auto,fl_lossy,q_auto/v1714230476/p/124399804/crosby-st.-silver-wavy-cube-3.jpg",https://www.athome.com//crosby-st.-silver-wavy-cube-3/124399804.html
"Silver & Black Buddha, 11.5""","https://static.athome.com/images/w_1200,h_1200,c_pad,f_auto,fl_lossy,q_auto/v1629488356/p/124115824/silver-black-buddha-11.5.jpg",https://www.athome.com//silver-black-buddha-11.5/124115824.html
"Gold Orb Decor, 5""","https://static.athome.com/images/w_1200,h_1200,c_pad,f_auto,fl_lossy,q_auto/v1629486853/p/124319618/gold-orb-decor-5.jpg",https://www.athome.com//gold-orb-decor-5/124319618.html
"Resin Rooster With Dots, 11""","https://static.athome.com/images/w_1200,h_1200,c_pad,f_auto,fl_lossy,q_auto/v1629485156/p/124161361/resin-rooster-with-dots-11.jpg",https://www.athome.com//resin-rooster-with-dots-11/124161361.html
"Found & Fable Metal Gingko Leaf Figurine, 20""","https://static.athome.com/images/w_1200,h_1200,c_pad,f_auto,fl_lossy,q_auto/v1668086872/p/124372979/found-fable-metal-gingko-leaf-figurine-20.jpg",https://www.athome.com//found-fable-metal-gingko-leaf-figurine-20/124372979.html
"Honeybloom Brown Loop Figurine, 3""","https://static.athome.com/images/w_1200,h_1200,c_pad,f_auto,fl_lossy,q_auto/v1629488921/p/124327412/honeybloom-brown-loop-figurine-3.jpg",https://www.athome.com//honeybloom-brown-loop-figurine-3/124327412.html
"Shiny Gold French Bulldog, 4""","https://static.athome.com/images/w_1200,h_1200,c_pad,f_auto,fl_lossy,q_auto/v1715173610/p/124404874/shiny-gold-french-bulldog-4.jpg",https://www.athome.com//shiny-gold-french-bulldog-4/124404874.html
"White Wooden Link Table Decor, 9""","https://static.athome.com/images/w_1200,h_1200,c_pad,f_auto,fl_lossy,q_auto/v1662553471/p/124358028/white-wooden-link-table-decor-9.jpg",https://www.athome.com//white-wooden-link-table-decor-9/124358028.html
29 Silver Polyresin Decor With Base,"https://static.athome.com/images/w_1200,h_1200,c_pad,f_auto,fl_lossy,q_auto/v1642773323/p/124349758/29-silver-polyresin-decor-with-base.jpg",https://www.athome.com//29-silver-polyresin-decor-with-base/124349758.html
"White Ceramic Toucan with Green Beak, 6""","https://static.athome.com/images/w_1200,h_1200,c_pad,f_auto,fl_lossy,q_auto/v1629486110/p/124288873/white-ceramic-toucan-with-green-beak-6.jpg",https://www.athome.com//white-ceramic-toucan-with-green-beak-6/124288873.html
"White Faux Wood Palm Leaf Figurine, 16""","https://static.athome.com/images/w_1200,h_1200,c_pad,f_auto,fl_lossy,q_auto/v1629489946/p/124288631/white-faux-wood-palm-leaf-figurine-16.jpg",https://www.athome.com//white-faux-wood-palm-leaf-figurine-16/124288631.html
"Grace Mitchell Pink Ceramic Flower Decor, 4""","https://static.athome.com/images/w_1200,h_1200,c_pad,f_auto,fl_lossy,q_auto/v1629490885/p/124319598/grace-mitchell-pink-ceramic-flower-decor-4.jpg",https://www.athome.com//grace-mitchell-pink-ceramic-flower-decor-4/124319598.html
"Found & Fable White Round Etched Disk Figurine, 19""","https://static.athome.com/images/w_1200,h_1200,c_pad,f_auto,fl_lossy,q_auto/v1653394968/p/124358677/found-fable-white-round-etched-disk-figurine-19.jpg",https://www.athome.com//found-fable-white-round-etched-disk-figurine-19/124358677.html
"Ty Pennington Driftwood Fish Decor, 14""","https://static.athome.com/images/w_1200,h_1200,c_pad,f_auto,fl_lossy,q_auto/v1666355611/p/124373071/ty-pennington-driftwood-fish-decor-14.jpg",https://www.athome.com//ty-pennington-driftwood-fish-decor-14/124373071.html
"Honeybloom Gold Lamb Table Decor, 4""","https://static.athome.com/images/w_1200,h_1200,c_pad,f_auto,fl_lossy,q_auto/v1675863379/p/124379544/honeybloom-gold-lamb-table-decor-4.jpg",https://www.athome.com//honeybloom-gold-lamb-table-decor-4/124379544.html
"Gold Metal Wire Pineapple, 19""","https://static.athome.com/images/w_1200,h_1200,c_pad,f_auto,fl_lossy,q_auto/v1629485411/p/124201289/gold-metal-wire-pineapple-19.jpg",https://www.athome.com//gold-metal-wire-pineapple-19/124201289.html
"White Bird with Stand, 12.5""","https://static.athome.com/images/w_1200,h_1200,c_pad,f_auto,fl_lossy,q_auto/v1629484742/p/124261740/white-bird-with-stand-12.5.jpg",https://www.athome.com//white-bird-with-stand-12.5/124261740.html
"Bless This Home Birdhouse Beaded Wood Garland, 21.5""","https://static.athome.com/images/w_1200,h_1200,c_pad,f_auto,fl_lossy,q_auto/v1694004850/p/124394785/bless-this-home-birdhouse-beaded-wood-garland-21.5.jpg",https://www.athome.com//bless-this-home-birdhouse-beaded-wood-garland-21.5/124394785.html
"Black Resin Knight Chess Piece, 8""","https://static.athome.com/images/w_1200,h_1200,c_pad,f_auto,fl_lossy,q_auto/v1705774679/p/124394794/black-resin-knight-chess-piece-8.jpg",https://www.athome.com//black-resin-knight-chess-piece-8/124394794.html
"Modern Silver Ceramic Figurine, 8""","https://static.athome.com/images/w_1200,h_1200,c_pad,f_auto,fl_lossy,q_auto/v1629487801/p/124244372/modern-silver-ceramic-figurine-8.jpg",https://www.athome.com//modern-silver-ceramic-figurine-8/124244372.html
3X5In Clear Globe With Silver Base,"https://static.athome.com/images/w_1200,h_1200,c_pad,f_auto,fl_lossy,q_auto/v1737120217/p/124394805/3x5in-clear-globe-with-silver-base.jpg",https://www.athome.com//3x5in-clear-globe-with-silver-base/124394805.html
"White Ceramic Lama, 4""","https://static.athome.com/images/w_1200,h_1200,c_pad,f_auto,fl_lossy,q_auto/v1629484341/p/124283655/white-ceramic-lama-4.jpg",https://www.athome.com//white-ceramic-lama-4/124283655.html
"Light Blue Art Glass Seahorse, 12.9""","https://static.athome.com/images/w_1200,h_1200,c_pad,f_auto,fl_lossy,q_auto/v1629489252/p/124261231/light-blue-art-glass-seahorse-12.9.jpg",https://www.athome.com//light-blue-art-glass-seahorse-12.9/124261231.html
null,No Image Found,https://www.athome.com//noname/125015227.html
null,No Image Found,https://www.athome.com//noname/125018261.html
null,No Image Found,https://www.athome.com//noname/125019725.html
"Black Pyramid Decor, 6""","https://static.athome.com/images/w_1200,h_1200,c_pad,f_auto,fl_lossy,q_auto/v1639835265/p/124345260/black-pyramid-decor-6.jpg",https://www.athome.com//black-pyramid-decor-6/124345260.html
null,No Image Found,https://www.athome.com//noname/125019462.html
"Found & Fable Stone Figurine Table Decor, 10""","https://static.athome.com/images/w_1200,h_1200,c_pad,f_auto,fl_lossy,q_auto/v1668031203/p/124373133/found-fable-stone-figurine-table-decor-10.jpg",https://www.athome.com//found-fable-stone-figurine-table-decor-10/124373133.html
"Laila Ali Clear Glass Geo Crystal Ball Decor, 3""","https://static.athome.com/images/w_1200,h_1200,c_pad,f_auto,fl_lossy,q_auto/v1629492306/p/124340338/laila-ali-clear-glass-geo-crystal-ball-decor-3.jpg",https://www.athome.com//laila-ali-clear-glass-geo-crystal-ball-decor-3/124340338.html
"Stacked Books, 7""","https://static.athome.com/images/w_1200,h_1200,c_pad,f_auto,fl_lossy,q_auto/v1629488387/p/124283646/stacked-books-7.jpg",https://www.athome.com//stacked-books-7/124283646.html
"Honeybloom Wood Chain Decor, 17x6","https://static.athome.com/images/w_1200,h_1200,c_pad,f_auto,fl_lossy,q_auto/v1629491812/p/124345635/honeybloom-wood-chain-decor-17x6.jpg",https://www.athome.com//honeybloom-wood-chain-decor-17x6/124345635.html
"Ty Pennington Graphite Metal Knot Figurine, 7""","https://static.athome.com/images/w_1200,h_1200,c_pad,f_auto,fl_lossy,q_auto/v1648902023/p/124361985/ty-pennington-graphite-metal-knot-figurine-7.jpg",https://www.athome.com//ty-pennington-graphite-metal-knot-figurine-7/124361985.html
"Tracey Boyd Brown Ceramic Tonala Bird Figurine, 7""","https://static.athome.com/images/w_1200,h_1200,c_pad,f_auto,fl_lossy,q_auto/v1680007581/p/124372944/tracey-boyd-brown-ceramic-tonala-bird-figurine-7.jpg",https://www.athome.com//tracey-boyd-brown-ceramic-tonala-bird-figurine-7/124372944.html
"Ty Pennington Wood & Metal Anchor Table Decor, 16x5","https://static.athome.com/images/w_1200,h_1200,c_pad,f_auto,fl_lossy,q_auto/v1631278145/p/124345565/ty-pennington-wood-metal-anchor-table-decor-16x5.jpg",https://www.athome.com//ty-pennington-wood-metal-anchor-table-decor-16x5/124345565.html
"Crosby St. Abstract Ceramic Figurine, 4.5""","https://static.athome.com/images/w_1200,h_1200,c_pad,f_auto,fl_lossy,q_auto/v1643896105/p/124358813/crosby-st.-abstract-ceramic-figurine-4.5.jpg",https://www.athome.com//crosby-st.-abstract-ceramic-figurine-4.5/124358813.html
"Crosby St. Abstract Ceramic Figurine, 5""","https://static.athome.com/images/w_1200,h_1200,c_pad,f_auto,fl_lossy,q_auto/v1643896104/p/124358812/crosby-st.-abstract-ceramic-figurine-5.jpg",https://www.athome.com//crosby-st.-abstract-ceramic-figurine-5/124358812.html
"Tracey Boyd Blue Ceramic Tonala Bird Figurine, 7.5""","https://static.athome.com/images/w_1200,h_1200,c_pad,f_auto,fl_lossy,q_auto/v1680007580/p/124372943/tracey-boyd-blue-ceramic-tonala-bird-figurine-7.5.jpg",https://www.athome.com//tracey-boyd-blue-ceramic-tonala-bird-figurine-7.5/124372943.html
"Tracey Boyd White Ceramic Bird Figurine, 5""","https://static.athome.com/images/w_1200,h_1200,c_pad,f_auto,fl_lossy,q_auto/v1663250661/p/124366438/tracey-boyd-white-ceramic-bird-figurine-5.jpg",https://www.athome.com//tracey-boyd-white-ceramic-bird-figurine-5/124366438.html
"Gold Metal Abstract Table Decor, 11""","https://static.athome.com/images/w_1200,h_1200,c_pad,f_auto,fl_lossy,q_auto/v1633179146/p/124345814/gold-metal-abstract-table-decor-11.jpg",https://www.athome.com//gold-metal-abstract-table-decor-11/124345814.html
"Laila Ali Round Circle Orb Sculpture with Marbled Base, 15""","https://static.athome.com/images/w_1200,h_1200,c_pad,f_auto,fl_lossy,q_auto/v1631278139/p/124345558/laila-ali-round-circle-orb-sculpture-with-marbled-base-15.jpg",https://www.athome.com//laila-ali-round-circle-orb-sculpture-with-marbled-base-15/124345558.html
"Honeybloom Grey Metal Geo Tabletop Decor, 5""","https://static.athome.com/images/w_1200,h_1200,c_pad,f_auto,fl_lossy,q_auto/v1629491449/p/124331756/honeybloom-grey-metal-geo-tabletop-decor-5.jpg",https://www.athome.com//honeybloom-grey-metal-geo-tabletop-decor-5/124331756.html
"Found & Fable Square Buddha Head Figurine, 11.5""","https://static.athome.com/images/w_1200,h_1200,c_pad,f_auto,fl_lossy,q_auto/v1666700381/p/124372974/found-fable-square-buddha-head-figurine-11.5.jpg",https://www.athome.com//found-fable-square-buddha-head-figurine-11.5/124372974.html
"Found & Fable Black Metal Rings Figurine, 35""","https://static.athome.com/images/w_1200,h_1200,c_pad,f_auto,fl_lossy,q_auto/v1663072160/p/124373148/found-fable-black-metal-rings-figurine-35.jpg",https://www.athome.com//found-fable-black-metal-rings-figurine-35/124373148.html
"Circle with Stand Metal Decor, 29""","https://static.athome.com/images/w_1200,h_1200,c_pad,f_auto,fl_lossy,q_auto/v1633179297/p/124349232/circle-with-stand-metal-decor-29.jpg",https://www.athome.com//circle-with-stand-metal-decor-29/124349232.html
"Oh Joy! Pink Vertical Striped 15-Minute Sand Hourglass, 2x6","https://static.athome.com/images/w_1200,h_1200,c_pad,f_auto,fl_lossy,q_auto/v1711215634/p/124401277/oh-joy%21-pink-vertical-striped-15-minute-sand-hourglass-2x6.jpg",https://www.athome.com//oh-joy%21-pink-vertical-striped-15-minute-sand-hourglass-2x6/124401277.html
"Tracey Boyd Wooden Figure on Stand, 12""","https://static.athome.com/images/w_1200,h_1200,c_pad,f_auto,fl_lossy,q_auto/v1629486738/p/124329726/tracey-boyd-wooden-figure-on-stand-12.jpg",https://www.athome.com//tracey-boyd-wooden-figure-on-stand-12/124329726.html
"Tracey Boyd Mango Wood Abstract Figure, 20""","https://static.athome.com/images/w_1200,h_1200,c_pad,f_auto,fl_lossy,q_auto/v1629487415/p/124329659/tracey-boyd-mango-wood-abstract-figure-20.jpg",https://www.athome.com//tracey-boyd-mango-wood-abstract-figure-20/124329659.html
"Circle Metal Decor, 34.5""","https://static.athome.com/images/w_1200,h_1200,c_pad,f_auto,fl_lossy,q_auto/v1633179302/p/124349238/circle-metal-decor-34.5.jpg",https://www.athome.com//circle-metal-decor-34.5/124349238.html
"Metallic Obelisk Decor, 29""","https://static.athome.com/images/w_1200,h_1200,c_pad,f_auto,fl_lossy,q_auto/v1642773335/p/124349772/metallic-obelisk-decor-29.jpg",https://www.athome.com//metallic-obelisk-decor-29/124349772.html
"Silver Diamond Decor, 6""","https://static.athome.com/images/w_1200,h_1200,c_pad,f_auto,fl_lossy,q_auto/v1629489057/p/124339797/silver-diamond-decor-6.jpg",https://www.athome.com//silver-diamond-decor-6/124339797.html
"Windmill Metal Decor, 34""","https://static.athome.com/images/w_1200,h_1200,c_pad,f_auto,fl_lossy,q_auto/v1633179303/p/124349239/windmill-metal-decor-34.jpg",https://www.athome.com//windmill-metal-decor-34/124349239.html
"Tracey Boyd Carved Toucan Figurine, 10""","https://static.athome.com/images/w_1200,h_1200,c_pad,f_auto,fl_lossy,q_auto/v1668272650/p/124372950/tracey-boyd-carved-toucan-figurine-10.jpg",https://www.athome.com//tracey-boyd-carved-toucan-figurine-10/124372950.html
"Silver Metal Decor, 40""","https://static.athome.com/images/w_1200,h_1200,c_pad,f_auto,fl_lossy,q_auto/v1652530864/p/124348697/silver-metal-decor-40.jpg",https://www.athome.com//silver-metal-decor-40/124348697.html
"Abstract Wooden Figurine, 20.5""","https://static.athome.com/images/w_1200,h_1200,c_pad,f_auto,fl_lossy,q_auto/v1682166993/p/124379582/abstract-wooden-figurine-20.5.jpg",https://www.athome.com//abstract-wooden-figurine-20.5/124379582.html
"Honeybloom Gold Metal Figurine, 5""","https://static.athome.com/images/w_1200,h_1200,c_pad,f_auto,fl_lossy,q_auto/v1672925756/p/124366712/honeybloom-gold-metal-figurine-5.jpg",https://www.athome.com//honeybloom-gold-metal-figurine-5/124366712.html
"Grey Figurals Abstract Decor, 15.7""","https://static.athome.com/images/w_1200,h_1200,c_pad,f_auto,fl_lossy,q_auto/v1649420411/p/124358321/grey-figurals-abstract-decor-15.7.jpg",https://www.athome.com//grey-figurals-abstract-decor-15.7/124358321.html
"Gold Metal Guitar, 38""","https://static.athome.com/images/w_1200,h_1200,c_pad,f_auto,fl_lossy,q_auto/v1652530868/p/124348699/gold-metal-guitar-38.jpg",https://www.athome.com//gold-metal-guitar-38/124348699.html
"Laila Ali Metal Fan Decor, 15""","https://static.athome.com/images/w_1200,h_1200,c_pad,f_auto,fl_lossy,q_auto/v1674048908/p/124378645/laila-ali-metal-fan-decor-15.jpg",https://www.athome.com//laila-ali-metal-fan-decor-15/124378645.html
"Gold Metal Floor Decor, 29""","https://static.athome.com/images/w_1200,h_1200,c_pad,f_auto,fl_lossy,q_auto/v1648297228/p/124348235/gold-metal-floor-decor-29.jpg",https://www.athome.com//gold-metal-floor-decor-29/124348235.html
"Pink Sand Hourglass, 8.9""","https://static.athome.com/images/w_1200,h_1200,c_pad,f_auto,fl_lossy,q_auto/v1649420397/p/124354761/pink-sand-hourglass-8.9.jpg",https://www.athome.com//pink-sand-hourglass-8.9/124354761.html
"Tracey Boyd Wood-Look Block Table Decor, 4""","https://static.athome.com/images/w_1200,h_1200,c_pad,f_auto,fl_lossy,q_auto/v1641563515/p/124353339/tracey-boyd-wood-look-block-table-decor-4.jpg",https://www.athome.com//tracey-boyd-wood-look-block-table-decor-4/124353339.html
"Providence Gold Turtle Shell on White Stand Decor, 12""","https://static.athome.com/images/w_1200,h_1200,c_pad,f_auto,fl_lossy,q_auto/v1634734309/p/124345931/providence-gold-turtle-shell-on-white-stand-decor-12.jpg",https://www.athome.com//providence-gold-turtle-shell-on-white-stand-decor-12/124345931.html
"Silver Hourglass Decor, 7""","https://static.athome.com/images/w_1200,h_1200,c_pad,f_auto,fl_lossy,q_auto/v1629487560/p/124288666/silver-hourglass-decor-7.jpg",https://www.athome.com//silver-hourglass-decor-7/124288666.html
"Found & Fable Silver Metal Gingko Leaf Figurine, 24""","https://static.athome.com/images/w_1200,h_1200,c_pad,f_auto,fl_lossy,q_auto/v1668031188/p/124373113/found-fable-silver-metal-gingko-leaf-figurine-24.jpg",https://www.athome.com//found-fable-silver-metal-gingko-leaf-figurine-24/124373113.html
"Tracey Boyd Ceramic Terracotta Figurine, 7""","https://static.athome.com/images/w_1200,h_1200,c_pad,f_auto,fl_lossy,q_auto/v1683376940/p/124373079/tracey-boyd-ceramic-terracotta-figurine-7.jpg",https://www.athome.com//tracey-boyd-ceramic-terracotta-figurine-7/124373079.html
34In Gold Plant Metal Decor,"https://static.athome.com/images/w_1200,h_1200,c_pad,f_auto,fl_lossy,q_auto/v1697806640/p/124349236/34in-gold-plant-metal-decor.jpg",https://www.athome.com//34in-gold-plant-metal-decor/124349236.html
"Wooden Teardrop Decor, 29""","https://static.athome.com/images/w_1200,h_1200,c_pad,f_auto,fl_lossy,q_auto/v1688733373/p/124349178/wooden-teardrop-decor-29.jpg",https://www.athome.com//wooden-teardrop-decor-29/124349178.html
"Grace Mitchell Silver Obelisk Table Decor, 15""","https://static.athome.com/images/w_1200,h_1200,c_pad,f_auto,fl_lossy,q_auto/v1629491386/p/124312956/grace-mitchell-silver-obelisk-table-decor-15.jpg",https://www.athome.com//grace-mitchell-silver-obelisk-table-decor-15/124312956.html
"Black Metal Decor, 40""","https://static.athome.com/images/w_1200,h_1200,c_pad,f_auto,fl_lossy,q_auto/v1652530866/p/124348698/black-metal-decor-40.jpg",https://www.athome.com//black-metal-decor-40/124348698.html
"Grace Mitchell Gold Wire Sphere, 8""","https://static.athome.com/images/w_1200,h_1200,c_pad,f_auto,fl_lossy,q_auto/v1629488766/p/124305561/grace-mitchell-gold-wire-sphere-8.jpg",https://www.athome.com//grace-mitchell-gold-wire-sphere-8/124305561.html
"Gold Metal Stacked Boxes Decor, 29""","https://static.athome.com/images/w_1200,h_1200,c_pad,f_auto,fl_lossy,q_auto/v1633179282/p/124349211/gold-metal-stacked-boxes-decor-29.jpg",https://www.athome.com//gold-metal-stacked-boxes-decor-29/124349211.html
