title,img_url,product_link
"White Open Floor Vase, 48""","https://static.athome.com/images/w_200,h_200,c_pad,f_auto,fl_lossy,q_auto/p/124267302/white-open-floor-vase-48.jpg",https://www.athome.com//white-open-floor-vase-48/124267302.html
"Crosby St. Black Open Circle Floor Vase, 48""","https://static.athome.com/images/w_200,h_200,c_pad,f_auto,fl_lossy,q_auto/p/124298016/crosby-st.-black-open-circle-floor-vase-48.jpg",https://www.athome.com//crosby-st.-black-open-circle-floor-vase-48/124298016.html
"Crosby St. Black Geo Floor Vase, 36""","https://static.athome.com/images/w_200,h_200,c_pad,f_auto,fl_lossy,q_auto/p/124278107/crosby-st.-black-geo-floor-vase-36.jpg",https://www.athome.com//crosby-st.-black-geo-floor-vase-36/124278107.html
"Clear Glass Cylinder Vase, 5""","https://static.athome.com/images/w_200,h_200,c_pad,f_auto,fl_lossy,q_auto/p/124132736/clear-glass-cylinder-vase-5.jpg",https://www.athome.com//clear-glass-cylinder-vase-5/124132736.html
"Clear Glass Cylinder Vase, 16""","https://static.athome.com/images/w_200,h_200,c_pad,f_auto,fl_lossy,q_auto/p/124250964/clear-glass-cylinder-vase-16.jpg",https://www.athome.com//clear-glass-cylinder-vase-16/124250964.html
"Grey Tribal Metal Vase, 27""","https://static.athome.com/images/w_200,h_200,c_pad,f_auto,fl_lossy,q_auto/p/124290521/grey-tribal-metal-vase-27.jpg",https://www.athome.com//grey-tribal-metal-vase-27/124290521.html
"Green Glass Vase, 14""","https://static.athome.com/images/w_200,h_200,c_pad,f_auto,fl_lossy,q_auto/p/124289013/green-glass-vase-14.jpg",https://www.athome.com//green-glass-vase-14/124289013.html
"Providence 3D Flower Ceramic Pot, 7""","https://static.athome.com/images/w_200,h_200,c_pad,f_auto,fl_lossy,q_auto/p/124389021/providence-3d-flower-ceramic-pot-7.jpg",https://www.athome.com//providence-3d-flower-ceramic-pot-7/124389021.html
"Honeybloom Emily White Ceramic Bottle Vase, 14""","https://static.athome.com/images/w_200,h_200,c_pad,f_auto,fl_lossy,q_auto/p/124258377/honeybloom-emily-white-ceramic-bottle-vase-14.jpg",https://www.athome.com//honeybloom-emily-white-ceramic-bottle-vase-14/124258377.html
"Honeybloom Emily White Ceramic Bottle Vase, 9.5""","https://static.athome.com/images/w_200,h_200,c_pad,f_auto,fl_lossy,q_auto/p/124258378/honeybloom-emily-white-ceramic-bottle-vase-9.5.jpg",https://www.athome.com//honeybloom-emily-white-ceramic-bottle-vase-9.5/124258378.html
"Clear Glass Apothecary Jar, 15""","https://static.athome.com/images/w_200,h_200,c_pad,f_auto,fl_lossy,q_auto/p/124283734/clear-glass-apothecary-jar-15.jpg",https://www.athome.com//clear-glass-apothecary-jar-15/124283734.html
"Honeybloom Emily White Ceramic Bottle Vase, 6""","https://static.athome.com/images/w_200,h_200,c_pad,f_auto,fl_lossy,q_auto/p/124258379/honeybloom-emily-white-ceramic-bottle-vase-6.jpg",https://www.athome.com//honeybloom-emily-white-ceramic-bottle-vase-6/124258379.html
"Providence Blue & White Floral Porcelain Jar, 11""","https://static.athome.com/images/w_200,h_200,c_pad,f_auto,fl_lossy,q_auto/p/124379170/providence-blue-white-floral-porcelain-jar-11.jpg",https://www.athome.com//providence-blue-white-floral-porcelain-jar-11/124379170.html
"Honeybloom Katherine Teal Ceramic Short Neck Vase, 8""","https://static.athome.com/images/w_200,h_200,c_pad,f_auto,fl_lossy,q_auto/p/124225621/honeybloom-katherine-teal-ceramic-short-neck-vase-8.jpg",https://www.athome.com//honeybloom-katherine-teal-ceramic-short-neck-vase-8/124225621.html
"Found & Fable White & Black Vase, 7""","https://static.athome.com/images/w_200,h_200,c_pad,f_auto,fl_lossy,q_auto/p/124402858/found-fable-white-black-vase-7.jpg",https://www.athome.com//found-fable-white-black-vase-7/124402858.html
"Providence White & Blue Floral Porcelain Jar, 5x7","https://static.athome.com/images/w_200,h_200,c_pad,f_auto,fl_lossy,q_auto/p/124379169/providence-white-blue-floral-porcelain-jar-5x7.jpg",https://www.athome.com//providence-white-blue-floral-porcelain-jar-5x7/124379169.html
"White & Cream Metal Vase, 24""","https://static.athome.com/images/w_200,h_200,c_pad,f_auto,fl_lossy,q_auto/p/124320233/white-cream-metal-vase-24.jpg",https://www.athome.com//white-cream-metal-vase-24/124320233.html
"Providence 3D Flower Ceramic Vase with Handles, 18""","https://static.athome.com/images/w_200,h_200,c_pad,f_auto,fl_lossy,q_auto/p/124389023/providence-3d-flower-ceramic-vase-with-handles-18.jpg",https://www.athome.com//providence-3d-flower-ceramic-vase-with-handles-18/124389023.html
"Found & Fable Black Metal Vase, 36""","https://static.athome.com/images/w_200,h_200,c_pad,f_auto,fl_lossy,q_auto/p/124400535/found-fable-black-metal-vase-36.jpg",https://www.athome.com//found-fable-black-metal-vase-36/124400535.html
"Crosby St. Black Ceramic Orb Vase, 5x4","https://static.athome.com/images/w_200,h_200,c_pad,f_auto,fl_lossy,q_auto/p/124389418/crosby-st.-black-ceramic-orb-vase-5x4.jpg",https://www.athome.com//crosby-st.-black-ceramic-orb-vase-5x4/124389418.html
"Green Glass Vase, 7""","https://static.athome.com/images/w_200,h_200,c_pad,f_auto,fl_lossy,q_auto/p/124289012/green-glass-vase-7.jpg",https://www.athome.com//green-glass-vase-7/124289012.html
"Gold Hammered Vase, 7""","https://static.athome.com/images/w_200,h_200,c_pad,f_auto,fl_lossy,q_auto/p/124391087/gold-hammered-vase-7.jpg",https://www.athome.com//gold-hammered-vase-7/124391087.html
"Honeybloom Rattan Jar, 13""","https://static.athome.com/images/w_200,h_200,c_pad,f_auto,fl_lossy,q_auto/p/124399937/honeybloom-rattan-jar-13.jpg",https://www.athome.com//honeybloom-rattan-jar-13/124399937.html
"White Ceramic Vase, 9""","https://static.athome.com/images/w_200,h_200,c_pad,f_auto,fl_lossy,q_auto/p/124346938/white-ceramic-vase-9.jpg",https://www.athome.com//white-ceramic-vase-9/124346938.html
"Clear Rectangle Ribbed Vase, 7""","https://static.athome.com/images/w_200,h_200,c_pad,f_auto,fl_lossy,q_auto/p/125000674/clear-rectangle-ribbed-vase-7.jpg",https://www.athome.com//clear-rectangle-ribbed-vase-7/125000674.html
"Clear Glass Cube Vase, 6""","https://static.athome.com/images/w_200,h_200,c_pad,f_auto,fl_lossy,q_auto/p/124251598/clear-glass-cube-vase-6.jpg",https://www.athome.com//clear-glass-cube-vase-6/124251598.html
"Crosby St. Black Open Circle Floor Vase, 40""","https://static.athome.com/images/w_200,h_200,c_pad,f_auto,fl_lossy,q_auto/p/124298017/crosby-st.-black-open-circle-floor-vase-40.jpg",https://www.athome.com//crosby-st.-black-open-circle-floor-vase-40/124298017.html
"Tracey Boyd Terracotta Ceramic Vase, 8""","https://static.athome.com/images/w_200,h_200,c_pad,f_auto,fl_lossy,q_auto/p/124366744/tracey-boyd-terracotta-ceramic-vase-8.jpg",https://www.athome.com//tracey-boyd-terracotta-ceramic-vase-8/124366744.html
"Honeybloom Natural Ombre Metal Vase, 17""","https://static.athome.com/images/w_200,h_200,c_pad,f_auto,fl_lossy,q_auto/p/124315256/honeybloom-natural-ombre-metal-vase-17.jpg",https://www.athome.com//honeybloom-natural-ombre-metal-vase-17/124315256.html
"Honeybloom Emily White & Brown Ceramic Vase, 9.5""","https://static.athome.com/images/w_200,h_200,c_pad,f_auto,fl_lossy,q_auto/p/124366722/honeybloom-emily-white-brown-ceramic-vase-9.5.jpg",https://www.athome.com//honeybloom-emily-white-brown-ceramic-vase-9.5/124366722.html
"White & Tan Ribbed Metal Vase, 16""","https://static.athome.com/images/w_200,h_200,c_pad,f_auto,fl_lossy,q_auto/p/124287855/white-tan-ribbed-metal-vase-16.jpg",https://www.athome.com//white-tan-ribbed-metal-vase-16/124287855.html
Remi Vase 6In Polished Silver,"https://static.athome.com/images/w_200,h_200,c_pad,f_auto,fl_lossy,q_auto/p/124399856/remi-vase-6in-polished-silver.jpg",https://www.athome.com//remi-vase-6in-polished-silver/124399856.html
"Honeybloom Amber Glass Vase, 10""","https://static.athome.com/images/w_200,h_200,c_pad,f_auto,fl_lossy,q_auto/p/124366574/honeybloom-amber-glass-vase-10.jpg",https://www.athome.com//honeybloom-amber-glass-vase-10/124366574.html
"Clear Class Vase, 7""","https://static.athome.com/images/w_200,h_200,c_pad,f_auto,fl_lossy,q_auto/p/124341200/clear-class-vase-7.jpg",https://www.athome.com//clear-class-vase-7/124341200.html
"Providence Green Cutout Ceramic Jar, 15""","https://static.athome.com/images/w_200,h_200,c_pad,f_auto,fl_lossy,q_auto/p/124389045/providence-green-cutout-ceramic-jar-15.jpg",https://www.athome.com//providence-green-cutout-ceramic-jar-15/124389045.html
"Found & Fable Green Glass Vase, 4""","https://static.athome.com/images/w_200,h_200,c_pad,f_auto,fl_lossy,q_auto/p/124402866/found-fable-green-glass-vase-4.jpg",https://www.athome.com//found-fable-green-glass-vase-4/124402866.html
"Crosby St. Riley Black Modern Open Ceramic Vase, 9.5""","https://static.athome.com/images/w_200,h_200,c_pad,f_auto,fl_lossy,q_auto/p/124318115/crosby-st.-riley-black-modern-open-ceramic-vase-9.5.jpg",https://www.athome.com//crosby-st.-riley-black-modern-open-ceramic-vase-9.5/124318115.html
"Pink Raindrop Ceramic Bud Vase, 5""","https://static.athome.com/images/w_200,h_200,c_pad,f_auto,fl_lossy,q_auto/p/124389115/pink-raindrop-ceramic-bud-vase-5.jpg",https://www.athome.com//pink-raindrop-ceramic-bud-vase-5/124389115.html
"Blue Weave Design Ceramic Bud Vase, 4""","https://static.athome.com/images/w_200,h_200,c_pad,f_auto,fl_lossy,q_auto/p/124389323/blue-weave-design-ceramic-bud-vase-4.jpg",https://www.athome.com//blue-weave-design-ceramic-bud-vase-4/124389323.html
"Cream Basket Weave Ceramic Vase, 4""","https://static.athome.com/images/w_200,h_200,c_pad,f_auto,fl_lossy,q_auto/p/124389117/cream-basket-weave-ceramic-vase-4.jpg",https://www.athome.com//cream-basket-weave-ceramic-vase-4/124389117.html
"Honeybloom Katherine Yellow Ceramic Vase, 15""","https://static.athome.com/images/w_200,h_200,c_pad,f_auto,fl_lossy,q_auto/p/124225618/honeybloom-katherine-yellow-ceramic-vase-15.jpg",https://www.athome.com//honeybloom-katherine-yellow-ceramic-vase-15/124225618.html
"Honeybloom Seagrass Vase, 22""","https://static.athome.com/images/w_200,h_200,c_pad,f_auto,fl_lossy,q_auto/p/124240064/honeybloom-seagrass-vase-22.jpg",https://www.athome.com//honeybloom-seagrass-vase-22/124240064.html
"Ty Pennington White Glass Vase, 8.5""","https://static.athome.com/images/w_200,h_200,c_pad,f_auto,fl_lossy,q_auto/p/124381430/ty-pennington-white-glass-vase-8.5.jpg",https://www.athome.com//ty-pennington-white-glass-vase-8.5/124381430.html
"Grey Tribal Metal Vase, 20""","https://static.athome.com/images/w_200,h_200,c_pad,f_auto,fl_lossy,q_auto/p/124290522/grey-tribal-metal-vase-20.jpg",https://www.athome.com//grey-tribal-metal-vase-20/124290522.html
"Found & Fable Eileen Black Ceramic Vase, 8""","https://static.athome.com/images/w_200,h_200,c_pad,f_auto,fl_lossy,q_auto/p/124381367/found-fable-eileen-black-ceramic-vase-8.jpg",https://www.athome.com//found-fable-eileen-black-ceramic-vase-8/124381367.html
"White Carved Wooden Vase, 16""","https://static.athome.com/images/w_200,h_200,c_pad,f_auto,fl_lossy,q_auto/p/124319577/white-carved-wooden-vase-16.jpg",https://www.athome.com//white-carved-wooden-vase-16/124319577.html
"Clear Bubble Ribbed Glass Vase, 8.5""","https://static.athome.com/images/w_200,h_200,c_pad,f_auto,fl_lossy,q_auto/p/125000671/clear-bubble-ribbed-glass-vase-8.5.jpg",https://www.athome.com//clear-bubble-ribbed-glass-vase-8.5/125000671.html
"Clear Ribbed Narrow Opening Vase, 8.5""","https://static.athome.com/images/w_200,h_200,c_pad,f_auto,fl_lossy,q_auto/p/125000669/clear-ribbed-narrow-opening-vase-8.5.jpg",https://www.athome.com//clear-ribbed-narrow-opening-vase-8.5/125000669.html
"Clear Round Ribbed Vase, 6""","https://static.athome.com/images/w_200,h_200,c_pad,f_auto,fl_lossy,q_auto/p/125000681/clear-round-ribbed-vase-6.jpg",https://www.athome.com//clear-round-ribbed-vase-6/125000681.html
"Honeybloom Emily White & Brown Ceramic Vase, 14""","https://static.athome.com/images/w_200,h_200,c_pad,f_auto,fl_lossy,q_auto/p/124366721/honeybloom-emily-white-brown-ceramic-vase-14.jpg",https://www.athome.com//honeybloom-emily-white-brown-ceramic-vase-14/124366721.html
"Found & Fable Eileen White Vase, 6""","https://static.athome.com/images/w_200,h_200,c_pad,f_auto,fl_lossy,q_auto/p/124373182/found-fable-eileen-white-vase-6.jpg",https://www.athome.com//found-fable-eileen-white-vase-6/124373182.html
"Found & Fable Green Glazed Vase, 6.5""","https://static.athome.com/images/w_200,h_200,c_pad,f_auto,fl_lossy,q_auto/p/124391123/found-fable-green-glazed-vase-6.5.jpg",https://www.athome.com//found-fable-green-glazed-vase-6.5/124391123.html
"Honeybloom Brown Wicker-Look Vase, 9.8""","https://static.athome.com/images/w_200,h_200,c_pad,f_auto,fl_lossy,q_auto/p/124367469/honeybloom-brown-wicker-look-vase-9.8.jpg",https://www.athome.com//honeybloom-brown-wicker-look-vase-9.8/124367469.html
"Blue Ribbed Narrow Opening Vase, 8.5""","https://static.athome.com/images/w_200,h_200,c_pad,f_auto,fl_lossy,q_auto/p/125000660/blue-ribbed-narrow-opening-vase-8.5.jpg",https://www.athome.com//blue-ribbed-narrow-opening-vase-8.5/125000660.html
"Blue Ombre Metal Bottle Floor Vase, 38""","https://static.athome.com/images/w_200,h_200,c_pad,f_auto,fl_lossy,q_auto/p/124236312/blue-ombre-metal-bottle-floor-vase-38.jpg",https://www.athome.com//blue-ombre-metal-bottle-floor-vase-38/124236312.html
"Found & Fable Green Bubble Ceramic Vase, 6.5""","https://static.athome.com/images/w_200,h_200,c_pad,f_auto,fl_lossy,q_auto/p/124402873/found-fable-green-bubble-ceramic-vase-6.5.jpg",https://www.athome.com//found-fable-green-bubble-ceramic-vase-6.5/124402873.html
"Honeybloom Amber Bottle Flower Vase, 8""","https://static.athome.com/images/w_200,h_200,c_pad,f_auto,fl_lossy,q_auto/p/124366572/honeybloom-amber-bottle-flower-vase-8.jpg",https://www.athome.com//honeybloom-amber-bottle-flower-vase-8/124366572.html
"Green Mercury Glass Bud Vase, 4""","https://static.athome.com/images/w_200,h_200,c_pad,f_auto,fl_lossy,q_auto/p/124399170/green-mercury-glass-bud-vase-4.jpg",https://www.athome.com//green-mercury-glass-bud-vase-4/124399170.html
"Blue Mosaic Glass Vase, 16""","https://static.athome.com/images/w_200,h_200,c_pad,f_auto,fl_lossy,q_auto/p/124390490/blue-mosaic-glass-vase-16.jpg",https://www.athome.com//blue-mosaic-glass-vase-16/124390490.html
"Gold Mercury Glass Bud Vase, 6.5""","https://static.athome.com/images/w_200,h_200,c_pad,f_auto,fl_lossy,q_auto/p/124399152/gold-mercury-glass-bud-vase-6.5.jpg",https://www.athome.com//gold-mercury-glass-bud-vase-6.5/124399152.html
Tracey Boyd White Ceramic Vase with Handle,"https://static.athome.com/images/w_200,h_200,c_pad,f_auto,fl_lossy,q_auto/p/124324759/tracey-boyd-white-ceramic-vase-with-handle.jpg",https://www.athome.com//tracey-boyd-white-ceramic-vase-with-handle/124324759.html
"Honeybloom Emily White & Brown Ceramic Vase, 6""","https://static.athome.com/images/w_200,h_200,c_pad,f_auto,fl_lossy,q_auto/p/124366723/honeybloom-emily-white-brown-ceramic-vase-6.jpg",https://www.athome.com//honeybloom-emily-white-brown-ceramic-vase-6/124366723.html
"Woven Water Hyacinth Vase, 14""","https://static.athome.com/images/w_200,h_200,c_pad,f_auto,fl_lossy,q_auto/p/124389355/woven-water-hyacinth-vase-14.jpg",https://www.athome.com//woven-water-hyacinth-vase-14/124389355.html
"Crosby St. Riley White Ceramic Open Vase, 14""","https://static.athome.com/images/w_200,h_200,c_pad,f_auto,fl_lossy,q_auto/p/124257753/crosby-st.-riley-white-ceramic-open-vase-14.jpg",https://www.athome.com//crosby-st.-riley-white-ceramic-open-vase-14/124257753.html
"Honeybloom Brown Wicker-Look Vase, 8""","https://static.athome.com/images/w_200,h_200,c_pad,f_auto,fl_lossy,q_auto/p/124367470/honeybloom-brown-wicker-look-vase-8.jpg",https://www.athome.com//honeybloom-brown-wicker-look-vase-8/124367470.html
"Found & Fable Half Etching  Extra Small Metal Vase, 4.7""","https://static.athome.com/images/w_200,h_200,c_pad,f_auto,fl_lossy,q_auto/p/124402862/found-fable-half-etching--extra-small-metal-vase-4.7.jpg",https://www.athome.com//found-fable-half-etching--extra-small-metal-vase-4.7/124402862.html
"Found & Fable White Vase With Wrapped Handle, 6""","https://static.athome.com/images/w_200,h_200,c_pad,f_auto,fl_lossy,q_auto/p/124391111/found-fable-white-vase-with-wrapped-handle-6.jpg",https://www.athome.com//found-fable-white-vase-with-wrapped-handle-6/124391111.html
"Found & Fable Half Etching Small Metal Vase, 4.2""","https://static.athome.com/images/w_200,h_200,c_pad,f_auto,fl_lossy,q_auto/p/124402863/found-fable-half-etching-small-metal-vase-4.2.jpg",https://www.athome.com//found-fable-half-etching-small-metal-vase-4.2/124402863.html
"Blue Bubble Ribbed Glass Vase, 8.5""","https://static.athome.com/images/w_200,h_200,c_pad,f_auto,fl_lossy,q_auto/p/125000668/blue-bubble-ribbed-glass-vase-8.5.jpg",https://www.athome.com//blue-bubble-ribbed-glass-vase-8.5/125000668.html
"Gold Hammered Vase, 10""","https://static.athome.com/images/w_200,h_200,c_pad,f_auto,fl_lossy,q_auto/p/124391086/gold-hammered-vase-10.jpg",https://www.athome.com//gold-hammered-vase-10/124391086.html
"Purple Clear Glass Vase, 8""","https://static.athome.com/images/w_200,h_200,c_pad,f_auto,fl_lossy,q_auto/p/124389336/purple-clear-glass-vase-8.jpg",https://www.athome.com//purple-clear-glass-vase-8/124389336.html
"Cherry Red Carved Vase, 15""","https://static.athome.com/images/w_200,h_200,c_pad,f_auto,fl_lossy,q_auto/p/124288327/cherry-red-carved-vase-15.jpg",https://www.athome.com//cherry-red-carved-vase-15/124288327.html
"Found & Fable Green Glass Vase, 12""","https://static.athome.com/images/w_200,h_200,c_pad,f_auto,fl_lossy,q_auto/p/124391125/found-fable-green-glass-vase-12.jpg",https://www.athome.com//found-fable-green-glass-vase-12/124391125.html
"Red Mercury Glass Bud Vase, 6.5""","https://static.athome.com/images/w_200,h_200,c_pad,f_auto,fl_lossy,q_auto/p/124399162/red-mercury-glass-bud-vase-6.5.jpg",https://www.athome.com//red-mercury-glass-bud-vase-6.5/124399162.html
"White Tribal Patterned Ceramic Vase, 10""","https://static.athome.com/images/w_200,h_200,c_pad,f_auto,fl_lossy,q_auto/p/124258381/white-tribal-patterned-ceramic-vase-10.jpg",https://www.athome.com//white-tribal-patterned-ceramic-vase-10/124258381.html
"Blue Mosaic Glass Vase, 9""","https://static.athome.com/images/w_200,h_200,c_pad,f_auto,fl_lossy,q_auto/p/124390491/blue-mosaic-glass-vase-9.jpg",https://www.athome.com//blue-mosaic-glass-vase-9/124390491.html
"Ty Pennington Blue Speckled Ceramic Vase, 5""","https://static.athome.com/images/w_200,h_200,c_pad,f_auto,fl_lossy,q_auto/p/124362194/ty-pennington-blue-speckled-ceramic-vase-5.jpg",https://www.athome.com//ty-pennington-blue-speckled-ceramic-vase-5/124362194.html
"Clear Bottom Bubble Ribbed Vase, 9""","https://static.athome.com/images/w_200,h_200,c_pad,f_auto,fl_lossy,q_auto/p/125000676/clear-bottom-bubble-ribbed-vase-9.jpg",https://www.athome.com//clear-bottom-bubble-ribbed-vase-9/125000676.html
"Silver Mercury Glass Bud Vase, 5.5""","https://static.athome.com/images/w_200,h_200,c_pad,f_auto,fl_lossy,q_auto/p/124399149/silver-mercury-glass-bud-vase-5.5.jpg",https://www.athome.com//silver-mercury-glass-bud-vase-5.5/124399149.html
6In Blue Round Ribbed Vase,"https://static.athome.com/images/w_200,h_200,c_pad,f_auto,fl_lossy,q_auto/p/125000659/6in-blue-round-ribbed-vase.jpg",https://www.athome.com//6in-blue-round-ribbed-vase/125000659.html
8.5In Green Bubble Ribbed Glass Vase,"https://static.athome.com/images/w_200,h_200,c_pad,f_auto,fl_lossy,q_auto/p/125000655/8.5in-green-bubble-ribbed-glass-vase.jpg",https://www.athome.com//8.5in-green-bubble-ribbed-glass-vase/125000655.html
"Crosby St. Brown Carved Vase, 13.5""","https://static.athome.com/images/w_200,h_200,c_pad,f_auto,fl_lossy,q_auto/p/124376782/crosby-st.-brown-carved-vase-13.5.jpg",https://www.athome.com//crosby-st.-brown-carved-vase-13.5/124376782.html
"Brown Mercury Glass Bud Vase, 5.5""","https://static.athome.com/images/w_200,h_200,c_pad,f_auto,fl_lossy,q_auto/p/124399159/brown-mercury-glass-bud-vase-5.5.jpg",https://www.athome.com//brown-mercury-glass-bud-vase-5.5/124399159.html
"White & Cream Metal Vase, 20""","https://static.athome.com/images/w_200,h_200,c_pad,f_auto,fl_lossy,q_auto/p/124320232/white-cream-metal-vase-20.jpg",https://www.athome.com//white-cream-metal-vase-20/124320232.html
"Providence Ribbed Clear Glass Vase, 9""","https://static.athome.com/images/w_200,h_200,c_pad,f_auto,fl_lossy,q_auto/p/124378975/providence-ribbed-clear-glass-vase-9.jpg",https://www.athome.com//providence-ribbed-clear-glass-vase-9/124378975.html
"Black Weave Design Ceramic Bud Vase, 4""","https://static.athome.com/images/w_200,h_200,c_pad,f_auto,fl_lossy,q_auto/p/124389322/black-weave-design-ceramic-bud-vase-4.jpg",https://www.athome.com//black-weave-design-ceramic-bud-vase-4/124389322.html
"Green Rectangle Ribbed Vase, 7""","https://static.athome.com/images/w_200,h_200,c_pad,f_auto,fl_lossy,q_auto/p/125000658/green-rectangle-ribbed-vase-7.jpg",https://www.athome.com//green-rectangle-ribbed-vase-7/125000658.html
"Green Ribbed Narrow Opening Vase, 8.5""","https://static.athome.com/images/w_200,h_200,c_pad,f_auto,fl_lossy,q_auto/p/125000688/green-ribbed-narrow-opening-vase-8.5.jpg",https://www.athome.com//green-ribbed-narrow-opening-vase-8.5/125000688.html
"White Flower Metal Oversized Vase, 29""","https://static.athome.com/images/w_200,h_200,c_pad,f_auto,fl_lossy,q_auto/p/124405367/white-flower-metal-oversized-vase-29.jpg",https://www.athome.com//white-flower-metal-oversized-vase-29/124405367.html
"Green Bottom Bubble Ribbed Vase, 9""","https://static.athome.com/images/w_200,h_200,c_pad,f_auto,fl_lossy,q_auto/p/125000685/green-bottom-bubble-ribbed-vase-9.jpg",https://www.athome.com//green-bottom-bubble-ribbed-vase-9/125000685.html
"Providence Burgundy Ceramic Ginger Jar, 7.5""","https://static.athome.com/images/w_200,h_200,c_pad,f_auto,fl_lossy,q_auto/p/124399764/providence-burgundy-ceramic-ginger-jar-7.5.jpg",https://www.athome.com//providence-burgundy-ceramic-ginger-jar-7.5/124399764.html
"Providence Gold Metal Decorative Vase, 16""","https://static.athome.com/images/w_200,h_200,c_pad,f_auto,fl_lossy,q_auto/p/124366837/providence-gold-metal-decorative-vase-16.jpg",https://www.athome.com//providence-gold-metal-decorative-vase-16/124366837.html
"Cherry Red Carved Vase, 9""","https://static.athome.com/images/w_200,h_200,c_pad,f_auto,fl_lossy,q_auto/p/124288328/cherry-red-carved-vase-9.jpg",https://www.athome.com//cherry-red-carved-vase-9/124288328.html
"Honeybloom Rattan Jar, 10""","https://static.athome.com/images/w_200,h_200,c_pad,f_auto,fl_lossy,q_auto/p/124399938/honeybloom-rattan-jar-10.jpg",https://www.athome.com//honeybloom-rattan-jar-10/124399938.html
"Red Bamboo Vase, 10""","https://static.athome.com/images/w_200,h_200,c_pad,f_auto,fl_lossy,q_auto/p/124310815/red-bamboo-vase-10.jpg",https://www.athome.com//red-bamboo-vase-10/124310815.html
"Tracey Boyd White Carved Round Vase, 9""","https://static.athome.com/images/w_200,h_200,c_pad,f_auto,fl_lossy,q_auto/p/124320324/tracey-boyd-white-carved-round-vase-9.jpg",https://www.athome.com//tracey-boyd-white-carved-round-vase-9/124320324.html
"Providence Marbled Ceramic Vase, 4.3""","https://static.athome.com/images/w_200,h_200,c_pad,f_auto,fl_lossy,q_auto/p/124366737/providence-marbled-ceramic-vase-4.3.jpg",https://www.athome.com//providence-marbled-ceramic-vase-4.3/124366737.html
"Honeybloom Katherine Navy Ceramic Vase, 8""","https://static.athome.com/images/w_200,h_200,c_pad,f_auto,fl_lossy,q_auto/p/124314249/honeybloom-katherine-navy-ceramic-vase-8.jpg",https://www.athome.com//honeybloom-katherine-navy-ceramic-vase-8/124314249.html
"Blue Rectangle Ribbed Vase, 7""","https://static.athome.com/images/w_200,h_200,c_pad,f_auto,fl_lossy,q_auto/p/125000675/blue-rectangle-ribbed-vase-7.jpg",https://www.athome.com//blue-rectangle-ribbed-vase-7/125000675.html
"Pink Mercury Glass Bud Vase, 4""","https://static.athome.com/images/w_200,h_200,c_pad,f_auto,fl_lossy,q_auto/p/124399155/pink-mercury-glass-bud-vase-4.jpg",https://www.athome.com//pink-mercury-glass-bud-vase-4/124399155.html
"Red Mercury Glass Bud Vase, 5.5""","https://static.athome.com/images/w_200,h_200,c_pad,f_auto,fl_lossy,q_auto/p/124399160/red-mercury-glass-bud-vase-5.5.jpg",https://www.athome.com//red-mercury-glass-bud-vase-5.5/124399160.html
"Crosby St. Black Ceramic Orb Vase, 3""","https://static.athome.com/images/w_200,h_200,c_pad,f_auto,fl_lossy,q_auto/p/124389420/crosby-st.-black-ceramic-orb-vase-3.jpg",https://www.athome.com//crosby-st.-black-ceramic-orb-vase-3/124389420.html
"Smooth Silver Metal Oversized Vase, 29""","https://static.athome.com/images/w_200,h_200,c_pad,f_auto,fl_lossy,q_auto/p/124405371/smooth-silver-metal-oversized-vase-29.jpg",https://www.athome.com//smooth-silver-metal-oversized-vase-29/124405371.html
"Pink Ribbed Narrow Opening Vase, 8.5""","https://static.athome.com/images/w_200,h_200,c_pad,f_auto,fl_lossy,q_auto/p/125000677/pink-ribbed-narrow-opening-vase-8.5.jpg",https://www.athome.com//pink-ribbed-narrow-opening-vase-8.5/125000677.html
"Honeybloom Tall Amber Glass Vase, 14""","https://static.athome.com/images/w_200,h_200,c_pad,f_auto,fl_lossy,q_auto/p/124366573/honeybloom-tall-amber-glass-vase-14.jpg",https://www.athome.com//honeybloom-tall-amber-glass-vase-14/124366573.html
"Clear Glass Apothecary Jar, 12""","https://static.athome.com/images/w_200,h_200,c_pad,f_auto,fl_lossy,q_auto/p/124281380/clear-glass-apothecary-jar-12.jpg",https://www.athome.com//clear-glass-apothecary-jar-12/124281380.html
"Honeybloom Ombre Metal Vase, 14.5""","https://static.athome.com/images/w_200,h_200,c_pad,f_auto,fl_lossy,q_auto/p/124315255/honeybloom-ombre-metal-vase-14.5.jpg",https://www.athome.com//honeybloom-ombre-metal-vase-14.5/124315255.html
"Found & Fable Black Ceramic Vase, 6""","https://static.athome.com/images/w_200,h_200,c_pad,f_auto,fl_lossy,q_auto/p/124372961/found-fable-black-ceramic-vase-6.jpg",https://www.athome.com//found-fable-black-ceramic-vase-6/124372961.html
"Clear Glass Apothecary Jar, 15""","https://static.athome.com/images/w_200,h_200,c_pad,f_auto,fl_lossy,q_auto/p/124281379/clear-glass-apothecary-jar-15.jpg",https://www.athome.com//clear-glass-apothecary-jar-15/124281379.html
"Blue Bottom Bubble Ribbed Vase, 9""","https://static.athome.com/images/w_200,h_200,c_pad,f_auto,fl_lossy,q_auto/p/125000678/blue-bottom-bubble-ribbed-vase-9.jpg",https://www.athome.com//blue-bottom-bubble-ribbed-vase-9/125000678.html
"Tracey Boyd White Ceramic Vase with Handles, 5""","https://static.athome.com/images/w_200,h_200,c_pad,f_auto,fl_lossy,q_auto/p/124341752/tracey-boyd-white-ceramic-vase-with-handles-5.jpg",https://www.athome.com//tracey-boyd-white-ceramic-vase-with-handles-5/124341752.html
"Found & Fable Eileen Black Ceramic Vase, 6""","https://static.athome.com/images/w_200,h_200,c_pad,f_auto,fl_lossy,q_auto/p/124381368/found-fable-eileen-black-ceramic-vase-6.jpg",https://www.athome.com//found-fable-eileen-black-ceramic-vase-6/124381368.html
"Tracey Boyd White Ceramic Vase, 12.5""","https://static.athome.com/images/w_200,h_200,c_pad,f_auto,fl_lossy,q_auto/p/124373036/tracey-boyd-white-ceramic-vase-12.5.jpg",https://www.athome.com//tracey-boyd-white-ceramic-vase-12.5/124373036.html
"Crosby St. Riley White Open Ceramic Vase, 9.5""","https://static.athome.com/images/w_200,h_200,c_pad,f_auto,fl_lossy,q_auto/p/124257755/crosby-st.-riley-white-open-ceramic-vase-9.5.jpg",https://www.athome.com//crosby-st.-riley-white-open-ceramic-vase-9.5/124257755.html
"Honeybloom Katherine Yellow Ceramic Short Neck Vase, 8""","https://static.athome.com/images/w_200,h_200,c_pad,f_auto,fl_lossy,q_auto/p/124225620/honeybloom-katherine-yellow-ceramic-short-neck-vase-8.jpg",https://www.athome.com//honeybloom-katherine-yellow-ceramic-short-neck-vase-8/124225620.html
"Crosby St. White Ceramic Dipped Vase, 7""","https://static.athome.com/images/w_200,h_200,c_pad,f_auto,fl_lossy,q_auto/p/124283139/crosby-st.-white-ceramic-dipped-vase-7.jpg",https://www.athome.com//crosby-st.-white-ceramic-dipped-vase-7/124283139.html
"Pink Mercury Glass Bud Vase, 5.5""","https://static.athome.com/images/w_200,h_200,c_pad,f_auto,fl_lossy,q_auto/p/124399150/pink-mercury-glass-bud-vase-5.5.jpg",https://www.athome.com//pink-mercury-glass-bud-vase-5.5/124399150.html
"Honeybloom Wicker-Look Glass Vase, 7""","https://static.athome.com/images/w_200,h_200,c_pad,f_auto,fl_lossy,q_auto/p/124367471/honeybloom-wicker-look-glass-vase-7.jpg",https://www.athome.com//honeybloom-wicker-look-glass-vase-7/124367471.html
"Providence Blue Porcelain Vase, 9""","https://static.athome.com/images/w_200,h_200,c_pad,f_auto,fl_lossy,q_auto/p/124379088/providence-blue-porcelain-vase-9.jpg",https://www.athome.com//providence-blue-porcelain-vase-9/124379088.html
"Pink Speckled Ceramic Bud Vase, 4""","https://static.athome.com/images/w_200,h_200,c_pad,f_auto,fl_lossy,q_auto/p/124389116/pink-speckled-ceramic-bud-vase-4.jpg",https://www.athome.com//pink-speckled-ceramic-bud-vase-4/124389116.html
"White Weave Design Ceramic Bud Vase, 4""","https://static.athome.com/images/w_200,h_200,c_pad,f_auto,fl_lossy,q_auto/p/124389321/white-weave-design-ceramic-bud-vase-4.jpg",https://www.athome.com//white-weave-design-ceramic-bud-vase-4/124389321.html
"Providence Green Cutout Ceramic Vase, 12""","https://static.athome.com/images/w_200,h_200,c_pad,f_auto,fl_lossy,q_auto/p/124389105/providence-green-cutout-ceramic-vase-12.jpg",https://www.athome.com//providence-green-cutout-ceramic-vase-12/124389105.html
"Honeybloom Bubble Glass Vase, 8""","https://static.athome.com/images/w_200,h_200,c_pad,f_auto,fl_lossy,q_auto/p/124366985/honeybloom-bubble-glass-vase-8.jpg",https://www.athome.com//honeybloom-bubble-glass-vase-8/124366985.html
"Blue Speckled Bud Vase, 4""","https://static.athome.com/images/w_200,h_200,c_pad,f_auto,fl_lossy,q_auto/p/124389320/blue-speckled-bud-vase-4.jpg",https://www.athome.com//blue-speckled-bud-vase-4/124389320.html
"Found & Fable Green Glass Vase with Handles, 7""","https://static.athome.com/images/w_200,h_200,c_pad,f_auto,fl_lossy,q_auto/p/124393102/found-fable-green-glass-vase-with-handles-7.jpg",https://www.athome.com//found-fable-green-glass-vase-with-handles-7/124393102.html
"Green Mercury Glass Bud Vase, 4""","https://static.athome.com/images/w_200,h_200,c_pad,f_auto,fl_lossy,q_auto/p/124399178/green-mercury-glass-bud-vase-4.jpg",https://www.athome.com//green-mercury-glass-bud-vase-4/124399178.html
"Found & Fable Brown Textured Glass Vase, 8""","https://static.athome.com/images/w_200,h_200,c_pad,f_auto,fl_lossy,q_auto/p/124391106/found-fable-brown-textured-glass-vase-8.jpg",https://www.athome.com//found-fable-brown-textured-glass-vase-8/124391106.html
"Ty Pennington Grey Frosted Glass Bottle Vase, 11""","https://static.athome.com/images/w_200,h_200,c_pad,f_auto,fl_lossy,q_auto/p/124380679/ty-pennington-grey-frosted-glass-bottle-vase-11.jpg",https://www.athome.com//ty-pennington-grey-frosted-glass-bottle-vase-11/124380679.html
"Ty Pennington Dark Grey Glass Vase, 6""","https://static.athome.com/images/w_200,h_200,c_pad,f_auto,fl_lossy,q_auto/p/124381327/ty-pennington-dark-grey-glass-vase-6.jpg",https://www.athome.com//ty-pennington-dark-grey-glass-vase-6/124381327.html
"Ty Pennington Grey Frosted Glass Vase, 7.5""","https://static.athome.com/images/w_200,h_200,c_pad,f_auto,fl_lossy,q_auto/p/124380678/ty-pennington-grey-frosted-glass-vase-7.5.jpg",https://www.athome.com//ty-pennington-grey-frosted-glass-vase-7.5/124380678.html
"Green Mercury Glass Bud Vase, 6.5""","https://static.athome.com/images/w_200,h_200,c_pad,f_auto,fl_lossy,q_auto/p/124399174/green-mercury-glass-bud-vase-6.5.jpg",https://www.athome.com//green-mercury-glass-bud-vase-6.5/124399174.html
4.5In Ribbed White Stoneware Flower Vase,"https://static.athome.com/images/w_200,h_200,c_pad,f_auto,fl_lossy,q_auto/p/124404444/4.5in-ribbed-white-stoneware-flower-vase.jpg",https://www.athome.com//4.5in-ribbed-white-stoneware-flower-vase/124404444.html
"Honeybloom Green Glass Windowpane Vase, 8""","https://static.athome.com/images/w_200,h_200,c_pad,f_auto,fl_lossy,q_auto/p/124389397/honeybloom-green-glass-windowpane-vase-8.jpg",https://www.athome.com//honeybloom-green-glass-windowpane-vase-8/124389397.html
"Honeybloom Beige Distressed Ceramic Vase, 9.7""","https://static.athome.com/images/w_200,h_200,c_pad,f_auto,fl_lossy,q_auto/p/124367474/honeybloom-beige-distressed-ceramic-vase-9.7.jpg",https://www.athome.com//honeybloom-beige-distressed-ceramic-vase-9.7/124367474.html
7In Yellow Floral Ceramic Vase,"https://static.athome.com/images/w_200,h_200,c_pad,f_auto,fl_lossy,q_auto/p/124404681/7in-yellow-floral-ceramic-vase.jpg",https://www.athome.com//7in-yellow-floral-ceramic-vase/124404681.html
"Green Speckled Bud Vase, 4""","https://static.athome.com/images/w_200,h_200,c_pad,f_auto,fl_lossy,q_auto/p/124389319/green-speckled-bud-vase-4.jpg",https://www.athome.com//green-speckled-bud-vase-4/124389319.html
"Blue Raindrop Ceramic Bud Vase, 5""","https://static.athome.com/images/w_200,h_200,c_pad,f_auto,fl_lossy,q_auto/p/124389113/blue-raindrop-ceramic-bud-vase-5.jpg",https://www.athome.com//blue-raindrop-ceramic-bud-vase-5/124389113.html
"Pink Mercury Glass Bud Vase, 4""","https://static.athome.com/images/w_200,h_200,c_pad,f_auto,fl_lossy,q_auto/p/124399148/pink-mercury-glass-bud-vase-4.jpg",https://www.athome.com//pink-mercury-glass-bud-vase-4/124399148.html
"Crosby St. Grey Speckled Ceramic Vase, 9""","https://static.athome.com/images/w_200,h_200,c_pad,f_auto,fl_lossy,q_auto/p/124358818/crosby-st.-grey-speckled-ceramic-vase-9.jpg",https://www.athome.com//crosby-st.-grey-speckled-ceramic-vase-9/124358818.html
"Silver Mercury Glass Bud Vase, 6.5""","https://static.athome.com/images/w_200,h_200,c_pad,f_auto,fl_lossy,q_auto/p/124399151/silver-mercury-glass-bud-vase-6.5.jpg",https://www.athome.com//silver-mercury-glass-bud-vase-6.5/124399151.html
"Providence White Ceramic Ginger Jar, 17.7""","https://static.athome.com/images/w_200,h_200,c_pad,f_auto,fl_lossy,q_auto/p/124366742/providence-white-ceramic-ginger-jar-17.7.jpg",https://www.athome.com//providence-white-ceramic-ginger-jar-17.7/124366742.html
"Brown Mercury Glass Bud Vase, 6.5""","https://static.athome.com/images/w_200,h_200,c_pad,f_auto,fl_lossy,q_auto/p/124399161/brown-mercury-glass-bud-vase-6.5.jpg",https://www.athome.com//brown-mercury-glass-bud-vase-6.5/124399161.html
13In Red Ceramic Ginger Vase,"https://static.athome.com/images/w_200,h_200,c_pad,f_auto,fl_lossy,q_auto/p/124404683/13in-red-ceramic-ginger-vase.jpg",https://www.athome.com//13in-red-ceramic-ginger-vase/124404683.html
"White Ceramic Tribal Vase, 12.5""","https://static.athome.com/images/w_200,h_200,c_pad,f_auto,fl_lossy,q_auto/p/124258380/white-ceramic-tribal-vase-12.5.jpg",https://www.athome.com//white-ceramic-tribal-vase-12.5/124258380.html
"Ty Pennington Rustic Wash Ceramic Vase, 5""","https://static.athome.com/images/w_200,h_200,c_pad,f_auto,fl_lossy,q_auto/p/124381305/ty-pennington-rustic-wash-ceramic-vase-5.jpg",https://www.athome.com//ty-pennington-rustic-wash-ceramic-vase-5/124381305.html
"Found & Fable Light Green Mercury Glass Vase, 8""","https://static.athome.com/images/w_200,h_200,c_pad,f_auto,fl_lossy,q_auto/p/124402872/found-fable-light-green-mercury-glass-vase-8.jpg",https://www.athome.com//found-fable-light-green-mercury-glass-vase-8/124402872.html
8In Blue Floral Ceramic Jar,"https://static.athome.com/images/w_200,h_200,c_pad,f_auto,fl_lossy,q_auto/p/124404694/8in-blue-floral-ceramic-jar.jpg",https://www.athome.com//8in-blue-floral-ceramic-jar/124404694.html
"Blue Ceramic Vase, 4""","https://static.athome.com/images/w_200,h_200,c_pad,f_auto,fl_lossy,q_auto/p/124389247/blue-ceramic-vase-4.jpg",https://www.athome.com//blue-ceramic-vase-4/124389247.html
"Clear Glass Cylinder Vase, 20""","https://static.athome.com/images/w_200,h_200,c_pad,f_auto,fl_lossy,q_auto/p/124157251/clear-glass-cylinder-vase-20.jpg",https://www.athome.com//clear-glass-cylinder-vase-20/124157251.html
"Woven Hyacinth Vase, 18""","https://static.athome.com/images/w_200,h_200,c_pad,f_auto,fl_lossy,q_auto/p/124389354/woven-hyacinth-vase-18.jpg",https://www.athome.com//woven-hyacinth-vase-18/124389354.html
"Willow Crossley Clear Glass Ruffle Edge Vase, 8.5""","https://static.athome.com/images/w_200,h_200,c_pad,f_auto,fl_lossy,q_auto/p/124368000/willow-crossley-clear-glass-ruffle-edge-vase-8.5.jpg",https://www.athome.com//willow-crossley-clear-glass-ruffle-edge-vase-8.5/124368000.html
"Blue Bamboo Spun Floor Vase, 42""","https://static.athome.com/images/w_200,h_200,c_pad,f_auto,fl_lossy,q_auto/p/124186728/blue-bamboo-spun-floor-vase-42.jpg",https://www.athome.com//blue-bamboo-spun-floor-vase-42/124186728.html
"Red Bamboo Bullet Vase, 23.5""","https://static.athome.com/images/w_200,h_200,c_pad,f_auto,fl_lossy,q_auto/p/124310811/red-bamboo-bullet-vase-23.5.jpg",https://www.athome.com//red-bamboo-bullet-vase-23.5/124310811.html
"Providence Black Ceramic Vase, Large","https://static.athome.com/images/w_200,h_200,c_pad,f_auto,fl_lossy,q_auto/p/124367463/providence-black-ceramic-vase-large.jpg",https://www.athome.com//providence-black-ceramic-vase-large/124367463.html
"Honeybloom Honey Glass Pane Vase, 8""","https://static.athome.com/images/w_200,h_200,c_pad,f_auto,fl_lossy,q_auto/p/124389391/honeybloom-honey-glass-pane-vase-8.jpg",https://www.athome.com//honeybloom-honey-glass-pane-vase-8/124389391.html
"Providence Black Ceramic Vase, Small","https://static.athome.com/images/w_200,h_200,c_pad,f_auto,fl_lossy,q_auto/p/124367462/providence-black-ceramic-vase-small.jpg",https://www.athome.com//providence-black-ceramic-vase-small/124367462.html
"Clear Glass Bud Vase, 6.5""","https://static.athome.com/images/w_200,h_200,c_pad,f_auto,fl_lossy,q_auto/p/124225194/clear-glass-bud-vase-6.5.jpg",https://www.athome.com//clear-glass-bud-vase-6.5/124225194.html
"Blue & White Floral Ceramic Jar with Lid, 11""","https://static.athome.com/images/w_200,h_200,c_pad,f_auto,fl_lossy,q_auto/p/124293348/blue-white-floral-ceramic-jar-with-lid-11.jpg",https://www.athome.com//blue-white-floral-ceramic-jar-with-lid-11/124293348.html
"Providence 3D Flower Ceramic Vase, 13.7""","https://static.athome.com/images/w_200,h_200,c_pad,f_auto,fl_lossy,q_auto/p/124389022/providence-3d-flower-ceramic-vase-13.7.jpg",https://www.athome.com//providence-3d-flower-ceramic-vase-13.7/124389022.html
"Silver Mercury Glass Bud Vase, 4""","https://static.athome.com/images/w_200,h_200,c_pad,f_auto,fl_lossy,q_auto/p/124399147/silver-mercury-glass-bud-vase-4.jpg",https://www.athome.com//silver-mercury-glass-bud-vase-4/124399147.html
"Crosby St. White Ceramic Orb Vase, 5x4","https://static.athome.com/images/w_200,h_200,c_pad,f_auto,fl_lossy,q_auto/p/124389419/crosby-st.-white-ceramic-orb-vase-5x4.jpg",https://www.athome.com//crosby-st.-white-ceramic-orb-vase-5x4/124389419.html
"Pink Rectangle Ribbed Vase, 7""","https://static.athome.com/images/w_200,h_200,c_pad,f_auto,fl_lossy,q_auto/p/125000679/pink-rectangle-ribbed-vase-7.jpg",https://www.athome.com//pink-rectangle-ribbed-vase-7/125000679.html
"Ty Pennington White Glass Vase, 5""","https://static.athome.com/images/w_200,h_200,c_pad,f_auto,fl_lossy,q_auto/p/124381431/ty-pennington-white-glass-vase-5.jpg",https://www.athome.com//ty-pennington-white-glass-vase-5/124381431.html
"Red Mercury Glass Bud Vase, 4""","https://static.athome.com/images/w_200,h_200,c_pad,f_auto,fl_lossy,q_auto/p/124399158/red-mercury-glass-bud-vase-4.jpg",https://www.athome.com//red-mercury-glass-bud-vase-4/124399158.html
"Pink Bubble Ribbed Glass Vase, 8.5""","https://static.athome.com/images/w_200,h_200,c_pad,f_auto,fl_lossy,q_auto/p/125000682/pink-bubble-ribbed-glass-vase-8.5.jpg",https://www.athome.com//pink-bubble-ribbed-glass-vase-8.5/125000682.html
"Pink Round Ribbed Vase, 6""","https://static.athome.com/images/w_200,h_200,c_pad,f_auto,fl_lossy,q_auto/p/125000680/pink-round-ribbed-vase-6.jpg",https://www.athome.com//pink-round-ribbed-vase-6/125000680.html
"Found & Fable Green Glass Vase, 11.5""","https://static.athome.com/images/w_200,h_200,c_pad,f_auto,fl_lossy,q_auto/p/124402868/found-fable-green-glass-vase-11.5.jpg",https://www.athome.com//found-fable-green-glass-vase-11.5/124402868.html
"Yellow Floral Ceramic Vase, 12""","https://static.athome.com/images/w_200,h_200,c_pad,f_auto,fl_lossy,q_auto/p/124404682/yellow-floral-ceramic-vase-12.jpg",https://www.athome.com//yellow-floral-ceramic-vase-12/124404682.html
9In Blue Ceramic Vase,"https://static.athome.com/images/w_200,h_200,c_pad,f_auto,fl_lossy,q_auto/p/124404700/9in-blue-ceramic-vase.jpg",https://www.athome.com//9in-blue-ceramic-vase/124404700.html
"Crosby St. Black Double Barrel Vase, 14.7""","https://static.athome.com/images/w_200,h_200,c_pad,f_auto,fl_lossy,q_auto/p/124389173/crosby-st.-black-double-barrel-vase-14.7.jpg",https://www.athome.com//crosby-st.-black-double-barrel-vase-14.7/124389173.html
"Tracey Boyd Brown Wicker Wrapped Glass Vase, 6.7""","https://static.athome.com/images/w_200,h_200,c_pad,f_auto,fl_lossy,q_auto/p/124390622/tracey-boyd-brown-wicker-wrapped-glass-vase-6.7.jpg",https://www.athome.com//tracey-boyd-brown-wicker-wrapped-glass-vase-6.7/124390622.html
"Crosby St. White Double Handle Ceramic Oversized Vase, 27""","https://static.athome.com/images/w_200,h_200,c_pad,f_auto,fl_lossy,q_auto/p/124405373/crosby-st.-white-double-handle-ceramic-oversized-vase-27.jpg",https://www.athome.com//crosby-st.-white-double-handle-ceramic-oversized-vase-27/124405373.html
"Pink Mercury Glass Bud Vase, 6""","https://static.athome.com/images/w_200,h_200,c_pad,f_auto,fl_lossy,q_auto/p/124399156/pink-mercury-glass-bud-vase-6.jpg",https://www.athome.com//pink-mercury-glass-bud-vase-6/124399156.html
"Tracey Body White Ceramic Vase with Beads, 12""","https://static.athome.com/images/w_200,h_200,c_pad,f_auto,fl_lossy,q_auto/p/124373082/tracey-body-white-ceramic-vase-with-beads-12.jpg",https://www.athome.com//tracey-body-white-ceramic-vase-with-beads-12/124373082.html
"Green Round Ribbed Vase, 6""","https://static.athome.com/images/w_200,h_200,c_pad,f_auto,fl_lossy,q_auto/p/125000661/green-round-ribbed-vase-6.jpg",https://www.athome.com//green-round-ribbed-vase-6/125000661.html
"Female Ceramic Vase, 6.5""","https://static.athome.com/images/w_200,h_200,c_pad,f_auto,fl_lossy,q_auto/p/124401035/female-ceramic-vase-6.5.jpg",https://www.athome.com//female-ceramic-vase-6.5/124401035.html
"Found & Fable Green Optic Ball Stacked Vase, 10""","https://static.athome.com/images/w_200,h_200,c_pad,f_auto,fl_lossy,q_auto/p/124402878/found-fable-green-optic-ball-stacked-vase-10.jpg",https://www.athome.com//found-fable-green-optic-ball-stacked-vase-10/124402878.html
"Providence Blue Ceramic Vase, 12.5""","https://static.athome.com/images/w_200,h_200,c_pad,f_auto,fl_lossy,q_auto/p/124389069/providence-blue-ceramic-vase-12.5.jpg",https://www.athome.com//providence-blue-ceramic-vase-12.5/124389069.html
"Willow Crossley White Pie Crust Edge Ceramic Vase, 10""","https://static.athome.com/images/w_200,h_200,c_pad,f_auto,fl_lossy,q_auto/p/124373321/willow-crossley-white-pie-crust-edge-ceramic-vase-10.jpg",https://www.athome.com//willow-crossley-white-pie-crust-edge-ceramic-vase-10/124373321.html
"Black Carved Faux Wood Vase, 15""","https://static.athome.com/images/w_200,h_200,c_pad,f_auto,fl_lossy,q_auto/p/124291080/black-carved-faux-wood-vase-15.jpg",https://www.athome.com//black-carved-faux-wood-vase-15/124291080.html
"White Ceramic Vase, 11""","https://static.athome.com/images/w_200,h_200,c_pad,f_auto,fl_lossy,q_auto/p/124293254/white-ceramic-vase-11.jpg",https://www.athome.com//white-ceramic-vase-11/124293254.html
"Willow Crossley White Ceramic Dot Vase, 8""","https://static.athome.com/images/w_200,h_200,c_pad,f_auto,fl_lossy,q_auto/p/124389014/willow-crossley-white-ceramic-dot-vase-8.jpg",https://www.athome.com//willow-crossley-white-ceramic-dot-vase-8/124389014.html
"White Ceramic Vase, 4""","https://static.athome.com/images/w_200,h_200,c_pad,f_auto,fl_lossy,q_auto/p/124348555/white-ceramic-vase-4.jpg",https://www.athome.com//white-ceramic-vase-4/124348555.html
"Found & Fable Green Glass Optic Ball Vase, 15""","https://static.athome.com/images/w_200,h_200,c_pad,f_auto,fl_lossy,q_auto/p/124402877/found-fable-green-glass-optic-ball-vase-15.jpg",https://www.athome.com//found-fable-green-glass-optic-ball-vase-15/124402877.html
34In Rattan Oversized Hourglass Vase,"https://static.athome.com/images/w_200,h_200,c_pad,f_auto,fl_lossy,q_auto/p/124405370/34in-rattan-oversized-hourglass-vase.jpg",https://www.athome.com//34in-rattan-oversized-hourglass-vase/124405370.html
"Providence Navy Blue Ceramic Ginger Jar, 7.5""","https://static.athome.com/images/w_200,h_200,c_pad,f_auto,fl_lossy,q_auto/p/124399772/providence-navy-blue-ceramic-ginger-jar-7.5.jpg",https://www.athome.com//providence-navy-blue-ceramic-ginger-jar-7.5/124399772.html
"White Glass Vase, 10""","https://static.athome.com/images/w_200,h_200,c_pad,f_auto,fl_lossy,q_auto/p/124288449/white-glass-vase-10.jpg",https://www.athome.com//white-glass-vase-10/124288449.html
"Honeybloom Clear Glass Vase with Tassels, 18""","https://static.athome.com/images/w_200,h_200,c_pad,f_auto,fl_lossy,q_auto/p/124314846/honeybloom-clear-glass-vase-with-tassels-18.jpg",https://www.athome.com//honeybloom-clear-glass-vase-with-tassels-18/124314846.html
"Found & Fable Wood Vase, 12""","https://static.athome.com/images/w_200,h_200,c_pad,f_auto,fl_lossy,q_auto/p/124379564/found-fable-wood-vase-12.jpg",https://www.athome.com//found-fable-wood-vase-12/124379564.html
"Tracey Boyd Natural Ceramic Vase, 10""","https://static.athome.com/images/w_200,h_200,c_pad,f_auto,fl_lossy,q_auto/p/124325625/tracey-boyd-natural-ceramic-vase-10.jpg",https://www.athome.com//tracey-boyd-natural-ceramic-vase-10/124325625.html
"Ty Pennington Grey Frosted Glass Vase, 13""","https://static.athome.com/images/w_200,h_200,c_pad,f_auto,fl_lossy,q_auto/p/124380677/ty-pennington-grey-frosted-glass-vase-13.jpg",https://www.athome.com//ty-pennington-grey-frosted-glass-vase-13/124380677.html
"Ty Pennington Woven Grass Wrapped Glass Vase, 6""","https://static.athome.com/images/w_200,h_200,c_pad,f_auto,fl_lossy,q_auto/p/124390505/ty-pennington-woven-grass-wrapped-glass-vase-6.jpg",https://www.athome.com//ty-pennington-woven-grass-wrapped-glass-vase-6/124390505.html
"Red Mercury Glass Bud Vase, 6""","https://static.athome.com/images/w_200,h_200,c_pad,f_auto,fl_lossy,q_auto/p/124399168/red-mercury-glass-bud-vase-6.jpg",https://www.athome.com//red-mercury-glass-bud-vase-6/124399168.html
"Ty Pennington Grey Sanded Glass Bottle Vase, 10""","https://static.athome.com/images/w_200,h_200,c_pad,f_auto,fl_lossy,q_auto/p/124381329/ty-pennington-grey-sanded-glass-bottle-vase-10.jpg",https://www.athome.com//ty-pennington-grey-sanded-glass-bottle-vase-10/124381329.html
"Green Mercury Glass Bud Vase, 3.5""","https://static.athome.com/images/w_200,h_200,c_pad,f_auto,fl_lossy,q_auto/p/124399176/green-mercury-glass-bud-vase-3.5.jpg",https://www.athome.com//green-mercury-glass-bud-vase-3.5/124399176.html
"Providence Green Ceramic Long Neck Vase, 11.8""","https://static.athome.com/images/w_200,h_200,c_pad,f_auto,fl_lossy,q_auto/p/124389104/providence-green-ceramic-long-neck-vase-11.8.jpg",https://www.athome.com//providence-green-ceramic-long-neck-vase-11.8/124389104.html
9In Red Ceramic Ginger Vase,"https://static.athome.com/images/w_200,h_200,c_pad,f_auto,fl_lossy,q_auto/p/124404684/9in-red-ceramic-ginger-vase.jpg",https://www.athome.com//9in-red-ceramic-ginger-vase/124404684.html
"Antique Brass Metal Vase, 7""","https://static.athome.com/images/w_200,h_200,c_pad,f_auto,fl_lossy,q_auto/p/124389374/antique-brass-metal-vase-7.jpg",https://www.athome.com//antique-brass-metal-vase-7/124389374.html
"Clear Glass Bud Vase, 4""","https://static.athome.com/images/w_200,h_200,c_pad,f_auto,fl_lossy,q_auto/p/124399521/clear-glass-bud-vase-4.jpg",https://www.athome.com//clear-glass-bud-vase-4/124399521.html
"Found & Fable Green Bubble Ceramic Vase, 10.5""","https://static.athome.com/images/w_200,h_200,c_pad,f_auto,fl_lossy,q_auto/p/124402874/found-fable-green-bubble-ceramic-vase-10.5.jpg",https://www.athome.com//found-fable-green-bubble-ceramic-vase-10.5/124402874.html
"Providence White & Blue Floral Ceramic Vase, 8.5""","https://static.athome.com/images/w_200,h_200,c_pad,f_auto,fl_lossy,q_auto/p/124318967/providence-white-blue-floral-ceramic-vase-8.5.jpg",https://www.athome.com//providence-white-blue-floral-ceramic-vase-8.5/124318967.html
"White Covered Jar, 30""","https://static.athome.com/images/w_200,h_200,c_pad,f_auto,fl_lossy,q_auto/p/124401036/white-covered-jar-30.jpg",https://www.athome.com//white-covered-jar-30/124401036.html
"Ty Pennington Blue Reactive Glaze Ceramic Vase, 5""","https://static.athome.com/images/w_200,h_200,c_pad,f_auto,fl_lossy,q_auto/p/124361869/ty-pennington-blue-reactive-glaze-ceramic-vase-5.jpg",https://www.athome.com//ty-pennington-blue-reactive-glaze-ceramic-vase-5/124361869.html
"Green Mercury Glass Bud Vase, 5.5""","https://static.athome.com/images/w_200,h_200,c_pad,f_auto,fl_lossy,q_auto/p/124399172/green-mercury-glass-bud-vase-5.5.jpg",https://www.athome.com//green-mercury-glass-bud-vase-5.5/124399172.html
"White & Tan Ribbed Metal Vase, 22""","https://static.athome.com/images/w_200,h_200,c_pad,f_auto,fl_lossy,q_auto/p/124287854/white-tan-ribbed-metal-vase-22.jpg",https://www.athome.com//white-tan-ribbed-metal-vase-22/124287854.html
"Tracey Boyd Black Ceramic Vase, 14.5""","https://static.athome.com/images/w_200,h_200,c_pad,f_auto,fl_lossy,q_auto/p/124373170/tracey-boyd-black-ceramic-vase-14.5.jpg",https://www.athome.com//tracey-boyd-black-ceramic-vase-14.5/124373170.html
"Purple Clear Glass Vase, 5""","https://static.athome.com/images/w_200,h_200,c_pad,f_auto,fl_lossy,q_auto/p/124389335/purple-clear-glass-vase-5.jpg",https://www.athome.com//purple-clear-glass-vase-5/124389335.html
"Providence Clear Etched Glass Vase, 12""","https://static.athome.com/images/w_200,h_200,c_pad,f_auto,fl_lossy,q_auto/p/124389062/providence-clear-etched-glass-vase-12.jpg",https://www.athome.com//providence-clear-etched-glass-vase-12/124389062.html
"Crosby St. White Ceramic Orb Vase, 3""","https://static.athome.com/images/w_200,h_200,c_pad,f_auto,fl_lossy,q_auto/p/124389421/crosby-st.-white-ceramic-orb-vase-3.jpg",https://www.athome.com//crosby-st.-white-ceramic-orb-vase-3/124389421.html
27In Black 2 Handle Ceramic Oversized Vase,"https://static.athome.com/images/w_200,h_200,c_pad,f_auto,fl_lossy,q_auto/p/124405374/27in-black-2-handle-ceramic-oversized-vase.jpg",https://www.athome.com//27in-black-2-handle-ceramic-oversized-vase/124405374.html
"Gold Metal Round Vase, 14""","https://static.athome.com/images/w_200,h_200,c_pad,f_auto,fl_lossy,q_auto/p/124389175/gold-metal-round-vase-14.jpg",https://www.athome.com//gold-metal-round-vase-14/124389175.html
"Willow Crossley Rattan Woven Vase, 16.5""","https://static.athome.com/images/w_200,h_200,c_pad,f_auto,fl_lossy,q_auto/p/124389013/willow-crossley-rattan-woven-vase-16.5.jpg",https://www.athome.com//willow-crossley-rattan-woven-vase-16.5/124389013.html
"Black Raindrop Ceramic Bud Vase, 5""","https://static.athome.com/images/w_200,h_200,c_pad,f_auto,fl_lossy,q_auto/p/124389317/black-raindrop-ceramic-bud-vase-5.jpg",https://www.athome.com//black-raindrop-ceramic-bud-vase-5/124389317.html
"Etched Clear Glass Vase, 8""","https://static.athome.com/images/w_200,h_200,c_pad,f_auto,fl_lossy,q_auto/p/124389067/etched-clear-glass-vase-8.jpg",https://www.athome.com//etched-clear-glass-vase-8/124389067.html
"Ty Pennington White Ceramic Rope Vase, 7""","https://static.athome.com/images/w_200,h_200,c_pad,f_auto,fl_lossy,q_auto/p/124373057/ty-pennington-white-ceramic-rope-vase-7.jpg",https://www.athome.com//ty-pennington-white-ceramic-rope-vase-7/124373057.html
"Brown Mercury Glass Bud Vase, 4""","https://static.athome.com/images/w_200,h_200,c_pad,f_auto,fl_lossy,q_auto/p/124399157/brown-mercury-glass-bud-vase-4.jpg",https://www.athome.com//brown-mercury-glass-bud-vase-4/124399157.html
"Tracey Boyd White Ceramic Vase with Handles, 9.1""","https://static.athome.com/images/w_200,h_200,c_pad,f_auto,fl_lossy,q_auto/p/124390580/tracey-boyd-white-ceramic-vase-with-handles-9.1.jpg",https://www.athome.com//tracey-boyd-white-ceramic-vase-with-handles-9.1/124390580.html
"Black Oversized Wood Vase, 30""","https://static.athome.com/images/w_200,h_200,c_pad,f_auto,fl_lossy,q_auto/p/124405368/black-oversized-wood-vase-30.jpg",https://www.athome.com//black-oversized-wood-vase-30/124405368.html
"Crosby St. Gold Glass Vase, 5""","https://static.athome.com/images/w_200,h_200,c_pad,f_auto,fl_lossy,q_auto/p/124389413/crosby-st.-gold-glass-vase-5.jpg",https://www.athome.com//crosby-st.-gold-glass-vase-5/124389413.html
"Honeybloom Neutral Crackle Ceramic Vase, 7.5""","https://static.athome.com/images/w_200,h_200,c_pad,f_auto,fl_lossy,q_auto/p/124279342/honeybloom-neutral-crackle-ceramic-vase-7.5.jpg",https://www.athome.com//honeybloom-neutral-crackle-ceramic-vase-7.5/124279342.html
"Honeybloom Natural Wood Bottle Vase, 5""","https://static.athome.com/images/w_200,h_200,c_pad,f_auto,fl_lossy,q_auto/p/124366982/honeybloom-natural-wood-bottle-vase-5.jpg",https://www.athome.com//honeybloom-natural-wood-bottle-vase-5/124366982.html
"Found & Fable White Ceramic Vase, 5.5""","https://static.athome.com/images/w_200,h_200,c_pad,f_auto,fl_lossy,q_auto/p/124394974/found-fable-white-ceramic-vase-5.5.jpg",https://www.athome.com//found-fable-white-ceramic-vase-5.5/124394974.html
"White Iridescent Ribbed Ceramic Vase, 4x5","https://static.athome.com/images/w_200,h_200,c_pad,f_auto,fl_lossy,q_auto/p/124398544/white-iridescent-ribbed-ceramic-vase-4x5.jpg",https://www.athome.com//white-iridescent-ribbed-ceramic-vase-4x5/124398544.html
"Honeybloom White Ceramic Vase, 5""","https://static.athome.com/images/w_200,h_200,c_pad,f_auto,fl_lossy,q_auto/p/124330202/honeybloom-white-ceramic-vase-5.jpg",https://www.athome.com//honeybloom-white-ceramic-vase-5/124330202.html
"Crosby St. Tan Ceramic Vase, 8.75""","https://static.athome.com/images/w_200,h_200,c_pad,f_auto,fl_lossy,q_auto/p/124357334/crosby-st.-tan-ceramic-vase-8.75.jpg",https://www.athome.com//crosby-st.-tan-ceramic-vase-8.75/124357334.html
"Red Mercury Glass Bud Vase, 4""","https://static.athome.com/images/w_200,h_200,c_pad,f_auto,fl_lossy,q_auto/p/124399166/red-mercury-glass-bud-vase-4.jpg",https://www.athome.com//red-mercury-glass-bud-vase-4/124399166.html
"Providence White Ceramic Vase, 6""","https://static.athome.com/images/w_200,h_200,c_pad,f_auto,fl_lossy,q_auto/p/124377519/providence-white-ceramic-vase-6.jpg",https://www.athome.com//providence-white-ceramic-vase-6/124377519.html
13In Ginger Blue Ceramic Vase,"https://static.athome.com/images/w_200,h_200,c_pad,f_auto,fl_lossy,q_auto/p/124404699/13in-ginger-blue-ceramic-vase.jpg",https://www.athome.com//13in-ginger-blue-ceramic-vase/124404699.html
"Green Mercury Glass Bud Vase, 6""","https://static.athome.com/images/w_200,h_200,c_pad,f_auto,fl_lossy,q_auto/p/124399180/green-mercury-glass-bud-vase-6.jpg",https://www.athome.com//green-mercury-glass-bud-vase-6/124399180.html
"Green & Clear Glass Vase, 8""","https://static.athome.com/images/w_200,h_200,c_pad,f_auto,fl_lossy,q_auto/p/124389334/green-clear-glass-vase-8.jpg",https://www.athome.com//green-clear-glass-vase-8/124389334.html
"Crosby St. White Ceramic Vase, 3.5x8.7","https://static.athome.com/images/w_200,h_200,c_pad,f_auto,fl_lossy,q_auto/p/124389411/crosby-st.-white-ceramic-vase-3.5x8.7.jpg",https://www.athome.com//crosby-st.-white-ceramic-vase-3.5x8.7/124389411.html
"Spanish Glass Cocoa Vase, 32""","https://static.athome.com/images/w_200,h_200,c_pad,f_auto,fl_lossy,q_auto/p/124361624/spanish-glass-cocoa-vase-32.jpg",https://www.athome.com//spanish-glass-cocoa-vase-32/124361624.html
8In Cylindrical Marble Vase,"https://static.athome.com/images/w_200,h_200,c_pad,f_auto,fl_lossy,q_auto/p/124404445/8in-cylindrical-marble-vase.jpg",https://www.athome.com//8in-cylindrical-marble-vase/124404445.html
"Honeybloom Amber Glass Vase, 5.5""","https://static.athome.com/images/w_200,h_200,c_pad,f_auto,fl_lossy,q_auto/p/124366576/honeybloom-amber-glass-vase-5.5.jpg",https://www.athome.com//honeybloom-amber-glass-vase-5.5/124366576.html
"Black & White Striped Ceramic Vase, 8""","https://static.athome.com/images/w_200,h_200,c_pad,f_auto,fl_lossy,q_auto/p/124212343/black-white-striped-ceramic-vase-8.jpg",https://www.athome.com//black-white-striped-ceramic-vase-8/124212343.html
"Providence Gold Metal Vase, 12""","https://static.athome.com/images/w_200,h_200,c_pad,f_auto,fl_lossy,q_auto/p/124366838/providence-gold-metal-vase-12.jpg",https://www.athome.com//providence-gold-metal-vase-12/124366838.html
"Providence Blue & White Floral Porcelain Vase, 12""","https://static.athome.com/images/w_200,h_200,c_pad,f_auto,fl_lossy,q_auto/p/124379171/providence-blue-white-floral-porcelain-vase-12.jpg",https://www.athome.com//providence-blue-white-floral-porcelain-vase-12/124379171.html
"Clear Glass Open Ended Hurricane, 8.7""","https://static.athome.com/images/w_200,h_200,c_pad,f_auto,fl_lossy,q_auto/p/124368020/clear-glass-open-ended-hurricane-8.7.jpg",https://www.athome.com//clear-glass-open-ended-hurricane-8.7/124368020.html
"Honeybloom Clear Glass Vase with Tassels, 12.5""","https://static.athome.com/images/w_200,h_200,c_pad,f_auto,fl_lossy,q_auto/p/124314845/honeybloom-clear-glass-vase-with-tassels-12.5.jpg",https://www.athome.com//honeybloom-clear-glass-vase-with-tassels-12.5/124314845.html
"White Ceramic Vase, 6.5""","https://static.athome.com/images/w_200,h_200,c_pad,f_auto,fl_lossy,q_auto/p/124345767/white-ceramic-vase-6.5.jpg",https://www.athome.com//white-ceramic-vase-6.5/124345767.html
"Found & Fable Black Wooden Vase, 18""","https://static.athome.com/images/w_200,h_200,c_pad,f_auto,fl_lossy,q_auto/p/124293057/found-fable-black-wooden-vase-18.jpg",https://www.athome.com//found-fable-black-wooden-vase-18/124293057.html
"Ty Pennington Rustic Wash Ceramic Vase, 16""","https://static.athome.com/images/w_200,h_200,c_pad,f_auto,fl_lossy,q_auto/p/124381306/ty-pennington-rustic-wash-ceramic-vase-16.jpg",https://www.athome.com//ty-pennington-rustic-wash-ceramic-vase-16/124381306.html
"Neutral Ceramic Vase, 13""","https://static.athome.com/images/w_200,h_200,c_pad,f_auto,fl_lossy,q_auto/p/124390590/neutral-ceramic-vase-13.jpg",https://www.athome.com//neutral-ceramic-vase-13/124390590.html
"Tracey Boyd Ceramic Bevel Vase, 5""","https://static.athome.com/images/w_200,h_200,c_pad,f_auto,fl_lossy,q_auto/p/124325674/tracey-boyd-ceramic-bevel-vase-5.jpg",https://www.athome.com//tracey-boyd-ceramic-bevel-vase-5/124325674.html
"Red Glass Bud Vase, 6.5""","https://static.athome.com/images/w_200,h_200,c_pad,f_auto,fl_lossy,q_auto/p/124399532/red-glass-bud-vase-6.5.jpg",https://www.athome.com//red-glass-bud-vase-6.5/124399532.html
"Crosby St. Riley Black Modern Open Ceramic Vase, 12""","https://static.athome.com/images/w_200,h_200,c_pad,f_auto,fl_lossy,q_auto/p/124318116/crosby-st.-riley-black-modern-open-ceramic-vase-12.jpg",https://www.athome.com//crosby-st.-riley-black-modern-open-ceramic-vase-12/124318116.html
"Clear Glass Apothecary Jar, 10.5""","https://static.athome.com/images/w_200,h_200,c_pad,f_auto,fl_lossy,q_auto/p/124281376/clear-glass-apothecary-jar-10.5.jpg",https://www.athome.com//clear-glass-apothecary-jar-10.5/124281376.html
"Tracey Boyd White Reactive Glaze Ceramic Vase, 9""","https://static.athome.com/images/w_200,h_200,c_pad,f_auto,fl_lossy,q_auto/p/124381013/tracey-boyd-white-reactive-glaze-ceramic-vase-9.jpg",https://www.athome.com//tracey-boyd-white-reactive-glaze-ceramic-vase-9/124381013.html
"Ty Pennington White & Blue Speckled Porcelain Vase, 12.5""","https://static.athome.com/images/w_200,h_200,c_pad,f_auto,fl_lossy,q_auto/p/124361866/ty-pennington-white-blue-speckled-porcelain-vase-12.5.jpg",https://www.athome.com//ty-pennington-white-blue-speckled-porcelain-vase-12.5/124361866.html
"Silver Mercury Glass Bud Vase, 4""","https://static.athome.com/images/w_200,h_200,c_pad,f_auto,fl_lossy,q_auto/p/124399145/silver-mercury-glass-bud-vase-4.jpg",https://www.athome.com//silver-mercury-glass-bud-vase-4/124399145.html
"Pink Mercury Glass Bud Vase, 3.5""","https://static.athome.com/images/w_200,h_200,c_pad,f_auto,fl_lossy,q_auto/p/124399154/pink-mercury-glass-bud-vase-3.5.jpg",https://www.athome.com//pink-mercury-glass-bud-vase-3.5/124399154.html
"White Raindrop Ceramic Bud Vase, 5""","https://static.athome.com/images/w_200,h_200,c_pad,f_auto,fl_lossy,q_auto/p/124389114/white-raindrop-ceramic-bud-vase-5.jpg",https://www.athome.com//white-raindrop-ceramic-bud-vase-5/124389114.html
"Honeybloom Katherine Yellow Ceramic Vase, 12""","https://static.athome.com/images/w_200,h_200,c_pad,f_auto,fl_lossy,q_auto/p/124292994/honeybloom-katherine-yellow-ceramic-vase-12.jpg",https://www.athome.com//honeybloom-katherine-yellow-ceramic-vase-12/124292994.html
"Providence Floral Porcelain Vase, 8""","https://static.athome.com/images/w_200,h_200,c_pad,f_auto,fl_lossy,q_auto/p/124381319/providence-floral-porcelain-vase-8.jpg",https://www.athome.com//providence-floral-porcelain-vase-8/124381319.html
"Crosby St. Black Abstract Printed Glass Vase, 7""","https://static.athome.com/images/w_200,h_200,c_pad,f_auto,fl_lossy,q_auto/p/124389154/crosby-st.-black-abstract-printed-glass-vase-7.jpg",https://www.athome.com//crosby-st.-black-abstract-printed-glass-vase-7/124389154.html
"Honeybloom White Ceramic Vase with Handles, 9""","https://static.athome.com/images/w_200,h_200,c_pad,f_auto,fl_lossy,q_auto/p/124366713/honeybloom-white-ceramic-vase-with-handles-9.jpg",https://www.athome.com//honeybloom-white-ceramic-vase-with-handles-9/124366713.html
"Honeybloom White Terracotta Vase, 5""","https://static.athome.com/images/w_200,h_200,c_pad,f_auto,fl_lossy,q_auto/p/124367478/honeybloom-white-terracotta-vase-5.jpg",https://www.athome.com//honeybloom-white-terracotta-vase-5/124367478.html
"Tracey Boyd White Ceramic Vase, 6""","https://static.athome.com/images/w_200,h_200,c_pad,f_auto,fl_lossy,q_auto/p/124373035/tracey-boyd-white-ceramic-vase-6.jpg",https://www.athome.com//tracey-boyd-white-ceramic-vase-6/124373035.html
"Providence White 3D Flower Ceramic Vase, 8""","https://static.athome.com/images/w_200,h_200,c_pad,f_auto,fl_lossy,q_auto/p/124381000/providence-white-3d-flower-ceramic-vase-8.jpg",https://www.athome.com//providence-white-3d-flower-ceramic-vase-8/124381000.html
"Honeybloom Amber Glass Vase, 7.5""","https://static.athome.com/images/w_200,h_200,c_pad,f_auto,fl_lossy,q_auto/p/124366575/honeybloom-amber-glass-vase-7.5.jpg",https://www.athome.com//honeybloom-amber-glass-vase-7.5/124366575.html
"Grey Bud Porcelain Vase, 4x6","https://static.athome.com/images/w_200,h_200,c_pad,f_auto,fl_lossy,q_auto/p/124402644/grey-bud-porcelain-vase-4x6.jpg",https://www.athome.com//grey-bud-porcelain-vase-4x6/124402644.html
"Silver Mercury Glass Bud Vase, 6""","https://static.athome.com/images/w_200,h_200,c_pad,f_auto,fl_lossy,q_auto/p/124399146/silver-mercury-glass-bud-vase-6.jpg",https://www.athome.com//silver-mercury-glass-bud-vase-6/124399146.html
"Found & Fable White Vase With Wood Band Vase, 8""","https://static.athome.com/images/w_200,h_200,c_pad,f_auto,fl_lossy,q_auto/p/124391114/found-fable-white-vase-with-wood-band-vase-8.jpg",https://www.athome.com//found-fable-white-vase-with-wood-band-vase-8/124391114.html
"Pink Bottom Bubble Ribbed Vase, 9""","https://static.athome.com/images/w_200,h_200,c_pad,f_auto,fl_lossy,q_auto/p/125000657/pink-bottom-bubble-ribbed-vase-9.jpg",https://www.athome.com//pink-bottom-bubble-ribbed-vase-9/125000657.html
"Red Mercury Glass Bud Vase, 3.5""","https://static.athome.com/images/w_200,h_200,c_pad,f_auto,fl_lossy,q_auto/p/124399164/red-mercury-glass-bud-vase-3.5.jpg",https://www.athome.com//red-mercury-glass-bud-vase-3.5/124399164.html
"Found & Fable Half Etching Metal Vase, 15.2""","https://static.athome.com/images/w_200,h_200,c_pad,f_auto,fl_lossy,q_auto/p/124402860/found-fable-half-etching-metal-vase-15.2.jpg",https://www.athome.com//found-fable-half-etching-metal-vase-15.2/124402860.html
"Found & Fable Hammered Metal Vase, 8""","https://static.athome.com/images/w_200,h_200,c_pad,f_auto,fl_lossy,q_auto/p/124402854/found-fable-hammered-metal-vase-8.jpg",https://www.athome.com//found-fable-hammered-metal-vase-8/124402854.html
"Brown Metal Vase, 30""","https://static.athome.com/images/w_200,h_200,c_pad,f_auto,fl_lossy,q_auto/p/124400538/brown-metal-vase-30.jpg",https://www.athome.com//brown-metal-vase-30/124400538.html
"Clear Glass Cylinder Vase, 14""","https://static.athome.com/images/w_200,h_200,c_pad,f_auto,fl_lossy,q_auto/p/124174769/clear-glass-cylinder-vase-14.jpg",https://www.athome.com//clear-glass-cylinder-vase-14/124174769.html
"Brown Wooden Striped Vase, 13""","https://static.athome.com/images/w_200,h_200,c_pad,f_auto,fl_lossy,q_auto/p/124391146/brown-wooden-striped-vase-13.jpg",https://www.athome.com//brown-wooden-striped-vase-13/124391146.html
"Brown Mercury Glass Bud Vase, 6""","https://static.athome.com/images/w_200,h_200,c_pad,f_auto,fl_lossy,q_auto/p/124399167/brown-mercury-glass-bud-vase-6.jpg",https://www.athome.com//brown-mercury-glass-bud-vase-6/124399167.html
"Washed Tan Ceramic Vase, 7""","https://static.athome.com/images/w_200,h_200,c_pad,f_auto,fl_lossy,q_auto/p/124389343/washed-tan-ceramic-vase-7.jpg",https://www.athome.com//washed-tan-ceramic-vase-7/124389343.html
"Honeybloom Clear Glass Tassel Vase, 10""","https://static.athome.com/images/w_200,h_200,c_pad,f_auto,fl_lossy,q_auto/p/124366992/honeybloom-clear-glass-tassel-vase-10.jpg",https://www.athome.com//honeybloom-clear-glass-tassel-vase-10/124366992.html
"Providence Green Egret Ceramic Vase, 12.2""","https://static.athome.com/images/w_200,h_200,c_pad,f_auto,fl_lossy,q_auto/p/124389028/providence-green-egret-ceramic-vase-12.2.jpg",https://www.athome.com//providence-green-egret-ceramic-vase-12.2/124389028.html
"Providence Gold Metal Cutout Vase, 19.5""","https://static.athome.com/images/w_200,h_200,c_pad,f_auto,fl_lossy,q_auto/p/124389029/providence-gold-metal-cutout-vase-19.5.jpg",https://www.athome.com//providence-gold-metal-cutout-vase-19.5/124389029.html
"Providence Floral Porcelain Vase, 4""","https://static.athome.com/images/w_200,h_200,c_pad,f_auto,fl_lossy,q_auto/p/124381318/providence-floral-porcelain-vase-4.jpg",https://www.athome.com//providence-floral-porcelain-vase-4/124381318.html
"Tracey Boyd White Reactive Glaze Ceramic Vase, 12""","https://static.athome.com/images/w_200,h_200,c_pad,f_auto,fl_lossy,q_auto/p/124381012/tracey-boyd-white-reactive-glaze-ceramic-vase-12.jpg",https://www.athome.com//tracey-boyd-white-reactive-glaze-ceramic-vase-12/124381012.html
"Willow Crossley White Pie Crust Edge Ceramic Vase, 8.5""","https://static.athome.com/images/w_200,h_200,c_pad,f_auto,fl_lossy,q_auto/p/124373322/willow-crossley-white-pie-crust-edge-ceramic-vase-8.5.jpg",https://www.athome.com//willow-crossley-white-pie-crust-edge-ceramic-vase-8.5/124373322.html
"White Metal Vase, 36""","https://static.athome.com/images/w_200,h_200,c_pad,f_auto,fl_lossy,q_auto/p/124400537/white-metal-vase-36.jpg",https://www.athome.com//white-metal-vase-36/124400537.html
"Silver Mercury Glass Bud Vase, 3.5""","https://static.athome.com/images/w_200,h_200,c_pad,f_auto,fl_lossy,q_auto/p/124399153/silver-mercury-glass-bud-vase-3.5.jpg",https://www.athome.com//silver-mercury-glass-bud-vase-3.5/124399153.html
"Black Bottle Floor Vase, 36""","https://static.athome.com/images/w_200,h_200,c_pad,f_auto,fl_lossy,q_auto/p/124331252/black-bottle-floor-vase-36.jpg",https://www.athome.com//black-bottle-floor-vase-36/124331252.html
"Blue Mercury Glass Bud Vase, 5.5""","https://static.athome.com/images/w_200,h_200,c_pad,f_auto,fl_lossy,q_auto/p/124399171/blue-mercury-glass-bud-vase-5.5.jpg",https://www.athome.com//blue-mercury-glass-bud-vase-5.5/124399171.html
"Clear Glass Trumpet Vase, 12""","https://static.athome.com/images/w_200,h_200,c_pad,f_auto,fl_lossy,q_auto/p/124389088/clear-glass-trumpet-vase-12.jpg",https://www.athome.com//clear-glass-trumpet-vase-12/124389088.html
"Honeybloom White Honeycomb Ceramic Vase, 9""","https://static.athome.com/images/w_200,h_200,c_pad,f_auto,fl_lossy,q_auto/p/124228286/honeybloom-white-honeycomb-ceramic-vase-9.jpg",https://www.athome.com//honeybloom-white-honeycomb-ceramic-vase-9/124228286.html
"Found & Fable Green Ribbed Glass Vase, 10""","https://static.athome.com/images/w_200,h_200,c_pad,f_auto,fl_lossy,q_auto/p/124402869/found-fable-green-ribbed-glass-vase-10.jpg",https://www.athome.com//found-fable-green-ribbed-glass-vase-10/124402869.html
"Honeybloom White Floral Ceramic Vase, 9""","https://static.athome.com/images/w_200,h_200,c_pad,f_auto,fl_lossy,q_auto/p/124389332/honeybloom-white-floral-ceramic-vase-9.jpg",https://www.athome.com//honeybloom-white-floral-ceramic-vase-9/124389332.html
"Blue Mercury Glass Bud Vase, 6.5""","https://static.athome.com/images/w_200,h_200,c_pad,f_auto,fl_lossy,q_auto/p/124399173/blue-mercury-glass-bud-vase-6.5.jpg",https://www.athome.com//blue-mercury-glass-bud-vase-6.5/124399173.html
"Providence Blue Ceramic Bubble Vase, 8.6""","https://static.athome.com/images/w_200,h_200,c_pad,f_auto,fl_lossy,q_auto/p/124389036/providence-blue-ceramic-bubble-vase-8.6.jpg",https://www.athome.com//providence-blue-ceramic-bubble-vase-8.6/124389036.html
"Honeybloom Ceramic Multi-Vase, 5x6","https://static.athome.com/images/w_200,h_200,c_pad,f_auto,fl_lossy,q_auto/p/124401690/honeybloom-ceramic-multi-vase-5x6.jpg",https://www.athome.com//honeybloom-ceramic-multi-vase-5x6/124401690.html
"Crosby St. White Abstract Printed Glass Vase, 10""","https://static.athome.com/images/w_200,h_200,c_pad,f_auto,fl_lossy,q_auto/p/124389155/crosby-st.-white-abstract-printed-glass-vase-10.jpg",https://www.athome.com//crosby-st.-white-abstract-printed-glass-vase-10/124389155.html
"Ty Pennington White Glass Vase, 3""","https://static.athome.com/images/w_200,h_200,c_pad,f_auto,fl_lossy,q_auto/p/124381432/ty-pennington-white-glass-vase-3.jpg",https://www.athome.com//ty-pennington-white-glass-vase-3/124381432.html
"Honeybloom Bubble Glass Vase, 9""","https://static.athome.com/images/w_200,h_200,c_pad,f_auto,fl_lossy,q_auto/p/124366983/honeybloom-bubble-glass-vase-9.jpg",https://www.athome.com//honeybloom-bubble-glass-vase-9/124366983.html
"Black Ceramic Vase, 16""","https://static.athome.com/images/w_200,h_200,c_pad,f_auto,fl_lossy,q_auto/p/124348573/black-ceramic-vase-16.jpg",https://www.athome.com//black-ceramic-vase-16/124348573.html
"Brown Mercury Glass Bud Vase, 4""","https://static.athome.com/images/w_200,h_200,c_pad,f_auto,fl_lossy,q_auto/p/124399165/brown-mercury-glass-bud-vase-4.jpg",https://www.athome.com//brown-mercury-glass-bud-vase-4/124399165.html
"Ty Pennington White Coral Bottle Vase, 14""","https://static.athome.com/images/w_200,h_200,c_pad,f_auto,fl_lossy,q_auto/p/124390549/ty-pennington-white-coral-bottle-vase-14.jpg",https://www.athome.com//ty-pennington-white-coral-bottle-vase-14/124390549.html
"Clear Glass Apothecary Jar, 10""","https://static.athome.com/images/w_200,h_200,c_pad,f_auto,fl_lossy,q_auto/p/124346540/clear-glass-apothecary-jar-10.jpg",https://www.athome.com//clear-glass-apothecary-jar-10/124346540.html
"Providence White Ceramic Vase, 8""","https://static.athome.com/images/w_200,h_200,c_pad,f_auto,fl_lossy,q_auto/p/124377518/providence-white-ceramic-vase-8.jpg",https://www.athome.com//providence-white-ceramic-vase-8/124377518.html
"Found & Fable White Origami Design Ceramic Vase, 10.5""","https://static.athome.com/images/w_200,h_200,c_pad,f_auto,fl_lossy,q_auto/p/124373136/found-fable-white-origami-design-ceramic-vase-10.5.jpg",https://www.athome.com//found-fable-white-origami-design-ceramic-vase-10.5/124373136.html
8In Horizontal Ribbed Grey Ceramic Vase,"https://static.athome.com/images/w_200,h_200,c_pad,f_auto,fl_lossy,q_auto/p/124404448/8in-horizontal-ribbed-grey-ceramic-vase.jpg",https://www.athome.com//8in-horizontal-ribbed-grey-ceramic-vase/124404448.html
"Neutral Ceramic Vase, 5""","https://static.athome.com/images/w_200,h_200,c_pad,f_auto,fl_lossy,q_auto/p/124402641/neutral-ceramic-vase-5.jpg",https://www.athome.com//neutral-ceramic-vase-5/124402641.html
"Providence Blue & White Frit Glass Ginger Jar, 12""","https://static.athome.com/images/w_200,h_200,c_pad,f_auto,fl_lossy,q_auto/p/124389033/providence-blue-white-frit-glass-ginger-jar-12.jpg",https://www.athome.com//providence-blue-white-frit-glass-ginger-jar-12/124389033.html
"Found & Fable Eileen Black Ceramic Vase, 12""","https://static.athome.com/images/w_200,h_200,c_pad,f_auto,fl_lossy,q_auto/p/124381366/found-fable-eileen-black-ceramic-vase-12.jpg",https://www.athome.com//found-fable-eileen-black-ceramic-vase-12/124381366.html
11In Horizontal Ribbed Grey Ceramic Vase,"https://static.athome.com/images/w_200,h_200,c_pad,f_auto,fl_lossy,q_auto/p/124404707/11in-horizontal-ribbed-grey-ceramic-vase.jpg",https://www.athome.com//11in-horizontal-ribbed-grey-ceramic-vase/124404707.html
"Providence Glass Vase with Mercury Neck, 10""","https://static.athome.com/images/w_200,h_200,c_pad,f_auto,fl_lossy,q_auto/p/124381348/providence-glass-vase-with-mercury-neck-10.jpg",https://www.athome.com//providence-glass-vase-with-mercury-neck-10/124381348.html
"Found & Fable Green Glass Vase, 8""","https://static.athome.com/images/w_200,h_200,c_pad,f_auto,fl_lossy,q_auto/p/124402867/found-fable-green-glass-vase-8.jpg",https://www.athome.com//found-fable-green-glass-vase-8/124402867.html
"Found & Fable Dark Green Mercury Glass Vase, 5""","https://static.athome.com/images/w_200,h_200,c_pad,f_auto,fl_lossy,q_auto/p/124402871/found-fable-dark-green-mercury-glass-vase-5.jpg",https://www.athome.com//found-fable-dark-green-mercury-glass-vase-5/124402871.html
"Providence White 3D Floral Porcelain Vase, 3""","https://static.athome.com/images/w_200,h_200,c_pad,f_auto,fl_lossy,q_auto/p/124381317/providence-white-3d-floral-porcelain-vase-3.jpg",https://www.athome.com//providence-white-3d-floral-porcelain-vase-3/124381317.html
"Ty Pennington Blue Speckled Ceramic Vase, 11""","https://static.athome.com/images/w_200,h_200,c_pad,f_auto,fl_lossy,q_auto/p/124362190/ty-pennington-blue-speckled-ceramic-vase-11.jpg",https://www.athome.com//ty-pennington-blue-speckled-ceramic-vase-11/124362190.html
"Black Cement Vase, 9""","https://static.athome.com/images/w_200,h_200,c_pad,f_auto,fl_lossy,q_auto/p/124402616/black-cement-vase-9.jpg",https://www.athome.com//black-cement-vase-9/124402616.html
"Providence Gold Decal Ceramic Vase, 6""","https://static.athome.com/images/w_200,h_200,c_pad,f_auto,fl_lossy,q_auto/p/124380996/providence-gold-decal-ceramic-vase-6.jpg",https://www.athome.com//providence-gold-decal-ceramic-vase-6/124380996.html
"Antique Brass Metal Vase, 8""","https://static.athome.com/images/w_200,h_200,c_pad,f_auto,fl_lossy,q_auto/p/124389373/antique-brass-metal-vase-8.jpg",https://www.athome.com//antique-brass-metal-vase-8/124389373.html
"Honeybloom Natural Wood Bottle Vase, 4""","https://static.athome.com/images/w_200,h_200,c_pad,f_auto,fl_lossy,q_auto/p/124366981/honeybloom-natural-wood-bottle-vase-4.jpg",https://www.athome.com//honeybloom-natural-wood-bottle-vase-4/124366981.html
"Honeybloom Green Glass Windowpane Vase, 15.5""","https://static.athome.com/images/w_200,h_200,c_pad,f_auto,fl_lossy,q_auto/p/124389396/honeybloom-green-glass-windowpane-vase-15.5.jpg",https://www.athome.com//honeybloom-green-glass-windowpane-vase-15.5/124389396.html
"Honeybloom Beige Distressed Ceramic Vase, 7.3""","https://static.athome.com/images/w_200,h_200,c_pad,f_auto,fl_lossy,q_auto/p/124367475/honeybloom-beige-distressed-ceramic-vase-7.3.jpg",https://www.athome.com//honeybloom-beige-distressed-ceramic-vase-7.3/124367475.html
"Honeybloom White Terracotta Vase, 10""","https://static.athome.com/images/w_200,h_200,c_pad,f_auto,fl_lossy,q_auto/p/124367476/honeybloom-white-terracotta-vase-10.jpg",https://www.athome.com//honeybloom-white-terracotta-vase-10/124367476.html
"White Speckled Ceramic Bud Vase, 4""","https://static.athome.com/images/w_200,h_200,c_pad,f_auto,fl_lossy,q_auto/p/124389318/white-speckled-ceramic-bud-vase-4.jpg",https://www.athome.com//white-speckled-ceramic-bud-vase-4/124389318.html
"Found & Fable Green Ribbed Glass Vase, 7""","https://static.athome.com/images/w_200,h_200,c_pad,f_auto,fl_lossy,q_auto/p/124402870/found-fable-green-ribbed-glass-vase-7.jpg",https://www.athome.com//found-fable-green-ribbed-glass-vase-7/124402870.html
"Found & Fable White Ceramic Vase, 9""","https://static.athome.com/images/w_200,h_200,c_pad,f_auto,fl_lossy,q_auto/p/124373144/found-fable-white-ceramic-vase-9.jpg",https://www.athome.com//found-fable-white-ceramic-vase-9/124373144.html
"Clear Glass Cylinder Jar, 7""","https://static.athome.com/images/w_200,h_200,c_pad,f_auto,fl_lossy,q_auto/p/124214658/clear-glass-cylinder-jar-7.jpg",https://www.athome.com//clear-glass-cylinder-jar-7/124214658.html
"Blue Glass Bud Vase, 5.5""","https://static.athome.com/images/w_200,h_200,c_pad,f_auto,fl_lossy,q_auto/p/124399553/blue-glass-bud-vase-5.5.jpg",https://www.athome.com//blue-glass-bud-vase-5.5/124399553.html
"Found & Fable Green & Clear Glass Vase, 15""","https://static.athome.com/images/w_200,h_200,c_pad,f_auto,fl_lossy,q_auto/p/124391139/found-fable-green-clear-glass-vase-15.jpg",https://www.athome.com//found-fable-green-clear-glass-vase-15/124391139.html
"Tracey Boyd Bevel Ceramic Vase, 7""","https://static.athome.com/images/w_200,h_200,c_pad,f_auto,fl_lossy,q_auto/p/124325673/tracey-boyd-bevel-ceramic-vase-7.jpg",https://www.athome.com//tracey-boyd-bevel-ceramic-vase-7/124325673.html
"Crosby St. Black Ceramic Vase, 14""","https://static.athome.com/images/w_200,h_200,c_pad,f_auto,fl_lossy,q_auto/p/124379157/crosby-st.-black-ceramic-vase-14.jpg",https://www.athome.com//crosby-st.-black-ceramic-vase-14/124379157.html
"Crosby St. Black Glass Gourd Vase, 9""","https://static.athome.com/images/w_200,h_200,c_pad,f_auto,fl_lossy,q_auto/p/124389423/crosby-st.-black-glass-gourd-vase-9.jpg",https://www.athome.com//crosby-st.-black-glass-gourd-vase-9/124389423.html
"Blue Swirled Glass Vase, 9""","https://static.athome.com/images/w_200,h_200,c_pad,f_auto,fl_lossy,q_auto/p/124401103/blue-swirled-glass-vase-9.jpg",https://www.athome.com//blue-swirled-glass-vase-9/124401103.html
"Willow Crossley Rounded Gold Rim Glass Vase, 5""","https://static.athome.com/images/w_200,h_200,c_pad,f_auto,fl_lossy,q_auto/p/124366547/willow-crossley-rounded-gold-rim-glass-vase-5.jpg",https://www.athome.com//willow-crossley-rounded-gold-rim-glass-vase-5/124366547.html
"Providence Clear Apothecary Jar, 17""","https://static.athome.com/images/w_200,h_200,c_pad,f_auto,fl_lossy,q_auto/p/124366967/providence-clear-apothecary-jar-17.jpg",https://www.athome.com//providence-clear-apothecary-jar-17/124366967.html
"Providence White Cutout Ceramic Vase, 9""","https://static.athome.com/images/w_200,h_200,c_pad,f_auto,fl_lossy,q_auto/p/124366734/providence-white-cutout-ceramic-vase-9.jpg",https://www.athome.com//providence-white-cutout-ceramic-vase-9/124366734.html
"Ty Pennington Blue Glaze Ceramic Vase, 11.4""","https://static.athome.com/images/w_200,h_200,c_pad,f_auto,fl_lossy,q_auto/p/124390540/ty-pennington-blue-glaze-ceramic-vase-11.4.jpg",https://www.athome.com//ty-pennington-blue-glaze-ceramic-vase-11.4/124390540.html
"Crosby St. Shiny Gold Ceramic Modern Vase, 7""","https://static.athome.com/images/w_200,h_200,c_pad,f_auto,fl_lossy,q_auto/p/124389168/crosby-st.-shiny-gold-ceramic-modern-vase-7.jpg",https://www.athome.com//crosby-st.-shiny-gold-ceramic-modern-vase-7/124389168.html
"Honeybloom Clear Glass Tassel Vase, 8.5""","https://static.athome.com/images/w_200,h_200,c_pad,f_auto,fl_lossy,q_auto/p/124366993/honeybloom-clear-glass-tassel-vase-8.5.jpg",https://www.athome.com//honeybloom-clear-glass-tassel-vase-8.5/124366993.html
"Clear Glass Rectangular Tray Vase, 3""","https://static.athome.com/images/w_200,h_200,c_pad,f_auto,fl_lossy,q_auto/p/124288441/clear-glass-rectangular-tray-vase-3.jpg",https://www.athome.com//clear-glass-rectangular-tray-vase-3/124288441.html
"Providence Ribbed Clear Glass Vase, 6""","https://static.athome.com/images/w_200,h_200,c_pad,f_auto,fl_lossy,q_auto/p/124378974/providence-ribbed-clear-glass-vase-6.jpg",https://www.athome.com//providence-ribbed-clear-glass-vase-6/124378974.html
"Found & Fable Hammered Metal Bud Vase, 4""","https://static.athome.com/images/w_200,h_200,c_pad,f_auto,fl_lossy,q_auto/p/124402855/found-fable-hammered-metal-bud-vase-4.jpg",https://www.athome.com//found-fable-hammered-metal-bud-vase-4/124402855.html
"Wooden Oversized Floor Vase, 30""","https://static.athome.com/images/w_200,h_200,c_pad,f_auto,fl_lossy,q_auto/p/124399958/wooden-oversized-floor-vase-30.jpg",https://www.athome.com//wooden-oversized-floor-vase-30/124399958.html
"Brown Glass Bud Vase, 6.5""","https://static.athome.com/images/w_200,h_200,c_pad,f_auto,fl_lossy,q_auto/p/124399525/brown-glass-bud-vase-6.5.jpg",https://www.athome.com//brown-glass-bud-vase-6.5/124399525.html
"Gold Mosaic Glass Vase, 8.5""","https://static.athome.com/images/w_200,h_200,c_pad,f_auto,fl_lossy,q_auto/p/124339951/gold-mosaic-glass-vase-8.5.jpg",https://www.athome.com//gold-mosaic-glass-vase-8.5/124339951.html
"Ty Pennington Blue Speckled Ceramic Vase, 8""","https://static.athome.com/images/w_200,h_200,c_pad,f_auto,fl_lossy,q_auto/p/124362191/ty-pennington-blue-speckled-ceramic-vase-8.jpg",https://www.athome.com//ty-pennington-blue-speckled-ceramic-vase-8/124362191.html
"Honeybloom Checkered Brass Vase, 11.5""","https://static.athome.com/images/w_200,h_200,c_pad,f_auto,fl_lossy,q_auto/p/124389376/honeybloom-checkered-brass-vase-11.5.jpg",https://www.athome.com//honeybloom-checkered-brass-vase-11.5/124389376.html
"Clear Glass Bud Vase, 5""","https://static.athome.com/images/w_200,h_200,c_pad,f_auto,fl_lossy,q_auto/p/124399520/clear-glass-bud-vase-5.jpg",https://www.athome.com//clear-glass-bud-vase-5/124399520.html
"Clear Glass Bud Vase, 5""","https://static.athome.com/images/w_200,h_200,c_pad,f_auto,fl_lossy,q_auto/p/124399523/clear-glass-bud-vase-5.jpg",https://www.athome.com//clear-glass-bud-vase-5/124399523.html
"Providence White Ceramic Vase, 9""","https://static.athome.com/images/w_200,h_200,c_pad,f_auto,fl_lossy,q_auto/p/124367464/providence-white-ceramic-vase-9.jpg",https://www.athome.com//providence-white-ceramic-vase-9/124367464.html
"Found & Fable White Vase with Wrapped Handles, 8.3""","https://static.athome.com/images/w_200,h_200,c_pad,f_auto,fl_lossy,q_auto/p/124391112/found-fable-white-vase-with-wrapped-handles-8.3.jpg",https://www.athome.com//found-fable-white-vase-with-wrapped-handles-8.3/124391112.html
"Tracey Boyd Slim Greige Vase with Ring Handle, 5.5""","https://static.athome.com/images/w_200,h_200,c_pad,f_auto,fl_lossy,q_auto/p/124390578/tracey-boyd-slim-greige-vase-with-ring-handle-5.5.jpg",https://www.athome.com//tracey-boyd-slim-greige-vase-with-ring-handle-5.5/124390578.html
"Found & Fable Green Textured Glass Vase, 13""","https://static.athome.com/images/w_200,h_200,c_pad,f_auto,fl_lossy,q_auto/p/124391108/found-fable-green-textured-glass-vase-13.jpg",https://www.athome.com//found-fable-green-textured-glass-vase-13/124391108.html
"Tracey Boyd Pink Frosted Glass Bud Vase, 4""","https://static.athome.com/images/w_200,h_200,c_pad,f_auto,fl_lossy,q_auto/p/124390569/tracey-boyd-pink-frosted-glass-bud-vase-4.jpg",https://www.athome.com//tracey-boyd-pink-frosted-glass-bud-vase-4/124390569.html
"Brown Wooden Striped Round Vase, 16""","https://static.athome.com/images/w_200,h_200,c_pad,f_auto,fl_lossy,q_auto/p/124391145/brown-wooden-striped-round-vase-16.jpg",https://www.athome.com//brown-wooden-striped-round-vase-16/124391145.html
"Honeybloom Neutral Ceramic Water Jug Vase, 13""","https://static.athome.com/images/w_200,h_200,c_pad,f_auto,fl_lossy,q_auto/p/124366559/honeybloom-neutral-ceramic-water-jug-vase-13.jpg",https://www.athome.com//honeybloom-neutral-ceramic-water-jug-vase-13/124366559.html
"Tracey Boyd White Ceramic Vase, 7""","https://static.athome.com/images/w_200,h_200,c_pad,f_auto,fl_lossy,q_auto/p/124320421/tracey-boyd-white-ceramic-vase-7.jpg",https://www.athome.com//tracey-boyd-white-ceramic-vase-7/124320421.html
"Crosby St. Grey Ceramic Vase, 8""","https://static.athome.com/images/w_200,h_200,c_pad,f_auto,fl_lossy,q_auto/p/124358786/crosby-st.-grey-ceramic-vase-8.jpg",https://www.athome.com//crosby-st.-grey-ceramic-vase-8/124358786.html
"Tracey Boyd White Ceramic Vase with Beads, 8.5""","https://static.athome.com/images/w_200,h_200,c_pad,f_auto,fl_lossy,q_auto/p/124373081/tracey-boyd-white-ceramic-vase-with-beads-8.5.jpg",https://www.athome.com//tracey-boyd-white-ceramic-vase-with-beads-8.5/124373081.html
"Providence White & Gold Electroplated Ceramic Vase, 6""","https://static.athome.com/images/w_200,h_200,c_pad,f_auto,fl_lossy,q_auto/p/124399758/providence-white-gold-electroplated-ceramic-vase-6.jpg",https://www.athome.com//providence-white-gold-electroplated-ceramic-vase-6/124399758.html
"Honeybloom Green Glass Windowpane Vase, 11""","https://static.athome.com/images/w_200,h_200,c_pad,f_auto,fl_lossy,q_auto/p/124389398/honeybloom-green-glass-windowpane-vase-11.jpg",https://www.athome.com//honeybloom-green-glass-windowpane-vase-11/124389398.html
"Providence White & Gold Electroplated Ceramic Vase, 9""","https://static.athome.com/images/w_200,h_200,c_pad,f_auto,fl_lossy,q_auto/p/124399757/providence-white-gold-electroplated-ceramic-vase-9.jpg",https://www.athome.com//providence-white-gold-electroplated-ceramic-vase-9/124399757.html
"Honeybloom Clear Glass Tassel Vase, 6.5""","https://static.athome.com/images/w_200,h_200,c_pad,f_auto,fl_lossy,q_auto/p/124366991/honeybloom-clear-glass-tassel-vase-6.5.jpg",https://www.athome.com//honeybloom-clear-glass-tassel-vase-6.5/124366991.html
"Crosby St. Addison Black Ceramic Vase, 6""","https://static.athome.com/images/w_200,h_200,c_pad,f_auto,fl_lossy,q_auto/p/124389213/crosby-st.-addison-black-ceramic-vase-6.jpg",https://www.athome.com//crosby-st.-addison-black-ceramic-vase-6/124389213.html
"White Ceramic Ginger Jar, 7.5""","https://static.athome.com/images/w_200,h_200,c_pad,f_auto,fl_lossy,q_auto/p/124389026/white-ceramic-ginger-jar-7.5.jpg",https://www.athome.com//white-ceramic-ginger-jar-7.5/124389026.html
"Green Fluted Ceramic Bud Vase, 4""","https://static.athome.com/images/w_200,h_200,c_pad,f_auto,fl_lossy,q_auto/p/124389246/green-fluted-ceramic-bud-vase-4.jpg",https://www.athome.com//green-fluted-ceramic-bud-vase-4/124389246.html
"Aqua Green Glazed Ceramic Vase, 4""","https://static.athome.com/images/w_200,h_200,c_pad,f_auto,fl_lossy,q_auto/p/124242637/aqua-green-glazed-ceramic-vase-4.jpg",https://www.athome.com//aqua-green-glazed-ceramic-vase-4/124242637.html
"Leah Silver Mercury Glass Vase, 6""","https://static.athome.com/images/w_200,h_200,c_pad,f_auto,fl_lossy,q_auto/p/124237954/leah-silver-mercury-glass-vase-6.jpg",https://www.athome.com//leah-silver-mercury-glass-vase-6/124237954.html
"White Ceramic Vase, 16""","https://static.athome.com/images/w_200,h_200,c_pad,f_auto,fl_lossy,q_auto/p/124289124/white-ceramic-vase-16.jpg",https://www.athome.com//white-ceramic-vase-16/124289124.html
"Crosby St. Riley White Open Ceramic Vase, 12""","https://static.athome.com/images/w_200,h_200,c_pad,f_auto,fl_lossy,q_auto/p/124257754/crosby-st.-riley-white-open-ceramic-vase-12.jpg",https://www.athome.com//crosby-st.-riley-white-open-ceramic-vase-12/124257754.html
"Crosby St. Brown Ceramic Vase, 4.5""","https://static.athome.com/images/w_200,h_200,c_pad,f_auto,fl_lossy,q_auto/p/124378467/crosby-st.-brown-ceramic-vase-4.5.jpg",https://www.athome.com//crosby-st.-brown-ceramic-vase-4.5/124378467.html
"Clear Glass Cylinder Vase, 10""","https://static.athome.com/images/w_200,h_200,c_pad,f_auto,fl_lossy,q_auto/p/124311368/clear-glass-cylinder-vase-10.jpg",https://www.athome.com//clear-glass-cylinder-vase-10/124311368.html
"Red Glass Bud Vase, 5""","https://static.athome.com/images/w_200,h_200,c_pad,f_auto,fl_lossy,q_auto/p/124399534/red-glass-bud-vase-5.jpg",https://www.athome.com//red-glass-bud-vase-5/124399534.html
"Tracey Boyd Brown Wicker Wrapped Glass Vase, 12""","https://static.athome.com/images/w_200,h_200,c_pad,f_auto,fl_lossy,q_auto/p/124390620/tracey-boyd-brown-wicker-wrapped-glass-vase-12.jpg",https://www.athome.com//tracey-boyd-brown-wicker-wrapped-glass-vase-12/124390620.html
"Providence Blue Pomegranate Ceramic Vase with Gold Rim, 8""","https://static.athome.com/images/w_200,h_200,c_pad,f_auto,fl_lossy,q_auto/p/124399770/providence-blue-pomegranate-ceramic-vase-with-gold-rim-8.jpg",https://www.athome.com//providence-blue-pomegranate-ceramic-vase-with-gold-rim-8/124399770.html
"Tracey Boyd Brown Wicker Wrapped Glass Vase, 9.7""","https://static.athome.com/images/w_200,h_200,c_pad,f_auto,fl_lossy,q_auto/p/124390621/tracey-boyd-brown-wicker-wrapped-glass-vase-9.7.jpg",https://www.athome.com//tracey-boyd-brown-wicker-wrapped-glass-vase-9.7/124390621.html
"Tracey Boyd Greige Earthenware Dancy Vase, 8.7""","https://static.athome.com/images/w_200,h_200,c_pad,f_auto,fl_lossy,q_auto/p/124390581/tracey-boyd-greige-earthenware-dancy-vase-8.7.jpg",https://www.athome.com//tracey-boyd-greige-earthenware-dancy-vase-8.7/124390581.html
"Blue Glass Vase, 14""","https://static.athome.com/images/w_200,h_200,c_pad,f_auto,fl_lossy,q_auto/p/124390489/blue-glass-vase-14.jpg",https://www.athome.com//blue-glass-vase-14/124390489.html
"Honeybloom Tan & Grey Reactive Glaze Vase, 11.7""","https://static.athome.com/images/w_200,h_200,c_pad,f_auto,fl_lossy,q_auto/p/124389369/honeybloom-tan-grey-reactive-glaze-vase-11.7.jpg",https://www.athome.com//honeybloom-tan-grey-reactive-glaze-vase-11.7/124389369.html
"Providence White & Gold Electroplated Ceramic Vase, 7""","https://static.athome.com/images/w_200,h_200,c_pad,f_auto,fl_lossy,q_auto/p/124399759/providence-white-gold-electroplated-ceramic-vase-7.jpg",https://www.athome.com//providence-white-gold-electroplated-ceramic-vase-7/124399759.html
"Recycled Acacia Cylinder Floor Vase, 36""","https://static.athome.com/images/w_200,h_200,c_pad,f_auto,fl_lossy,q_auto/p/124241087/recycled-acacia-cylinder-floor-vase-36.jpg",https://www.athome.com//recycled-acacia-cylinder-floor-vase-36/124241087.html
"Clear Glass Cloche Tray, 12""","https://static.athome.com/images/w_200,h_200,c_pad,f_auto,fl_lossy,q_auto/p/124251595/clear-glass-cloche-tray-12.jpg",https://www.athome.com//clear-glass-cloche-tray-12/124251595.html
"Gold Metal Round Vase, 10""","https://static.athome.com/images/w_200,h_200,c_pad,f_auto,fl_lossy,q_auto/p/124389214/gold-metal-round-vase-10.jpg",https://www.athome.com//gold-metal-round-vase-10/124389214.html
"Crosby St. Brown Glass Vase, 5""","https://static.athome.com/images/w_200,h_200,c_pad,f_auto,fl_lossy,q_auto/p/124389205/crosby-st.-brown-glass-vase-5.jpg",https://www.athome.com//crosby-st.-brown-glass-vase-5/124389205.html
"Honeybloom Pink Floral White Vase, 5.7""","https://static.athome.com/images/w_200,h_200,c_pad,f_auto,fl_lossy,q_auto/p/124376786/honeybloom-pink-floral-white-vase-5.7.jpg",https://www.athome.com//honeybloom-pink-floral-white-vase-5.7/124376786.html
"Book Shaped Glass Vase, 6x3x7","https://static.athome.com/images/w_200,h_200,c_pad,f_auto,fl_lossy,q_auto/p/124401143/book-shaped-glass-vase-6x3x7.jpg",https://www.athome.com//book-shaped-glass-vase-6x3x7/124401143.html
"Brown Glass Bud Vase, 4""","https://static.athome.com/images/w_200,h_200,c_pad,f_auto,fl_lossy,q_auto/p/124399527/brown-glass-bud-vase-4.jpg",https://www.athome.com//brown-glass-bud-vase-4/124399527.html
"Blue Mercury Glass Bud Vase, 4""","https://static.athome.com/images/w_200,h_200,c_pad,f_auto,fl_lossy,q_auto/p/124399169/blue-mercury-glass-bud-vase-4.jpg",https://www.athome.com//blue-mercury-glass-bud-vase-4/124399169.html
"Honeybloom White Tassel Metal Vase, 13.5""","https://static.athome.com/images/w_200,h_200,c_pad,f_auto,fl_lossy,q_auto/p/124367119/honeybloom-white-tassel-metal-vase-13.5.jpg",https://www.athome.com//honeybloom-white-tassel-metal-vase-13.5/124367119.html
"Honeybloom Two-Tone Terracotta Ceramic Floor Vase, 30""","https://static.athome.com/images/w_200,h_200,c_pad,f_auto,fl_lossy,q_auto/p/124401700/honeybloom-two-tone-terracotta-ceramic-floor-vase-30.jpg",https://www.athome.com//honeybloom-two-tone-terracotta-ceramic-floor-vase-30/124401700.html
"Crushed Mirror Glass Vase, 17.5""","https://static.athome.com/images/w_200,h_200,c_pad,f_auto,fl_lossy,q_auto/p/124157254/crushed-mirror-glass-vase-17.5.jpg",https://www.athome.com//crushed-mirror-glass-vase-17.5/124157254.html
"Distressed White Metal Vase, 25""","https://static.athome.com/images/w_200,h_200,c_pad,f_auto,fl_lossy,q_auto/p/124290526/distressed-white-metal-vase-25.jpg",https://www.athome.com//distressed-white-metal-vase-25/124290526.html
"Found & Fable Black & Silver Mosaic Vase, 10""","https://static.athome.com/images/w_200,h_200,c_pad,f_auto,fl_lossy,q_auto/p/124381399/found-fable-black-silver-mosaic-vase-10.jpg",https://www.athome.com//found-fable-black-silver-mosaic-vase-10/124381399.html
"Clear Glass Cube Vase, 7""","https://static.athome.com/images/w_200,h_200,c_pad,f_auto,fl_lossy,q_auto/p/124305284/clear-glass-cube-vase-7.jpg",https://www.athome.com//clear-glass-cube-vase-7/124305284.html
"Beige Metal Flower Oversized Vase, 29""","https://static.athome.com/images/w_200,h_200,c_pad,f_auto,fl_lossy,q_auto/p/124405366/beige-metal-flower-oversized-vase-29.jpg",https://www.athome.com//beige-metal-flower-oversized-vase-29/124405366.html
"Spanish Glass Rimma Vase, 14""","https://static.athome.com/images/w_200,h_200,c_pad,f_auto,fl_lossy,q_auto/p/124361628/spanish-glass-rimma-vase-14.jpg",https://www.athome.com//spanish-glass-rimma-vase-14/124361628.html
"Pink Fluted Ceramic Bud Vase, 6""","https://static.athome.com/images/w_200,h_200,c_pad,f_auto,fl_lossy,q_auto/p/124389120/pink-fluted-ceramic-bud-vase-6.jpg",https://www.athome.com//pink-fluted-ceramic-bud-vase-6/124389120.html
Remi Vase 14In White,"https://static.athome.com/images/w_200,h_200,c_pad,f_auto,fl_lossy,q_auto/p/124399852/remi-vase-14in-white.jpg",https://www.athome.com//remi-vase-14in-white/124399852.html
"Grey Bubble Glass Bottle Vase, 21""","https://static.athome.com/images/w_200,h_200,c_pad,f_auto,fl_lossy,q_auto/p/124381340/grey-bubble-glass-bottle-vase-21.jpg",https://www.athome.com//grey-bubble-glass-bottle-vase-21/124381340.html
"White Cream Vase, 12""","https://static.athome.com/images/w_200,h_200,c_pad,f_auto,fl_lossy,q_auto/p/124390516/white-cream-vase-12.jpg",https://www.athome.com//white-cream-vase-12/124390516.html
"Crosby St. Brown Glass Beaker Vase with Gold Neck, 7""","https://static.athome.com/images/w_200,h_200,c_pad,f_auto,fl_lossy,q_auto/p/124389206/crosby-st.-brown-glass-beaker-vase-with-gold-neck-7.jpg",https://www.athome.com//crosby-st.-brown-glass-beaker-vase-with-gold-neck-7/124389206.html
"Crosby St. Black & Gold Glass Vase, 11.75""","https://static.athome.com/images/w_200,h_200,c_pad,f_auto,fl_lossy,q_auto/p/124389405/crosby-st.-black-gold-glass-vase-11.75.jpg",https://www.athome.com//crosby-st.-black-gold-glass-vase-11.75/124389405.html
"Tracey Boyd White Ceramic Vase, 8""","https://static.athome.com/images/w_200,h_200,c_pad,f_auto,fl_lossy,q_auto/p/124390609/tracey-boyd-white-ceramic-vase-8.jpg",https://www.athome.com//tracey-boyd-white-ceramic-vase-8/124390609.html
"Blue Glass Bud Vase, 5""","https://static.athome.com/images/w_200,h_200,c_pad,f_auto,fl_lossy,q_auto/p/124399551/blue-glass-bud-vase-5.jpg",https://www.athome.com//blue-glass-bud-vase-5/124399551.html
"Gold Metal Floor Vase, 23""","https://static.athome.com/images/w_200,h_200,c_pad,f_auto,fl_lossy,q_auto/p/124348781/gold-metal-floor-vase-23.jpg",https://www.athome.com//gold-metal-floor-vase-23/124348781.html
"Red Glass Dot Bud Vase, 5.5""","https://static.athome.com/images/w_200,h_200,c_pad,f_auto,fl_lossy,q_auto/p/124399541/red-glass-dot-bud-vase-5.5.jpg",https://www.athome.com//red-glass-dot-bud-vase-5.5/124399541.html
"Black Fluted Ceramic Bud Vase, 4""","https://static.athome.com/images/w_200,h_200,c_pad,f_auto,fl_lossy,q_auto/p/124389245/black-fluted-ceramic-bud-vase-4.jpg",https://www.athome.com//black-fluted-ceramic-bud-vase-4/124389245.html
"Yellow Glass Bud Vase, 5""","https://static.athome.com/images/w_200,h_200,c_pad,f_auto,fl_lossy,q_auto/p/124389235/yellow-glass-bud-vase-5.jpg",https://www.athome.com//yellow-glass-bud-vase-5/124389235.html
"Silver Coral Floor Vase, 36""","https://static.athome.com/images/w_200,h_200,c_pad,f_auto,fl_lossy,q_auto/p/124227292/silver-coral-floor-vase-36.jpg",https://www.athome.com//silver-coral-floor-vase-36/124227292.html
"Metal Geometric Patterned Vase, 24""","https://static.athome.com/images/w_200,h_200,c_pad,f_auto,fl_lossy,q_auto/p/124129230/metal-geometric-patterned-vase-24.jpg",https://www.athome.com//metal-geometric-patterned-vase-24/124129230.html
"Crosby St. Black Faux Wood Vase, 12""","https://static.athome.com/images/w_200,h_200,c_pad,f_auto,fl_lossy,q_auto/p/124358036/crosby-st.-black-faux-wood-vase-12.jpg",https://www.athome.com//crosby-st.-black-faux-wood-vase-12/124358036.html
"Found & Fable Black & White Geometric Design Ceramic Vase, 6""","https://static.athome.com/images/w_200,h_200,c_pad,f_auto,fl_lossy,q_auto/p/124358728/found-fable-black-white-geometric-design-ceramic-vase-6.jpg",https://www.athome.com//found-fable-black-white-geometric-design-ceramic-vase-6/124358728.html
"Found & Fable Natural Seagrass Vase, 15""","https://static.athome.com/images/w_200,h_200,c_pad,f_auto,fl_lossy,q_auto/p/124373158/found-fable-natural-seagrass-vase-15.jpg",https://www.athome.com//found-fable-natural-seagrass-vase-15/124373158.html
"Ty Pennington Rustic Wash Ceramic Vase, 10.5""","https://static.athome.com/images/w_200,h_200,c_pad,f_auto,fl_lossy,q_auto/p/124381307/ty-pennington-rustic-wash-ceramic-vase-10.5.jpg",https://www.athome.com//ty-pennington-rustic-wash-ceramic-vase-10.5/124381307.html
"Providence Blue Ceramic Vase, 8""","https://static.athome.com/images/w_200,h_200,c_pad,f_auto,fl_lossy,q_auto/p/124379091/providence-blue-ceramic-vase-8.jpg",https://www.athome.com//providence-blue-ceramic-vase-8/124379091.html
"Honeybloom White Two Tone Ceramic Vase with Handles, 4.8""","https://static.athome.com/images/w_200,h_200,c_pad,f_auto,fl_lossy,q_auto/p/124389383/honeybloom-white-two-tone-ceramic-vase-with-handles-4.8.jpg",https://www.athome.com//honeybloom-white-two-tone-ceramic-vase-with-handles-4.8/124389383.html
"Found & Fable White Spindle Ceramic Vase, 10""","https://static.athome.com/images/w_200,h_200,c_pad,f_auto,fl_lossy,q_auto/p/124358790/found-fable-white-spindle-ceramic-vase-10.jpg",https://www.athome.com//found-fable-white-spindle-ceramic-vase-10/124358790.html
"Found & Fable Black Carved Wood Vase, 16""","https://static.athome.com/images/w_200,h_200,c_pad,f_auto,fl_lossy,q_auto/p/124293064/found-fable-black-carved-wood-vase-16.jpg",https://www.athome.com//found-fable-black-carved-wood-vase-16/124293064.html
"Ty Pennington Tan Bamboo Mosaic Vase, 17""","https://static.athome.com/images/w_200,h_200,c_pad,f_auto,fl_lossy,q_auto/p/124373161/ty-pennington-tan-bamboo-mosaic-vase-17.jpg",https://www.athome.com//ty-pennington-tan-bamboo-mosaic-vase-17/124373161.html
"Spanish Glass Carafe Vase, 16.5""","https://static.athome.com/images/w_200,h_200,c_pad,f_auto,fl_lossy,q_auto/p/124361629/spanish-glass-carafe-vase-16.5.jpg",https://www.athome.com//spanish-glass-carafe-vase-16.5/124361629.html
"Ty Pennington Test Tube Vase, 5.5""","https://static.athome.com/images/w_200,h_200,c_pad,f_auto,fl_lossy,q_auto/p/124381058/ty-pennington-test-tube-vase-5.5.jpg",https://www.athome.com//ty-pennington-test-tube-vase-5.5/124381058.html
"White Heron Print Ceramic Vase, 10""","https://static.athome.com/images/w_200,h_200,c_pad,f_auto,fl_lossy,q_auto/p/124389035/white-heron-print-ceramic-vase-10.jpg",https://www.athome.com//white-heron-print-ceramic-vase-10/124389035.html
"Red Glass Bud Vase, 5""","https://static.athome.com/images/w_200,h_200,c_pad,f_auto,fl_lossy,q_auto/p/124399539/red-glass-bud-vase-5.jpg",https://www.athome.com//red-glass-bud-vase-5/124399539.html
"Ivory Solstice Capiz Floor Vase, 36""","https://static.athome.com/images/w_200,h_200,c_pad,f_auto,fl_lossy,q_auto/p/124218842/ivory-solstice-capiz-floor-vase-36.jpg",https://www.athome.com//ivory-solstice-capiz-floor-vase-36/124218842.html
"White Ceramic Vase, 11""","https://static.athome.com/images/w_200,h_200,c_pad,f_auto,fl_lossy,q_auto/p/124293752/white-ceramic-vase-11.jpg",https://www.athome.com//white-ceramic-vase-11/124293752.html
"Found & Fable Black & White Geometric Design Ceramic Vase, 8""","https://static.athome.com/images/w_200,h_200,c_pad,f_auto,fl_lossy,q_auto/p/124358726/found-fable-black-white-geometric-design-ceramic-vase-8.jpg",https://www.athome.com//found-fable-black-white-geometric-design-ceramic-vase-8/124358726.html
"Crosby St. Silver Ceramic Vase, 11.6""","https://static.athome.com/images/w_200,h_200,c_pad,f_auto,fl_lossy,q_auto/p/124401703/crosby-st.-silver-ceramic-vase-11.6.jpg",https://www.athome.com//crosby-st.-silver-ceramic-vase-11.6/124401703.html
"Honeybloom White Textured Ceramic Vase, 7""","https://static.athome.com/images/w_200,h_200,c_pad,f_auto,fl_lossy,q_auto/p/124366700/honeybloom-white-textured-ceramic-vase-7.jpg",https://www.athome.com//honeybloom-white-textured-ceramic-vase-7/124366700.html
"Brown Glass Bud Vase, 5""","https://static.athome.com/images/w_200,h_200,c_pad,f_auto,fl_lossy,q_auto/p/124399526/brown-glass-bud-vase-5.jpg",https://www.athome.com//brown-glass-bud-vase-5/124399526.html
"Green Clear Glass Vase, 5""","https://static.athome.com/images/w_200,h_200,c_pad,f_auto,fl_lossy,q_auto/p/124389333/green-clear-glass-vase-5.jpg",https://www.athome.com//green-clear-glass-vase-5/124389333.html
"Found & Fable White Lotus Ceramic Vase, 3""","https://static.athome.com/images/w_200,h_200,c_pad,f_auto,fl_lossy,q_auto/p/124381302/found-fable-white-lotus-ceramic-vase-3.jpg",https://www.athome.com//found-fable-white-lotus-ceramic-vase-3/124381302.html
"Grey Glass Bud Vase, 6.5""","https://static.athome.com/images/w_200,h_200,c_pad,f_auto,fl_lossy,q_auto/p/124399528/grey-glass-bud-vase-6.5.jpg",https://www.athome.com//grey-glass-bud-vase-6.5/124399528.html
"Red Glass Bud Vase, 4""","https://static.athome.com/images/w_200,h_200,c_pad,f_auto,fl_lossy,q_auto/p/124399536/red-glass-bud-vase-4.jpg",https://www.athome.com//red-glass-bud-vase-4/124399536.html
"Clear Glass Bud Vase, 6.5""","https://static.athome.com/images/w_200,h_200,c_pad,f_auto,fl_lossy,q_auto/p/124399522/clear-glass-bud-vase-6.5.jpg",https://www.athome.com//clear-glass-bud-vase-6.5/124399522.html
"Honeybloom Neutral Ceramic Vase, 11""","https://static.athome.com/images/w_200,h_200,c_pad,f_auto,fl_lossy,q_auto/p/124389346/honeybloom-neutral-ceramic-vase-11.jpg",https://www.athome.com//honeybloom-neutral-ceramic-vase-11/124389346.html
"Black Cement Vase, 11.5""","https://static.athome.com/images/w_200,h_200,c_pad,f_auto,fl_lossy,q_auto/p/124402615/black-cement-vase-11.5.jpg",https://www.athome.com//black-cement-vase-11.5/124402615.html
"Honeybloom Bubble Glass Vase, 12""","https://static.athome.com/images/w_200,h_200,c_pad,f_auto,fl_lossy,q_auto/p/124366984/honeybloom-bubble-glass-vase-12.jpg",https://www.athome.com//honeybloom-bubble-glass-vase-12/124366984.html
"Silver Geo Floor Vase, 36""","https://static.athome.com/images/w_200,h_200,c_pad,f_auto,fl_lossy,q_auto/p/124295131/silver-geo-floor-vase-36.jpg",https://www.athome.com//silver-geo-floor-vase-36/124295131.html
"Willow Crossley White Pie Crust Edge Ceramic Vase, 13""","https://static.athome.com/images/w_200,h_200,c_pad,f_auto,fl_lossy,q_auto/p/124373320/willow-crossley-white-pie-crust-edge-ceramic-vase-13.jpg",https://www.athome.com//willow-crossley-white-pie-crust-edge-ceramic-vase-13/124373320.html
"Black Carved Faux Wood Vase, 9""","https://static.athome.com/images/w_200,h_200,c_pad,f_auto,fl_lossy,q_auto/p/124291079/black-carved-faux-wood-vase-9.jpg",https://www.athome.com//black-carved-faux-wood-vase-9/124291079.html
"Crosby St. White Ceramic Torso Vase, 12""","https://static.athome.com/images/w_200,h_200,c_pad,f_auto,fl_lossy,q_auto/p/124399853/crosby-st.-white-ceramic-torso-vase-12.jpg",https://www.athome.com//crosby-st.-white-ceramic-torso-vase-12/124399853.html
"Providence White Ceramic Vase, 6""","https://static.athome.com/images/w_200,h_200,c_pad,f_auto,fl_lossy,q_auto/p/124380382/providence-white-ceramic-vase-6.jpg",https://www.athome.com//providence-white-ceramic-vase-6/124380382.html
"Tracey Boyd Bevel Ceramic Vase, 10""","https://static.athome.com/images/w_200,h_200,c_pad,f_auto,fl_lossy,q_auto/p/124325672/tracey-boyd-bevel-ceramic-vase-10.jpg",https://www.athome.com//tracey-boyd-bevel-ceramic-vase-10/124325672.html
"Honeybloom Dark Blue Textured Ceramic Vase, 10""","https://static.athome.com/images/w_200,h_200,c_pad,f_auto,fl_lossy,q_auto/p/124399948/honeybloom-dark-blue-textured-ceramic-vase-10.jpg",https://www.athome.com//honeybloom-dark-blue-textured-ceramic-vase-10/124399948.html
"Honeybloom Brown Speckled Porcelain Vase, 7""","https://static.athome.com/images/w_200,h_200,c_pad,f_auto,fl_lossy,q_auto/p/124357329/honeybloom-brown-speckled-porcelain-vase-7.jpg",https://www.athome.com//honeybloom-brown-speckled-porcelain-vase-7/124357329.html
"White Thin Ceramic Vase, 11""","https://static.athome.com/images/w_200,h_200,c_pad,f_auto,fl_lossy,q_auto/p/124400852/white-thin-ceramic-vase-11.jpg",https://www.athome.com//white-thin-ceramic-vase-11/124400852.html
"Crosby St. White Ceramic Vase, 4x12","https://static.athome.com/images/w_200,h_200,c_pad,f_auto,fl_lossy,q_auto/p/124389410/crosby-st.-white-ceramic-vase-4x12.jpg",https://www.athome.com//crosby-st.-white-ceramic-vase-4x12/124389410.html
"Yellow Glass Dot Bud Vase, 5.5""","https://static.athome.com/images/w_200,h_200,c_pad,f_auto,fl_lossy,q_auto/p/124389216/yellow-glass-dot-bud-vase-5.5.jpg",https://www.athome.com//yellow-glass-dot-bud-vase-5.5/124389216.html
"Neutral Ceramic Vase, 11""","https://static.athome.com/images/w_200,h_200,c_pad,f_auto,fl_lossy,q_auto/p/124402642/neutral-ceramic-vase-11.jpg",https://www.athome.com//neutral-ceramic-vase-11/124402642.html
"Green Variable Glaze Ceramic Vase, 37""","https://static.athome.com/images/w_200,h_200,c_pad,f_auto,fl_lossy,q_auto/p/124402232/green-variable-glaze-ceramic-vase-37.jpg",https://www.athome.com//green-variable-glaze-ceramic-vase-37/124402232.html
"Providence Blue Glass Vase, 8""","https://static.athome.com/images/w_200,h_200,c_pad,f_auto,fl_lossy,q_auto/p/124377502/providence-blue-glass-vase-8.jpg",https://www.athome.com//providence-blue-glass-vase-8/124377502.html
"Crosby St. Addison Black Ceramic Vase, 15""","https://static.athome.com/images/w_200,h_200,c_pad,f_auto,fl_lossy,q_auto/p/124389200/crosby-st.-addison-black-ceramic-vase-15.jpg",https://www.athome.com//crosby-st.-addison-black-ceramic-vase-15/124389200.html
"Providence Marbled Ceramic Vase, 8.7""","https://static.athome.com/images/w_200,h_200,c_pad,f_auto,fl_lossy,q_auto/p/124366738/providence-marbled-ceramic-vase-8.7.jpg",https://www.athome.com//providence-marbled-ceramic-vase-8.7/124366738.html
"Clear Glass Round Bud Vase, 5""","https://static.athome.com/images/w_200,h_200,c_pad,f_auto,fl_lossy,q_auto/p/124200774/clear-glass-round-bud-vase-5.jpg",https://www.athome.com//clear-glass-round-bud-vase-5/124200774.html
"White Wooden Floor Vase, 36""","https://static.athome.com/images/w_200,h_200,c_pad,f_auto,fl_lossy,q_auto/p/124348568/white-wooden-floor-vase-36.jpg",https://www.athome.com//white-wooden-floor-vase-36/124348568.html
"Clear Glass Square Bud Vase, 5""","https://static.athome.com/images/w_200,h_200,c_pad,f_auto,fl_lossy,q_auto/p/124200773/clear-glass-square-bud-vase-5.jpg",https://www.athome.com//clear-glass-square-bud-vase-5/124200773.html
"Clear Glass Bud Vase, 6.5""","https://static.athome.com/images/w_200,h_200,c_pad,f_auto,fl_lossy,q_auto/p/124399519/clear-glass-bud-vase-6.5.jpg",https://www.athome.com//clear-glass-bud-vase-6.5/124399519.html
"White Ceramic Oversized Vase, 37""","https://static.athome.com/images/w_200,h_200,c_pad,f_auto,fl_lossy,q_auto/p/124401699/white-ceramic-oversized-vase-37.jpg",https://www.athome.com//white-ceramic-oversized-vase-37/124401699.html
"Clear Glass Cylinder Vase, 10""","https://static.athome.com/images/w_200,h_200,c_pad,f_auto,fl_lossy,q_auto/p/124311374/clear-glass-cylinder-vase-10.jpg",https://www.athome.com//clear-glass-cylinder-vase-10/124311374.html
"Providence Gold Metal Cylinder Vase, 11""","https://static.athome.com/images/w_200,h_200,c_pad,f_auto,fl_lossy,q_auto/p/124366971/providence-gold-metal-cylinder-vase-11.jpg",https://www.athome.com//providence-gold-metal-cylinder-vase-11/124366971.html
"Clear Glass Trifle Vase, 6.5""","https://static.athome.com/images/w_200,h_200,c_pad,f_auto,fl_lossy,q_auto/p/124278202/clear-glass-trifle-vase-6.5.jpg",https://www.athome.com//clear-glass-trifle-vase-6.5/124278202.html
"Clear Glass Vase, 3""","https://static.athome.com/images/w_200,h_200,c_pad,f_auto,fl_lossy,q_auto/p/124290123/clear-glass-vase-3.jpg",https://www.athome.com//clear-glass-vase-3/124290123.html
"Grey Ombre Floor Vase, 36""","https://static.athome.com/images/w_200,h_200,c_pad,f_auto,fl_lossy,q_auto/p/124236309/grey-ombre-floor-vase-36.jpg",https://www.athome.com//grey-ombre-floor-vase-36/124236309.html
"Red Glass Bud Vase, 6.5""","https://static.athome.com/images/w_200,h_200,c_pad,f_auto,fl_lossy,q_auto/p/124399537/red-glass-bud-vase-6.5.jpg",https://www.athome.com//red-glass-bud-vase-6.5/124399537.html
"White Ceramic Vase, 7""","https://static.athome.com/images/w_200,h_200,c_pad,f_auto,fl_lossy,q_auto/p/124293756/white-ceramic-vase-7.jpg",https://www.athome.com//white-ceramic-vase-7/124293756.html
"Crosby St. Grey Painted Ceramic Vase, 5""","https://static.athome.com/images/w_200,h_200,c_pad,f_auto,fl_lossy,q_auto/p/124319589/crosby-st.-grey-painted-ceramic-vase-5.jpg",https://www.athome.com//crosby-st.-grey-painted-ceramic-vase-5/124319589.html
"Honeybloom Metal Vase with Gold Finish, 20""","https://static.athome.com/images/w_200,h_200,c_pad,f_auto,fl_lossy,q_auto/p/124357501/honeybloom-metal-vase-with-gold-finish-20.jpg",https://www.athome.com//honeybloom-metal-vase-with-gold-finish-20/124357501.html
"Crosby St. Black & White Abstract Glass Vase, 8""","https://static.athome.com/images/w_200,h_200,c_pad,f_auto,fl_lossy,q_auto/p/124377470/crosby-st.-black-white-abstract-glass-vase-8.jpg",https://www.athome.com//crosby-st.-black-white-abstract-glass-vase-8/124377470.html
"Crosby St. Addison White Modern Abstract Ceramic Vase, 5""","https://static.athome.com/images/w_200,h_200,c_pad,f_auto,fl_lossy,q_auto/p/124379093/crosby-st.-addison-white-modern-abstract-ceramic-vase-5.jpg",https://www.athome.com//crosby-st.-addison-white-modern-abstract-ceramic-vase-5/124379093.html
"Brown Mercury Glass Bud Vase, 3.5""","https://static.athome.com/images/w_200,h_200,c_pad,f_auto,fl_lossy,q_auto/p/124399163/brown-mercury-glass-bud-vase-3.5.jpg",https://www.athome.com//brown-mercury-glass-bud-vase-3.5/124399163.html
"White Ceramic Black Patterned Oversized Vase, 30""","https://static.athome.com/images/w_200,h_200,c_pad,f_auto,fl_lossy,q_auto/p/124405372/white-ceramic-black-patterned-oversized-vase-30.jpg",https://www.athome.com//white-ceramic-black-patterned-oversized-vase-30/124405372.html
"Providence Gold Metal Long Neck Vase, 9""","https://static.athome.com/images/w_200,h_200,c_pad,f_auto,fl_lossy,q_auto/p/124346950/providence-gold-metal-long-neck-vase-9.jpg",https://www.athome.com//providence-gold-metal-long-neck-vase-9/124346950.html
"Blue Glass Vase, 6""","https://static.athome.com/images/w_200,h_200,c_pad,f_auto,fl_lossy,q_auto/p/124390487/blue-glass-vase-6.jpg",https://www.athome.com//blue-glass-vase-6/124390487.html
"Yellow & White Ceramic Vase with Handles, 9""","https://static.athome.com/images/w_200,h_200,c_pad,f_auto,fl_lossy,q_auto/p/124377554/yellow-white-ceramic-vase-with-handles-9.jpg",https://www.athome.com//yellow-white-ceramic-vase-with-handles-9/124377554.html
"Found & Fable Wood Band Glass Vase, 7.5""","https://static.athome.com/images/w_200,h_200,c_pad,f_auto,fl_lossy,q_auto/p/124391109/found-fable-wood-band-glass-vase-7.5.jpg",https://www.athome.com//found-fable-wood-band-glass-vase-7.5/124391109.html
7.5x14IN Green Antique Daichi Terracotta Vase,"https://static.athome.com/images/w_200,h_200,c_pad,f_auto,fl_lossy,q_auto/p/124402875/7.5x14in-green-antique-daichi-terracotta-vase.jpg",https://www.athome.com//7.5x14in-green-antique-daichi-terracotta-vase/124402875.html
"Tracey Boyd Green Fan Mosaic Hurricane, 6""","https://static.athome.com/images/w_200,h_200,c_pad,f_auto,fl_lossy,q_auto/p/124361847/tracey-boyd-green-fan-mosaic-hurricane-6.jpg",https://www.athome.com//tracey-boyd-green-fan-mosaic-hurricane-6/124361847.html
"Found & Fable Tan & Ivory Print Ceramic Cylinder Vase, 6""","https://static.athome.com/images/w_200,h_200,c_pad,f_auto,fl_lossy,q_auto/p/124373120/found-fable-tan-ivory-print-ceramic-cylinder-vase-6.jpg",https://www.athome.com//found-fable-tan-ivory-print-ceramic-cylinder-vase-6/124373120.html
"Metallic Mosaic Mirror Vase, 4.5""","https://static.athome.com/images/w_200,h_200,c_pad,f_auto,fl_lossy,q_auto/p/124340539/metallic-mosaic-mirror-vase-4.5.jpg",https://www.athome.com//metallic-mosaic-mirror-vase-4.5/124340539.html
"Crosby St. White Faux Wood Vase, 16""","https://static.athome.com/images/w_200,h_200,c_pad,f_auto,fl_lossy,q_auto/p/124357986/crosby-st.-white-faux-wood-vase-16.jpg",https://www.athome.com//crosby-st.-white-faux-wood-vase-16/124357986.html
"Wide Rectangle Glass Vase, 5""","https://static.athome.com/images/w_200,h_200,c_pad,f_auto,fl_lossy,q_auto/p/124174774/wide-rectangle-glass-vase-5.jpg",https://www.athome.com//wide-rectangle-glass-vase-5/124174774.html
"Crosby St. Black Ceramic Abstract Vase, 12""","https://static.athome.com/images/w_200,h_200,c_pad,f_auto,fl_lossy,q_auto/p/124389172/crosby-st.-black-ceramic-abstract-vase-12.jpg",https://www.athome.com//crosby-st.-black-ceramic-abstract-vase-12/124389172.html
"Silver Open Mini Ceramic Vase, 6""","https://static.athome.com/images/w_200,h_200,c_pad,f_auto,fl_lossy,q_auto/p/124314250/silver-open-mini-ceramic-vase-6.jpg",https://www.athome.com//silver-open-mini-ceramic-vase-6/124314250.html
"Blue Glass Bud Vase, 4""","https://static.athome.com/images/w_200,h_200,c_pad,f_auto,fl_lossy,q_auto/p/124399547/blue-glass-bud-vase-4.jpg",https://www.athome.com//blue-glass-bud-vase-4/124399547.html
"Clear Glass Round Vase, 4""","https://static.athome.com/images/w_200,h_200,c_pad,f_auto,fl_lossy,q_auto/p/124283635/clear-glass-round-vase-4.jpg",https://www.athome.com//clear-glass-round-vase-4/124283635.html
"Yellow Glass Bud Vase, 7""","https://static.athome.com/images/w_200,h_200,c_pad,f_auto,fl_lossy,q_auto/p/124389230/yellow-glass-bud-vase-7.jpg",https://www.athome.com//yellow-glass-bud-vase-7/124389230.html
"Honeybloom Two Tone Ceramic Vase, 5""","https://static.athome.com/images/w_200,h_200,c_pad,f_auto,fl_lossy,q_auto/p/124389353/honeybloom-two-tone-ceramic-vase-5.jpg",https://www.athome.com//honeybloom-two-tone-ceramic-vase-5/124389353.html
"Crosby St. Black Bubble Vase, 6""","https://static.athome.com/images/w_200,h_200,c_pad,f_auto,fl_lossy,q_auto/p/124399819/crosby-st.-black-bubble-vase-6.jpg",https://www.athome.com//crosby-st.-black-bubble-vase-6/124399819.html
"Yellow Square Cutout Ceramic Vase, 6""","https://static.athome.com/images/w_200,h_200,c_pad,f_auto,fl_lossy,q_auto/p/124310148/yellow-square-cutout-ceramic-vase-6.jpg",https://www.athome.com//yellow-square-cutout-ceramic-vase-6/124310148.html
"White Ceramic Vase, 12""","https://static.athome.com/images/w_200,h_200,c_pad,f_auto,fl_lossy,q_auto/p/124293753/white-ceramic-vase-12.jpg",https://www.athome.com//white-ceramic-vase-12/124293753.html
"Honeybloom White Metal Vase, 11""","https://static.athome.com/images/w_200,h_200,c_pad,f_auto,fl_lossy,q_auto/p/124366753/honeybloom-white-metal-vase-11.jpg",https://www.athome.com//honeybloom-white-metal-vase-11/124366753.html
"Willow Crossley White Ceramic Dot Vase, 12""","https://static.athome.com/images/w_200,h_200,c_pad,f_auto,fl_lossy,q_auto/p/124389015/willow-crossley-white-ceramic-dot-vase-12.jpg",https://www.athome.com//willow-crossley-white-ceramic-dot-vase-12/124389015.html
"Crosby St. White Ceramic Abstract Vase, 12""","https://static.athome.com/images/w_200,h_200,c_pad,f_auto,fl_lossy,q_auto/p/124389171/crosby-st.-white-ceramic-abstract-vase-12.jpg",https://www.athome.com//crosby-st.-white-ceramic-abstract-vase-12/124389171.html
"Crosby St. Addison White Modern Abstract Ceramic Vase, 9""","https://static.athome.com/images/w_200,h_200,c_pad,f_auto,fl_lossy,q_auto/p/124379094/crosby-st.-addison-white-modern-abstract-ceramic-vase-9.jpg",https://www.athome.com//crosby-st.-addison-white-modern-abstract-ceramic-vase-9/124379094.html
"Clear Glass Dot Bud Vase, 5.5""","https://static.athome.com/images/w_200,h_200,c_pad,f_auto,fl_lossy,q_auto/p/124399524/clear-glass-dot-bud-vase-5.5.jpg",https://www.athome.com//clear-glass-dot-bud-vase-5.5/124399524.html
"Grey Glass Dot Bud Vase, 5.5""","https://static.athome.com/images/w_200,h_200,c_pad,f_auto,fl_lossy,q_auto/p/124399530/grey-glass-dot-bud-vase-5.5.jpg",https://www.athome.com//grey-glass-dot-bud-vase-5.5/124399530.html
Remi Vase 10In White,"https://static.athome.com/images/w_200,h_200,c_pad,f_auto,fl_lossy,q_auto/p/124399850/remi-vase-10in-white.jpg",https://www.athome.com//remi-vase-10in-white/124399850.html
"Found & Fable White & Black Vase, 9""","https://static.athome.com/images/w_200,h_200,c_pad,f_auto,fl_lossy,q_auto/p/124402857/found-fable-white-black-vase-9.jpg",https://www.athome.com//found-fable-white-black-vase-9/124402857.html
"Clear Glass Apothecary Jar, 10""","https://static.athome.com/images/w_200,h_200,c_pad,f_auto,fl_lossy,q_auto/p/124281377/clear-glass-apothecary-jar-10.jpg",https://www.athome.com//clear-glass-apothecary-jar-10/124281377.html
"Silver Glass Bottle Vase, 5""","https://static.athome.com/images/w_200,h_200,c_pad,f_auto,fl_lossy,q_auto/p/124233154/silver-glass-bottle-vase-5.jpg",https://www.athome.com//silver-glass-bottle-vase-5/124233154.html
"Crosby St. Black Ceramic Vase, 6""","https://static.athome.com/images/w_200,h_200,c_pad,f_auto,fl_lossy,q_auto/p/124379158/crosby-st.-black-ceramic-vase-6.jpg",https://www.athome.com//crosby-st.-black-ceramic-vase-6/124379158.html
"Crosby St. White Round Ceramic Vase, 9""","https://static.athome.com/images/w_200,h_200,c_pad,f_auto,fl_lossy,q_auto/p/124358817/crosby-st.-white-round-ceramic-vase-9.jpg",https://www.athome.com//crosby-st.-white-round-ceramic-vase-9/124358817.html
"Yellow Striped Glass Bud Vase, 5""","https://static.athome.com/images/w_200,h_200,c_pad,f_auto,fl_lossy,q_auto/p/124389220/yellow-striped-glass-bud-vase-5.jpg",https://www.athome.com//yellow-striped-glass-bud-vase-5/124389220.html
"Green Recycled Glass Bottle Vase, 12""","https://static.athome.com/images/w_200,h_200,c_pad,f_auto,fl_lossy,q_auto/p/124319563/green-recycled-glass-bottle-vase-12.jpg",https://www.athome.com//green-recycled-glass-bottle-vase-12/124319563.html
"Willow Crossley Clear Glass Pie Crust Edge Vase, 10""","https://static.athome.com/images/w_200,h_200,c_pad,f_auto,fl_lossy,q_auto/p/124367998/willow-crossley-clear-glass-pie-crust-edge-vase-10.jpg",https://www.athome.com//willow-crossley-clear-glass-pie-crust-edge-vase-10/124367998.html
8In Rounded Clear Glass Vase,"https://static.athome.com/images/w_200,h_200,c_pad,f_auto,fl_lossy,q_auto/p/124404423/8in-rounded-clear-glass-vase.jpg",https://www.athome.com//8in-rounded-clear-glass-vase/124404423.html
"Metal & Paper Vase, 30""","https://static.athome.com/images/w_200,h_200,c_pad,f_auto,fl_lossy,q_auto/p/124401017/metal-paper-vase-30.jpg",https://www.athome.com//metal-paper-vase-30/124401017.html
"Orange Metal Oversized Vase, 29""","https://static.athome.com/images/w_200,h_200,c_pad,f_auto,fl_lossy,q_auto/p/124401160/orange-metal-oversized-vase-29.jpg",https://www.athome.com//orange-metal-oversized-vase-29/124401160.html
"Crosby St. Brown Glass Vase with Gold Neck, 11""","https://static.athome.com/images/w_200,h_200,c_pad,f_auto,fl_lossy,q_auto/p/124389207/crosby-st.-brown-glass-vase-with-gold-neck-11.jpg",https://www.athome.com//crosby-st.-brown-glass-vase-with-gold-neck-11/124389207.html
"Porcelain Vase with Handles, 7""","https://static.athome.com/images/w_200,h_200,c_pad,f_auto,fl_lossy,q_auto/p/124358887/porcelain-vase-with-handles-7.jpg",https://www.athome.com//porcelain-vase-with-handles-7/124358887.html
"Silver Metallic Ceramic Vase, 13""","https://static.athome.com/images/w_200,h_200,c_pad,f_auto,fl_lossy,q_auto/p/124404705/silver-metallic-ceramic-vase-13.jpg",https://www.athome.com//silver-metallic-ceramic-vase-13/124404705.html
"Providence Multicolor Ceramic Vase, 10""","https://static.athome.com/images/w_200,h_200,c_pad,f_auto,fl_lossy,q_auto/p/125000845/providence-multicolor-ceramic-vase-10.jpg",https://www.athome.com//providence-multicolor-ceramic-vase-10/125000845.html
"White Ceramic Vase, 11""","https://static.athome.com/images/w_200,h_200,c_pad,f_auto,fl_lossy,q_auto/p/124346935/white-ceramic-vase-11.jpg",https://www.athome.com//white-ceramic-vase-11/124346935.html
"Recycled Glass Jug Vase, 16""","https://static.athome.com/images/w_200,h_200,c_pad,f_auto,fl_lossy,q_auto/p/124379607/recycled-glass-jug-vase-16.jpg",https://www.athome.com//recycled-glass-jug-vase-16/124379607.html
"Tracey Boyd White & Tan Tribal Tall Vase, 15.8""","https://static.athome.com/images/w_200,h_200,c_pad,f_auto,fl_lossy,q_auto/p/124390561/tracey-boyd-white-tan-tribal-tall-vase-15.8.jpg",https://www.athome.com//tracey-boyd-white-tan-tribal-tall-vase-15.8/124390561.html
29In Clear Glass Oversize Bottle Vase,"https://static.athome.com/images/w_200,h_200,c_pad,f_auto,fl_lossy,q_auto/p/124405454/29in-clear-glass-oversize-bottle-vase.jpg",https://www.athome.com//29in-clear-glass-oversize-bottle-vase/124405454.html
"Found & Fable Green Glazed Vase, 9""","https://static.athome.com/images/w_200,h_200,c_pad,f_auto,fl_lossy,q_auto/p/124391122/found-fable-green-glazed-vase-9.jpg",https://www.athome.com//found-fable-green-glazed-vase-9/124391122.html
"Spanish Glass Cocoa Vase, 24""","https://static.athome.com/images/w_200,h_200,c_pad,f_auto,fl_lossy,q_auto/p/124361623/spanish-glass-cocoa-vase-24.jpg",https://www.athome.com//spanish-glass-cocoa-vase-24/124361623.html
"White Oversized Metal Bottle Vase, 36""","https://static.athome.com/images/w_200,h_200,c_pad,f_auto,fl_lossy,q_auto/p/124405369/white-oversized-metal-bottle-vase-36.jpg",https://www.athome.com//white-oversized-metal-bottle-vase-36/124405369.html
"Found & Fable Wood Band Clear Glass Vase, 10""","https://static.athome.com/images/w_200,h_200,c_pad,f_auto,fl_lossy,q_auto/p/124391110/found-fable-wood-band-clear-glass-vase-10.jpg",https://www.athome.com//found-fable-wood-band-clear-glass-vase-10/124391110.html
"Navy Blue Ceramic Floor Vase, 37""","https://static.athome.com/images/w_200,h_200,c_pad,f_auto,fl_lossy,q_auto/p/124401698/navy-blue-ceramic-floor-vase-37.jpg",https://www.athome.com//navy-blue-ceramic-floor-vase-37/124401698.html
14In Long Oval Clear Glass Vase,"https://static.athome.com/images/w_200,h_200,c_pad,f_auto,fl_lossy,q_auto/p/124404425/14in-long-oval-clear-glass-vase.jpg",https://www.athome.com//14in-long-oval-clear-glass-vase/124404425.html
"Honeybloom White Speckled Ceramic Vase, 5""","https://static.athome.com/images/w_200,h_200,c_pad,f_auto,fl_lossy,q_auto/p/124399933/honeybloom-white-speckled-ceramic-vase-5.jpg",https://www.athome.com//honeybloom-white-speckled-ceramic-vase-5/124399933.html
"Farmhouse Metal Milk Jug Vase, 13""","https://static.athome.com/images/w_200,h_200,c_pad,f_auto,fl_lossy,q_auto/p/124223917/farmhouse-metal-milk-jug-vase-13.jpg",https://www.athome.com//farmhouse-metal-milk-jug-vase-13/124223917.html
"Crosby St. Black Ceramic Vase, 12""","https://static.athome.com/images/w_200,h_200,c_pad,f_auto,fl_lossy,q_auto/p/124399811/crosby-st.-black-ceramic-vase-12.jpg",https://www.athome.com//crosby-st.-black-ceramic-vase-12/124399811.html
"Honeybloom White Ceramic Vase, 9.3""","https://static.athome.com/images/w_200,h_200,c_pad,f_auto,fl_lossy,q_auto/p/124357869/honeybloom-white-ceramic-vase-9.3.jpg",https://www.athome.com//honeybloom-white-ceramic-vase-9.3/124357869.html
"Crosby St. Black Ceramic Vase, 8.5""","https://static.athome.com/images/w_200,h_200,c_pad,f_auto,fl_lossy,q_auto/p/124399812/crosby-st.-black-ceramic-vase-8.5.jpg",https://www.athome.com//crosby-st.-black-ceramic-vase-8.5/124399812.html
"Crosby St. Black Ceramic Floor Vase, 30""","https://static.athome.com/images/w_200,h_200,c_pad,f_auto,fl_lossy,q_auto/p/124401697/crosby-st.-black-ceramic-floor-vase-30.jpg",https://www.athome.com//crosby-st.-black-ceramic-floor-vase-30/124401697.html
"Found & Fable Hammered Metal Ginger Jar, 14""","https://static.athome.com/images/w_200,h_200,c_pad,f_auto,fl_lossy,q_auto/p/124402856/found-fable-hammered-metal-ginger-jar-14.jpg",https://www.athome.com//found-fable-hammered-metal-ginger-jar-14/124402856.html
14In Wide Bottle Glass Vase,"https://static.athome.com/images/w_200,h_200,c_pad,f_auto,fl_lossy,q_auto/p/124404387/14in-wide-bottle-glass-vase.jpg",https://www.athome.com//14in-wide-bottle-glass-vase/124404387.html
"Honeybloom White Tassel Metal Vase, 16""","https://static.athome.com/images/w_200,h_200,c_pad,f_auto,fl_lossy,q_auto/p/124367118/honeybloom-white-tassel-metal-vase-16.jpg",https://www.athome.com//honeybloom-white-tassel-metal-vase-16/124367118.html
"Orange Glass Dot Bud Vase, 5.5""","https://static.athome.com/images/w_200,h_200,c_pad,f_auto,fl_lossy,q_auto/p/124399542/orange-glass-dot-bud-vase-5.5.jpg",https://www.athome.com//orange-glass-dot-bud-vase-5.5/124399542.html
"Black & Grey Glass Vase, 8""","https://static.athome.com/images/w_200,h_200,c_pad,f_auto,fl_lossy,q_auto/p/124404618/black-grey-glass-vase-8.jpg",https://www.athome.com//black-grey-glass-vase-8/124404618.html
"Ty Pennington White Coral Bottle Vase, 16""","https://static.athome.com/images/w_200,h_200,c_pad,f_auto,fl_lossy,q_auto/p/124390548/ty-pennington-white-coral-bottle-vase-16.jpg",https://www.athome.com//ty-pennington-white-coral-bottle-vase-16/124390548.html
"Black Fluted Ceramic Bud Vase, 5""","https://static.athome.com/images/w_200,h_200,c_pad,f_auto,fl_lossy,q_auto/p/124389249/black-fluted-ceramic-bud-vase-5.jpg",https://www.athome.com//black-fluted-ceramic-bud-vase-5/124389249.html
"Thin Curved Clear Glass Vase, 8""","https://static.athome.com/images/w_200,h_200,c_pad,f_auto,fl_lossy,q_auto/p/124404422/thin-curved-clear-glass-vase-8.jpg",https://www.athome.com//thin-curved-clear-glass-vase-8/124404422.html
"Ty Pennington Porcelain Vase, 15""","https://static.athome.com/images/w_200,h_200,c_pad,f_auto,fl_lossy,q_auto/p/124402640/ty-pennington-porcelain-vase-15.jpg",https://www.athome.com//ty-pennington-porcelain-vase-15/124402640.html
15In Slim Base Clear Glass Vase,"https://static.athome.com/images/w_200,h_200,c_pad,f_auto,fl_lossy,q_auto/p/124404418/15in-slim-base-clear-glass-vase.jpg",https://www.athome.com//15in-slim-base-clear-glass-vase/124404418.html
"Flat Rounded Clear Glass Vase, 8""","https://static.athome.com/images/w_200,h_200,c_pad,f_auto,fl_lossy,q_auto/p/124404382/flat-rounded-clear-glass-vase-8.jpg",https://www.athome.com//flat-rounded-clear-glass-vase-8/124404382.html
"Cylindrical Mid Bubble Glass Vase, 11""","https://static.athome.com/images/w_200,h_200,c_pad,f_auto,fl_lossy,q_auto/p/124404388/cylindrical-mid-bubble-glass-vase-11.jpg",https://www.athome.com//cylindrical-mid-bubble-glass-vase-11/124404388.html
"Honeybloom Wooden Orb Stopper Glass Vase, 9""","https://static.athome.com/images/w_200,h_200,c_pad,f_auto,fl_lossy,q_auto/p/124329935/honeybloom-wooden-orb-stopper-glass-vase-9.jpg",https://www.athome.com//honeybloom-wooden-orb-stopper-glass-vase-9/124329935.html
"Ty Pennington Porcelain Vase, 12""","https://static.athome.com/images/w_200,h_200,c_pad,f_auto,fl_lossy,q_auto/p/124402639/ty-pennington-porcelain-vase-12.jpg",https://www.athome.com//ty-pennington-porcelain-vase-12/124402639.html
"Helen White Ceramic Vase, 6""","https://static.athome.com/images/w_200,h_200,c_pad,f_auto,fl_lossy,q_auto/p/124376866/helen-white-ceramic-vase-6.jpg",https://www.athome.com//helen-white-ceramic-vase-6/124376866.html
"White Cream Vase, 9""","https://static.athome.com/images/w_200,h_200,c_pad,f_auto,fl_lossy,q_auto/p/124390517/white-cream-vase-9.jpg",https://www.athome.com//white-cream-vase-9/124390517.html
"Clear Glass Cylinder Vase, 6""","https://static.athome.com/images/w_200,h_200,c_pad,f_auto,fl_lossy,q_auto/p/124311373/clear-glass-cylinder-vase-6.jpg",https://www.athome.com//clear-glass-cylinder-vase-6/124311373.html
"Crosby St. White Wavy Ceramic Vase, 14""","https://static.athome.com/images/w_200,h_200,c_pad,f_auto,fl_lossy,q_auto/p/124389197/crosby-st.-white-wavy-ceramic-vase-14.jpg",https://www.athome.com//crosby-st.-white-wavy-ceramic-vase-14/124389197.html
"Ribbed Cylindrical Clear Glass Vase, 10""","https://static.athome.com/images/w_200,h_200,c_pad,f_auto,fl_lossy,q_auto/p/124404381/ribbed-cylindrical-clear-glass-vase-10.jpg",https://www.athome.com//ribbed-cylindrical-clear-glass-vase-10/124404381.html
"Warm Grey Bamboo Vase, 20.5""","https://static.athome.com/images/w_200,h_200,c_pad,f_auto,fl_lossy,q_auto/p/124404597/warm-grey-bamboo-vase-20.5.jpg",https://www.athome.com//warm-grey-bamboo-vase-20.5/124404597.html
"Clear Glass Cylinder Vase, 12""","https://static.athome.com/images/w_200,h_200,c_pad,f_auto,fl_lossy,q_auto/p/124174768/clear-glass-cylinder-vase-12.jpg",https://www.athome.com//clear-glass-cylinder-vase-12/124174768.html
Ty Pennington 5-Piece Bud Glass Vase Set,"https://static.athome.com/images/w_200,h_200,c_pad,f_auto,fl_lossy,q_auto/p/124380986/ty-pennington-5-piece-bud-glass-vase-set.jpg",https://www.athome.com//ty-pennington-5-piece-bud-glass-vase-set/124380986.html
"Found & Fable Eileen White Vase, 12""","https://static.athome.com/images/w_200,h_200,c_pad,f_auto,fl_lossy,q_auto/p/124373180/found-fable-eileen-white-vase-12.jpg",https://www.athome.com//found-fable-eileen-white-vase-12/124373180.html
"Crosby St. White Decor, 8x7","https://static.athome.com/images/w_200,h_200,c_pad,f_auto,fl_lossy,q_auto/p/124377480/crosby-st.-white-decor-8x7.jpg",https://www.athome.com//crosby-st.-white-decor-8x7/124377480.html
"Honeybloom White Honeycomb Ceramic Vase, 12""","https://static.athome.com/images/w_200,h_200,c_pad,f_auto,fl_lossy,q_auto/p/124228287/honeybloom-white-honeycomb-ceramic-vase-12.jpg",https://www.athome.com//honeybloom-white-honeycomb-ceramic-vase-12/124228287.html
"Providence Blue with Gold Trim Ceramic Vase, 9""","https://static.athome.com/images/w_200,h_200,c_pad,f_auto,fl_lossy,q_auto/p/124399771/providence-blue-with-gold-trim-ceramic-vase-9.jpg",https://www.athome.com//providence-blue-with-gold-trim-ceramic-vase-9/124399771.html
"Clear Glass Round Vase, 6""","https://static.athome.com/images/w_200,h_200,c_pad,f_auto,fl_lossy,q_auto/p/124283637/clear-glass-round-vase-6.jpg",https://www.athome.com//clear-glass-round-vase-6/124283637.html
"Stoneware Vase, 3.5""","https://static.athome.com/images/w_200,h_200,c_pad,f_auto,fl_lossy,q_auto/p/124402628/stoneware-vase-3.5.jpg",https://www.athome.com//stoneware-vase-3.5/124402628.html
"Yellow Striped Glass Bud Vase, 4""","https://static.athome.com/images/w_200,h_200,c_pad,f_auto,fl_lossy,q_auto/p/124389218/yellow-striped-glass-bud-vase-4.jpg",https://www.athome.com//yellow-striped-glass-bud-vase-4/124389218.html
"Providence Red Patterned Vase, 10""","https://static.athome.com/images/w_200,h_200,c_pad,f_auto,fl_lossy,q_auto/p/124399762/providence-red-patterned-vase-10.jpg",https://www.athome.com//providence-red-patterned-vase-10/124399762.html
"White Ceramic Vase, 6.5""","https://static.athome.com/images/w_200,h_200,c_pad,f_auto,fl_lossy,q_auto/p/124377552/white-ceramic-vase-6.5.jpg",https://www.athome.com//white-ceramic-vase-6.5/124377552.html
11In Rounded Clear Glass Vase,"https://static.athome.com/images/w_200,h_200,c_pad,f_auto,fl_lossy,q_auto/p/124404424/11in-rounded-clear-glass-vase.jpg",https://www.athome.com//11in-rounded-clear-glass-vase/124404424.html
"Stoneware Vase, 4""","https://static.athome.com/images/w_200,h_200,c_pad,f_auto,fl_lossy,q_auto/p/124402629/stoneware-vase-4.jpg",https://www.athome.com//stoneware-vase-4/124402629.html
"Crosby St. Gold Glass Vase, 7.5""","https://static.athome.com/images/w_200,h_200,c_pad,f_auto,fl_lossy,q_auto/p/124389412/crosby-st.-gold-glass-vase-7.5.jpg",https://www.athome.com//crosby-st.-gold-glass-vase-7.5/124389412.html
"Crosby St. Yellow Glass Vase with Clear Oval Stones, 9""","https://static.athome.com/images/w_200,h_200,c_pad,f_auto,fl_lossy,q_auto/p/125000846/crosby-st.-yellow-glass-vase-with-clear-oval-stones-9.jpg",https://www.athome.com//crosby-st.-yellow-glass-vase-with-clear-oval-stones-9/125000846.html
"Providence Gold Metal Cutout Vase, 15""","https://static.athome.com/images/w_200,h_200,c_pad,f_auto,fl_lossy,q_auto/p/124389030/providence-gold-metal-cutout-vase-15.jpg",https://www.athome.com//providence-gold-metal-cutout-vase-15/124389030.html
"Honeybloom Clear Glass Apothecary Jar, 15""","https://static.athome.com/images/w_200,h_200,c_pad,f_auto,fl_lossy,q_auto/p/124283735/honeybloom-clear-glass-apothecary-jar-15.jpg",https://www.athome.com//honeybloom-clear-glass-apothecary-jar-15/124283735.html
"Clear Glass Vase, 7""","https://static.athome.com/images/w_200,h_200,c_pad,f_auto,fl_lossy,q_auto/p/124404224/clear-glass-vase-7.jpg",https://www.athome.com//clear-glass-vase-7/124404224.html
"Honeybloom Brown Textured Ceramic Vase, 7""","https://static.athome.com/images/w_200,h_200,c_pad,f_auto,fl_lossy,q_auto/p/124399943/honeybloom-brown-textured-ceramic-vase-7.jpg",https://www.athome.com//honeybloom-brown-textured-ceramic-vase-7/124399943.html
"Ty Pennington Blue Capiz Mosaic Bottle Vase, 20""","https://static.athome.com/images/w_200,h_200,c_pad,f_auto,fl_lossy,q_auto/p/124352302/ty-pennington-blue-capiz-mosaic-bottle-vase-20.jpg",https://www.athome.com//ty-pennington-blue-capiz-mosaic-bottle-vase-20/124352302.html
"Ty Pennington Blue Speckled Ceramic Vase, 4""","https://static.athome.com/images/w_200,h_200,c_pad,f_auto,fl_lossy,q_auto/p/124362195/ty-pennington-blue-speckled-ceramic-vase-4.jpg",https://www.athome.com//ty-pennington-blue-speckled-ceramic-vase-4/124362195.html
"Found & Fable Metal Vase, 10""","https://static.athome.com/images/w_200,h_200,c_pad,f_auto,fl_lossy,q_auto/p/124402864/found-fable-metal-vase-10.jpg",https://www.athome.com//found-fable-metal-vase-10/124402864.html
"Honeybloom White Ceramic Vase with Handles, 6""","https://static.athome.com/images/w_200,h_200,c_pad,f_auto,fl_lossy,q_auto/p/124366705/honeybloom-white-ceramic-vase-with-handles-6.jpg",https://www.athome.com//honeybloom-white-ceramic-vase-with-handles-6/124366705.html
"Providence White Blue 3D Floral Vase, 9.7""","https://static.athome.com/images/w_200,h_200,c_pad,f_auto,fl_lossy,q_auto/p/124389073/providence-white-blue-3d-floral-vase-9.7.jpg",https://www.athome.com//providence-white-blue-3d-floral-vase-9.7/124389073.html
"Honeybloom White Terracotta Vase, 7""","https://static.athome.com/images/w_200,h_200,c_pad,f_auto,fl_lossy,q_auto/p/124367479/honeybloom-white-terracotta-vase-7.jpg",https://www.athome.com//honeybloom-white-terracotta-vase-7/124367479.html
"Found & Fable Mercury Glass Vase, 9.5""","https://static.athome.com/images/w_200,h_200,c_pad,f_auto,fl_lossy,q_auto/p/124402859/found-fable-mercury-glass-vase-9.5.jpg",https://www.athome.com//found-fable-mercury-glass-vase-9.5/124402859.html
11.5In Clear 3 Bubble Glass Vase,"https://static.athome.com/images/w_200,h_200,c_pad,f_auto,fl_lossy,q_auto/p/124404223/11.5in-clear-3-bubble-glass-vase.jpg",https://www.athome.com//11.5in-clear-3-bubble-glass-vase/124404223.html
"Tracey Boyd Terracotta Ceramic Vase, 10""","https://static.athome.com/images/w_200,h_200,c_pad,f_auto,fl_lossy,q_auto/p/124366743/tracey-boyd-terracotta-ceramic-vase-10.jpg",https://www.athome.com//tracey-boyd-terracotta-ceramic-vase-10/124366743.html
"Providence Floral Porcelain Vase, 4.5""","https://static.athome.com/images/w_200,h_200,c_pad,f_auto,fl_lossy,q_auto/p/124381320/providence-floral-porcelain-vase-4.5.jpg",https://www.athome.com//providence-floral-porcelain-vase-4.5/124381320.html
"Honeybloom Sanded White Ceramic Vase, 11.5""","https://static.athome.com/images/w_200,h_200,c_pad,f_auto,fl_lossy,q_auto/p/124314257/honeybloom-sanded-white-ceramic-vase-11.5.jpg",https://www.athome.com//honeybloom-sanded-white-ceramic-vase-11.5/124314257.html
"Blue Glass Bottle Vase, 7""","https://static.athome.com/images/w_200,h_200,c_pad,f_auto,fl_lossy,q_auto/p/124291363/blue-glass-bottle-vase-7.jpg",https://www.athome.com//blue-glass-bottle-vase-7/124291363.html
"Tracey Boyd Greige Vase with Ring Handle, 5.5""","https://static.athome.com/images/w_200,h_200,c_pad,f_auto,fl_lossy,q_auto/p/124390577/tracey-boyd-greige-vase-with-ring-handle-5.5.jpg",https://www.athome.com//tracey-boyd-greige-vase-with-ring-handle-5.5/124390577.html
"Honeybloom Green Drip Glaze Vase, 6""","https://static.athome.com/images/w_200,h_200,c_pad,f_auto,fl_lossy,q_auto/p/124389345/honeybloom-green-drip-glaze-vase-6.jpg",https://www.athome.com//honeybloom-green-drip-glaze-vase-6/124389345.html
"Honeybloom Black Metal Vase, 13""","https://static.athome.com/images/w_200,h_200,c_pad,f_auto,fl_lossy,q_auto/p/124399941/honeybloom-black-metal-vase-13.jpg",https://www.athome.com//honeybloom-black-metal-vase-13/124399941.html
"Found & Fable Silver Metal Floral Vase, 20""","https://static.athome.com/images/w_200,h_200,c_pad,f_auto,fl_lossy,q_auto/p/124311687/found-fable-silver-metal-floral-vase-20.jpg",https://www.athome.com//found-fable-silver-metal-floral-vase-20/124311687.html
"Clear Glass Cylinder Vase, 10""","https://static.athome.com/images/w_200,h_200,c_pad,f_auto,fl_lossy,q_auto/p/124251597/clear-glass-cylinder-vase-10.jpg",https://www.athome.com//clear-glass-cylinder-vase-10/124251597.html
"Silver Rectangular Cutout Ceramic Vase, 15""","https://static.athome.com/images/w_200,h_200,c_pad,f_auto,fl_lossy,q_auto/p/124256892/silver-rectangular-cutout-ceramic-vase-15.jpg",https://www.athome.com//silver-rectangular-cutout-ceramic-vase-15/124256892.html
Found & Fable Glass Jar with Metal Lid,"https://static.athome.com/images/w_200,h_200,c_pad,f_auto,fl_lossy,q_auto/p/124402853/found-fable-glass-jar-with-metal-lid.jpg",https://www.athome.com//found-fable-glass-jar-with-metal-lid/124402853.html
"Brown Star Capiz Vase, 13""","https://static.athome.com/images/w_200,h_200,c_pad,f_auto,fl_lossy,q_auto/p/124390586/brown-star-capiz-vase-13.jpg",https://www.athome.com//brown-star-capiz-vase-13/124390586.html
"Honeybloom Tan Etched Flower Porcelain Vase, 4""","https://static.athome.com/images/w_200,h_200,c_pad,f_auto,fl_lossy,q_auto/p/124389388/honeybloom-tan-etched-flower-porcelain-vase-4.jpg",https://www.athome.com//honeybloom-tan-etched-flower-porcelain-vase-4/124389388.html
"Helen White Ceramic Vase, 15""","https://static.athome.com/images/w_200,h_200,c_pad,f_auto,fl_lossy,q_auto/p/124376867/helen-white-ceramic-vase-15.jpg",https://www.athome.com//helen-white-ceramic-vase-15/124376867.html
12In White Antique Madai Terracotta Vase,"https://static.athome.com/images/w_200,h_200,c_pad,f_auto,fl_lossy,q_auto/p/124404623/12in-white-antique-madai-terracotta-vase.jpg",https://www.athome.com//12in-white-antique-madai-terracotta-vase/124404623.html
"Honeybloom Vintage Vase, 4.5""","https://static.athome.com/images/w_200,h_200,c_pad,f_auto,fl_lossy,q_auto/p/124399940/honeybloom-vintage-vase-4.5.jpg",https://www.athome.com//honeybloom-vintage-vase-4.5/124399940.html
"Ty Pennington Ivory Windowpane Ceramic Vase, 7""","https://static.athome.com/images/w_200,h_200,c_pad,f_auto,fl_lossy,q_auto/p/124373053/ty-pennington-ivory-windowpane-ceramic-vase-7.jpg",https://www.athome.com//ty-pennington-ivory-windowpane-ceramic-vase-7/124373053.html
16In Cylindrical Glass Vase With Indentations,"https://static.athome.com/images/w_200,h_200,c_pad,f_auto,fl_lossy,q_auto/p/124404419/16in-cylindrical-glass-vase-with-indentations.jpg",https://www.athome.com//16in-cylindrical-glass-vase-with-indentations/124404419.html
"Silver Hammered Metal Vase, 19""","https://static.athome.com/images/w_200,h_200,c_pad,f_auto,fl_lossy,q_auto/p/124339879/silver-hammered-metal-vase-19.jpg",https://www.athome.com//silver-hammered-metal-vase-19/124339879.html
"Clear Glass Cylinder Vase, 10""","https://static.athome.com/images/w_200,h_200,c_pad,f_auto,fl_lossy,q_auto/p/124311361/clear-glass-cylinder-vase-10.jpg",https://www.athome.com//clear-glass-cylinder-vase-10/124311361.html
"Blue Clear Glass Vase, 11""","https://static.athome.com/images/w_200,h_200,c_pad,f_auto,fl_lossy,q_auto/p/124293100/blue-clear-glass-vase-11.jpg",https://www.athome.com//blue-clear-glass-vase-11/124293100.html
"Honeybloom White Speckled Ceramic Vase with Handles, 12""","https://static.athome.com/images/w_200,h_200,c_pad,f_auto,fl_lossy,q_auto/p/124399932/honeybloom-white-speckled-ceramic-vase-with-handles-12.jpg",https://www.athome.com//honeybloom-white-speckled-ceramic-vase-with-handles-12/124399932.html
"Honeybloom White & Grey Katherine Vase, 12""","https://static.athome.com/images/w_200,h_200,c_pad,f_auto,fl_lossy,q_auto/p/124320673/honeybloom-white-grey-katherine-vase-12.jpg",https://www.athome.com//honeybloom-white-grey-katherine-vase-12/124320673.html
"Crosby St. Addison Black Ceramic Vase, 7.5""","https://static.athome.com/images/w_200,h_200,c_pad,f_auto,fl_lossy,q_auto/p/124389201/crosby-st.-addison-black-ceramic-vase-7.5.jpg",https://www.athome.com//crosby-st.-addison-black-ceramic-vase-7.5/124389201.html
"Tracey Boyd Orange Ring Handle Vase, 6.2""","https://static.athome.com/images/w_200,h_200,c_pad,f_auto,fl_lossy,q_auto/p/124390599/tracey-boyd-orange-ring-handle-vase-6.2.jpg",https://www.athome.com//tracey-boyd-orange-ring-handle-vase-6.2/124390599.html
"Green Glass Bud Vase, 5.5""","https://static.athome.com/images/w_200,h_200,c_pad,f_auto,fl_lossy,q_auto/p/124399554/green-glass-bud-vase-5.5.jpg",https://www.athome.com//green-glass-bud-vase-5.5/124399554.html
"Clear Glass Cube Vase, 6""","https://static.athome.com/images/w_200,h_200,c_pad,f_auto,fl_lossy,q_auto/p/124251596/clear-glass-cube-vase-6.jpg",https://www.athome.com//clear-glass-cube-vase-6/124251596.html
"Providence Matte Black Vase, 6""","https://static.athome.com/images/w_200,h_200,c_pad,f_auto,fl_lossy,q_auto/p/124367995/providence-matte-black-vase-6.jpg",https://www.athome.com//providence-matte-black-vase-6/124367995.html
"Ty Pennington Blue Capiz Mosaic Bottle Vase, 16.5""","https://static.athome.com/images/w_200,h_200,c_pad,f_auto,fl_lossy,q_auto/p/124352301/ty-pennington-blue-capiz-mosaic-bottle-vase-16.5.jpg",https://www.athome.com//ty-pennington-blue-capiz-mosaic-bottle-vase-16.5/124352301.html
"Crosby St. Riley White Ceramic Vase, 30""","https://static.athome.com/images/w_200,h_200,c_pad,f_auto,fl_lossy,q_auto/p/124401695/crosby-st.-riley-white-ceramic-vase-30.jpg",https://www.athome.com//crosby-st.-riley-white-ceramic-vase-30/124401695.html
"White Long Neck Ceramic Bottle Vase, 10""","https://static.athome.com/images/w_200,h_200,c_pad,f_auto,fl_lossy,q_auto/p/124404703/white-long-neck-ceramic-bottle-vase-10.jpg",https://www.athome.com//white-long-neck-ceramic-bottle-vase-10/124404703.html
"Ty Pennington Dark Grey Glass Vase, 9""","https://static.athome.com/images/w_200,h_200,c_pad,f_auto,fl_lossy,q_auto/p/124381326/ty-pennington-dark-grey-glass-vase-9.jpg",https://www.athome.com//ty-pennington-dark-grey-glass-vase-9/124381326.html
6.5In Clear 3 Bubble Glass Vase,"https://static.athome.com/images/w_200,h_200,c_pad,f_auto,fl_lossy,q_auto/p/124404222/6.5in-clear-3-bubble-glass-vase.jpg",https://www.athome.com//6.5in-clear-3-bubble-glass-vase/124404222.html
"Honeybloom Amber Glass Bottle Vase, 10""","https://static.athome.com/images/w_200,h_200,c_pad,f_auto,fl_lossy,q_auto/p/124389357/honeybloom-amber-glass-bottle-vase-10.jpg",https://www.athome.com//honeybloom-amber-glass-bottle-vase-10/124389357.html
"Providence Red Patterned Vase, 13""","https://static.athome.com/images/w_200,h_200,c_pad,f_auto,fl_lossy,q_auto/p/124399763/providence-red-patterned-vase-13.jpg",https://www.athome.com//providence-red-patterned-vase-13/124399763.html
"Providence White Ceramic Vase, 5""","https://static.athome.com/images/w_200,h_200,c_pad,f_auto,fl_lossy,q_auto/p/124367465/providence-white-ceramic-vase-5.jpg",https://www.athome.com//providence-white-ceramic-vase-5/124367465.html
"Gold Ceramic Honeycomb Jar with Lid, 12""","https://static.athome.com/images/w_200,h_200,c_pad,f_auto,fl_lossy,q_auto/p/124404708/gold-ceramic-honeycomb-jar-with-lid-12.jpg",https://www.athome.com//gold-ceramic-honeycomb-jar-with-lid-12/124404708.html
"Black Ceramic Vase, 6""","https://static.athome.com/images/w_200,h_200,c_pad,f_auto,fl_lossy,q_auto/p/124346034/black-ceramic-vase-6.jpg",https://www.athome.com//black-ceramic-vase-6/124346034.html
"Gold Metal Vase, 24""","https://static.athome.com/images/w_200,h_200,c_pad,f_auto,fl_lossy,q_auto/p/124290516/gold-metal-vase-24.jpg",https://www.athome.com//gold-metal-vase-24/124290516.html
"Dark Grey Bamboo Vase, 18""","https://static.athome.com/images/w_200,h_200,c_pad,f_auto,fl_lossy,q_auto/p/124404629/dark-grey-bamboo-vase-18.jpg",https://www.athome.com//dark-grey-bamboo-vase-18/124404629.html
"Crosby St. Brown Ceramic Vase, 15""","https://static.athome.com/images/w_200,h_200,c_pad,f_auto,fl_lossy,q_auto/p/124399810/crosby-st.-brown-ceramic-vase-15.jpg",https://www.athome.com//crosby-st.-brown-ceramic-vase-15/124399810.html
"Honeybloom Katherine White Ceramic Vase, 6""","https://static.athome.com/images/w_200,h_200,c_pad,f_auto,fl_lossy,q_auto/p/124287874/honeybloom-katherine-white-ceramic-vase-6.jpg",https://www.athome.com//honeybloom-katherine-white-ceramic-vase-6/124287874.html
"Neutral Textured Wide Bottle Vase, 8""","https://static.athome.com/images/w_200,h_200,c_pad,f_auto,fl_lossy,q_auto/p/124404446/neutral-textured-wide-bottle-vase-8.jpg",https://www.athome.com//neutral-textured-wide-bottle-vase-8/124404446.html
"Grey Two-Tone Iron Vase with Handles, 17""","https://static.athome.com/images/w_200,h_200,c_pad,f_auto,fl_lossy,q_auto/p/124249032/grey-two-tone-iron-vase-with-handles-17.jpg",https://www.athome.com//grey-two-tone-iron-vase-with-handles-17/124249032.html
"Clear Glass Candle Holder, 7.5""","https://static.athome.com/images/w_200,h_200,c_pad,f_auto,fl_lossy,q_auto/p/124288444/clear-glass-candle-holder-7.5.jpg",https://www.athome.com//clear-glass-candle-holder-7.5/124288444.html
"White Patterned Bottle Floor Vase, 36""","https://static.athome.com/images/w_200,h_200,c_pad,f_auto,fl_lossy,q_auto/p/124299785/white-patterned-bottle-floor-vase-36.jpg",https://www.athome.com//white-patterned-bottle-floor-vase-36/124299785.html
"Honeybloom Katherine White Textured Vase, 15""","https://static.athome.com/images/w_200,h_200,c_pad,f_auto,fl_lossy,q_auto/p/124287873/honeybloom-katherine-white-textured-vase-15.jpg",https://www.athome.com//honeybloom-katherine-white-textured-vase-15/124287873.html
"Tracey Boyd Short Greige Vase with Ring Handle, 3.7""","https://static.athome.com/images/w_200,h_200,c_pad,f_auto,fl_lossy,q_auto/p/124390579/tracey-boyd-short-greige-vase-with-ring-handle-3.7.jpg",https://www.athome.com//tracey-boyd-short-greige-vase-with-ring-handle-3.7/124390579.html
"Honeybloom White & Gold Katherine Ceramic Vase, 5.5""","https://static.athome.com/images/w_200,h_200,c_pad,f_auto,fl_lossy,q_auto/p/124289083/honeybloom-white-gold-katherine-ceramic-vase-5.5.jpg",https://www.athome.com//honeybloom-white-gold-katherine-ceramic-vase-5.5/124289083.html
31In Clear Glass Hourglass Oversized Vase,"https://static.athome.com/images/w_200,h_200,c_pad,f_auto,fl_lossy,q_auto/p/124405453/31in-clear-glass-hourglass-oversized-vase.jpg",https://www.athome.com//31in-clear-glass-hourglass-oversized-vase/124405453.html
"Black Long Neck Ceramic Bottle Vase, 10""","https://static.athome.com/images/w_200,h_200,c_pad,f_auto,fl_lossy,q_auto/p/124404625/black-long-neck-ceramic-bottle-vase-10.jpg",https://www.athome.com//black-long-neck-ceramic-bottle-vase-10/124404625.html
"Laila Ali Glass Vase Silver Rim, 10""","https://static.athome.com/images/w_200,h_200,c_pad,f_auto,fl_lossy,q_auto/p/124361920/laila-ali-glass-vase-silver-rim-10.jpg",https://www.athome.com//laila-ali-glass-vase-silver-rim-10/124361920.html
"Crosby St. Black & White Abstract Glass Vase, 6""","https://static.athome.com/images/w_200,h_200,c_pad,f_auto,fl_lossy,q_auto/p/124377469/crosby-st.-black-white-abstract-glass-vase-6.jpg",https://www.athome.com//crosby-st.-black-white-abstract-glass-vase-6/124377469.html
"Speckled Art Glass Vase, 10""","https://static.athome.com/images/w_200,h_200,c_pad,f_auto,fl_lossy,q_auto/p/124405728/speckled-art-glass-vase-10.jpg",https://www.athome.com//speckled-art-glass-vase-10/124405728.html
"White Ceramic Vase, 11""","https://static.athome.com/images/w_200,h_200,c_pad,f_auto,fl_lossy,q_auto/p/124346936/white-ceramic-vase-11.jpg",https://www.athome.com//white-ceramic-vase-11/124346936.html
"Crosby St. White Stoneware Embossed Vase, 14.4""","https://static.athome.com/images/w_200,h_200,c_pad,f_auto,fl_lossy,q_auto/p/124400591/crosby-st.-white-stoneware-embossed-vase-14.4.jpg",https://www.athome.com//crosby-st.-white-stoneware-embossed-vase-14.4/124400591.html
8In White Antique Madai Terracotta Vase,"https://static.athome.com/images/w_200,h_200,c_pad,f_auto,fl_lossy,q_auto/p/124404624/8in-white-antique-madai-terracotta-vase.jpg",https://www.athome.com//8in-white-antique-madai-terracotta-vase/124404624.html
"Ty Pennington Blue Coral Dot Vase, 10""","https://static.athome.com/images/w_200,h_200,c_pad,f_auto,fl_lossy,q_auto/p/124390529/ty-pennington-blue-coral-dot-vase-10.jpg",https://www.athome.com//ty-pennington-blue-coral-dot-vase-10/124390529.html
"Found & Fable Dark Green Textured Glass Vase, 10.6""","https://static.athome.com/images/w_200,h_200,c_pad,f_auto,fl_lossy,q_auto/p/124391107/found-fable-dark-green-textured-glass-vase-10.6.jpg",https://www.athome.com//found-fable-dark-green-textured-glass-vase-10.6/124391107.html
"Gold Metal Bowl, 15x9","https://static.athome.com/images/w_200,h_200,c_pad,f_auto,fl_lossy,q_auto/p/124345818/gold-metal-bowl-15x9.jpg",https://www.athome.com//gold-metal-bowl-15x9/124345818.html
"Providence Footed Clear Glass Vase, 4x7","https://static.athome.com/images/w_200,h_200,c_pad,f_auto,fl_lossy,q_auto/p/124379097/providence-footed-clear-glass-vase-4x7.jpg",https://www.athome.com//providence-footed-clear-glass-vase-4x7/124379097.html
"Tracey Boyd Blue Patterned Ceramic Vase, 5""","https://static.athome.com/images/w_200,h_200,c_pad,f_auto,fl_lossy,q_auto/p/124373089/tracey-boyd-blue-patterned-ceramic-vase-5.jpg",https://www.athome.com//tracey-boyd-blue-patterned-ceramic-vase-5/124373089.html
"Found & Fable Green Dipped Glass Vase, 10""","https://static.athome.com/images/w_200,h_200,c_pad,f_auto,fl_lossy,q_auto/p/124391140/found-fable-green-dipped-glass-vase-10.jpg",https://www.athome.com//found-fable-green-dipped-glass-vase-10/124391140.html
"Tracey Boyd Pearl Chalet Mosaic Vase, 6""","https://static.athome.com/images/w_200,h_200,c_pad,f_auto,fl_lossy,q_auto/p/124361849/tracey-boyd-pearl-chalet-mosaic-vase-6.jpg",https://www.athome.com//tracey-boyd-pearl-chalet-mosaic-vase-6/124361849.html
"Tracey Boyd Green Fan Mosaic Vase, 12""","https://static.athome.com/images/w_200,h_200,c_pad,f_auto,fl_lossy,q_auto/p/124361846/tracey-boyd-green-fan-mosaic-vase-12.jpg",https://www.athome.com//tracey-boyd-green-fan-mosaic-vase-12/124361846.html
"White Carved Stripe Wood Vase, 8""","https://static.athome.com/images/w_200,h_200,c_pad,f_auto,fl_lossy,q_auto/p/124390615/white-carved-stripe-wood-vase-8.jpg",https://www.athome.com//white-carved-stripe-wood-vase-8/124390615.html
"Rattan Oversized Vase, 41""","https://static.athome.com/images/w_200,h_200,c_pad,f_auto,fl_lossy,q_auto/p/124399959/rattan-oversized-vase-41.jpg",https://www.athome.com//rattan-oversized-vase-41/124399959.html
"White Thin Ceramic Vase, 8""","https://static.athome.com/images/w_200,h_200,c_pad,f_auto,fl_lossy,q_auto/p/124400851/white-thin-ceramic-vase-8.jpg",https://www.athome.com//white-thin-ceramic-vase-8/124400851.html
"Crosby St. White Wavy Ceramic Vase, 9""","https://static.athome.com/images/w_200,h_200,c_pad,f_auto,fl_lossy,q_auto/p/124389212/crosby-st.-white-wavy-ceramic-vase-9.jpg",https://www.athome.com//crosby-st.-white-wavy-ceramic-vase-9/124389212.html
"Orange Glass Bud Vase, 5""","https://static.athome.com/images/w_200,h_200,c_pad,f_auto,fl_lossy,q_auto/p/124399540/orange-glass-bud-vase-5.jpg",https://www.athome.com//orange-glass-bud-vase-5/124399540.html
"Crosby St. White Ceramic Abstract Vase, 12""","https://static.athome.com/images/w_200,h_200,c_pad,f_auto,fl_lossy,q_auto/p/124389170/crosby-st.-white-ceramic-abstract-vase-12.jpg",https://www.athome.com//crosby-st.-white-ceramic-abstract-vase-12/124389170.html
"Clear Glass Square Vase, 10""","https://static.athome.com/images/w_200,h_200,c_pad,f_auto,fl_lossy,q_auto/p/124311364/clear-glass-square-vase-10.jpg",https://www.athome.com//clear-glass-square-vase-10/124311364.html
"Black Tall Flower Vase, 29""","https://static.athome.com/images/w_200,h_200,c_pad,f_auto,fl_lossy,q_auto/p/124403043/black-tall-flower-vase-29.jpg",https://www.athome.com//black-tall-flower-vase-29/124403043.html
"Crosby St. White Ceramic Dipped Vase, 10.5""","https://static.athome.com/images/w_200,h_200,c_pad,f_auto,fl_lossy,q_auto/p/124314080/crosby-st.-white-ceramic-dipped-vase-10.5.jpg",https://www.athome.com//crosby-st.-white-ceramic-dipped-vase-10.5/124314080.html
"Crosby St. Black Faux Wood Vase, 16""","https://static.athome.com/images/w_200,h_200,c_pad,f_auto,fl_lossy,q_auto/p/124358035/crosby-st.-black-faux-wood-vase-16.jpg",https://www.athome.com//crosby-st.-black-faux-wood-vase-16/124358035.html
"Unglazed Long Handle Vase, 6x11","https://static.athome.com/images/w_200,h_200,c_pad,f_auto,fl_lossy,q_auto/p/124390566/unglazed-long-handle-vase-6x11.jpg",https://www.athome.com//unglazed-long-handle-vase-6x11/124390566.html
8In Ribbed Clear Short Stem Glass Vase,"https://static.athome.com/images/w_200,h_200,c_pad,f_auto,fl_lossy,q_auto/p/124404447/8in-ribbed-clear-short-stem-glass-vase.jpg",https://www.athome.com//8in-ribbed-clear-short-stem-glass-vase/124404447.html
"Providence Burgundy Ceramic Jar, 12""","https://static.athome.com/images/w_200,h_200,c_pad,f_auto,fl_lossy,q_auto/p/124399760/providence-burgundy-ceramic-jar-12.jpg",https://www.athome.com//providence-burgundy-ceramic-jar-12/124399760.html
"Dark Grey Bamboo Vase, 20.5""","https://static.athome.com/images/w_200,h_200,c_pad,f_auto,fl_lossy,q_auto/p/124404628/dark-grey-bamboo-vase-20.5.jpg",https://www.athome.com//dark-grey-bamboo-vase-20.5/124404628.html
"Crosby St. Ribbed Red Glass Vase, 7""","https://static.athome.com/images/w_200,h_200,c_pad,f_auto,fl_lossy,q_auto/p/124378976/crosby-st.-ribbed-red-glass-vase-7.jpg",https://www.athome.com//crosby-st.-ribbed-red-glass-vase-7/124378976.html
"Natural Twist-Weave Seagrass Vase, 29""","https://static.athome.com/images/w_200,h_200,c_pad,f_auto,fl_lossy,q_auto/p/124348702/natural-twist-weave-seagrass-vase-29.jpg",https://www.athome.com//natural-twist-weave-seagrass-vase-29/124348702.html
"Found & Fable Whitewash Carved Vase, 14""","https://static.athome.com/images/w_200,h_200,c_pad,f_auto,fl_lossy,q_auto/p/124379888/found-fable-whitewash-carved-vase-14.jpg",https://www.athome.com//found-fable-whitewash-carved-vase-14/124379888.html
7x12.5IN Green Antique Daichi Terracotta Vase,"https://static.athome.com/images/w_200,h_200,c_pad,f_auto,fl_lossy,q_auto/p/124402876/7x12.5in-green-antique-daichi-terracotta-vase.jpg",https://www.athome.com//7x12.5in-green-antique-daichi-terracotta-vase/124402876.html
"Crosby St. Gold Metal Vase, 14""","https://static.athome.com/images/w_200,h_200,c_pad,f_auto,fl_lossy,q_auto/p/124377476/crosby-st.-gold-metal-vase-14.jpg",https://www.athome.com//crosby-st.-gold-metal-vase-14/124377476.html
"Found & Fable Eileen White Vase, 15""","https://static.athome.com/images/w_200,h_200,c_pad,f_auto,fl_lossy,q_auto/p/124373179/found-fable-eileen-white-vase-15.jpg",https://www.athome.com//found-fable-eileen-white-vase-15/124373179.html
"Honeybloom Wooden Orb Stopper Glass Vase, 9""","https://static.athome.com/images/w_200,h_200,c_pad,f_auto,fl_lossy,q_auto/p/124329950/honeybloom-wooden-orb-stopper-glass-vase-9.jpg",https://www.athome.com//honeybloom-wooden-orb-stopper-glass-vase-9/124329950.html
"Honeybloom Clear Glass Apothecary Jar, 10""","https://static.athome.com/images/w_200,h_200,c_pad,f_auto,fl_lossy,q_auto/p/124281378/honeybloom-clear-glass-apothecary-jar-10.jpg",https://www.athome.com//honeybloom-clear-glass-apothecary-jar-10/124281378.html
"Brown & White Bouquet Vase, 8.5""","https://static.athome.com/images/w_200,h_200,c_pad,f_auto,fl_lossy,q_auto/p/124378920/brown-white-bouquet-vase-8.5.jpg",https://www.athome.com//brown-white-bouquet-vase-8.5/124378920.html
"Tracey Boyd Blue Patterned Ceramic Vase, 7""","https://static.athome.com/images/w_200,h_200,c_pad,f_auto,fl_lossy,q_auto/p/124373090/tracey-boyd-blue-patterned-ceramic-vase-7.jpg",https://www.athome.com//tracey-boyd-blue-patterned-ceramic-vase-7/124373090.html
"Blue & Gold Metal Floor Vase, 36""","https://static.athome.com/images/w_200,h_200,c_pad,f_auto,fl_lossy,q_auto/p/124222278/blue-gold-metal-floor-vase-36.jpg",https://www.athome.com//blue-gold-metal-floor-vase-36/124222278.html
"Clear Dahlya Vase, 29.9""","https://static.athome.com/images/w_200,h_200,c_pad,f_auto,fl_lossy,q_auto/p/124401093/clear-dahlya-vase-29.9.jpg",https://www.athome.com//clear-dahlya-vase-29.9/124401093.html
"Black Glass Vase, 8.5""","https://static.athome.com/images/w_200,h_200,c_pad,f_auto,fl_lossy,q_auto/p/124345784/black-glass-vase-8.5.jpg",https://www.athome.com//black-glass-vase-8.5/124345784.html
"Galvanized Round Metal Vase, 29.5""","https://static.athome.com/images/w_200,h_200,c_pad,f_auto,fl_lossy,q_auto/p/124292257/galvanized-round-metal-vase-29.5.jpg",https://www.athome.com//galvanized-round-metal-vase-29.5/124292257.html
"Clear Glass Cannister Vase, 5.5""","https://static.athome.com/images/w_200,h_200,c_pad,f_auto,fl_lossy,q_auto/p/124340716/clear-glass-cannister-vase-5.5.jpg",https://www.athome.com//clear-glass-cannister-vase-5.5/124340716.html
"Providence Clear Etched Glass Vase, 6""","https://static.athome.com/images/w_200,h_200,c_pad,f_auto,fl_lossy,q_auto/p/124381429/providence-clear-etched-glass-vase-6.jpg",https://www.athome.com//providence-clear-etched-glass-vase-6/124381429.html
"Crosby St. Black Glass Vase, 12""","https://static.athome.com/images/w_200,h_200,c_pad,f_auto,fl_lossy,q_auto/p/124389151/crosby-st.-black-glass-vase-12.jpg",https://www.athome.com//crosby-st.-black-glass-vase-12/124389151.html
"Tracey Boyd Metallic Pewter Ceramic Vase, 5.5""","https://static.athome.com/images/w_200,h_200,c_pad,f_auto,fl_lossy,q_auto/p/124381299/tracey-boyd-metallic-pewter-ceramic-vase-5.5.jpg",https://www.athome.com//tracey-boyd-metallic-pewter-ceramic-vase-5.5/124381299.html
"White Carved Stripe Wood Vase, 14""","https://static.athome.com/images/w_200,h_200,c_pad,f_auto,fl_lossy,q_auto/p/124390616/white-carved-stripe-wood-vase-14.jpg",https://www.athome.com//white-carved-stripe-wood-vase-14/124390616.html
"White Ceramic Vase, 4.5""","https://static.athome.com/images/w_200,h_200,c_pad,f_auto,fl_lossy,q_auto/p/124346942/white-ceramic-vase-4.5.jpg",https://www.athome.com//white-ceramic-vase-4.5/124346942.html
"Ty Pennington Blue Reactive Glaze Drip Ceramic Vase, 5""","https://static.athome.com/images/w_200,h_200,c_pad,f_auto,fl_lossy,q_auto/p/124373059/ty-pennington-blue-reactive-glaze-drip-ceramic-vase-5.jpg",https://www.athome.com//ty-pennington-blue-reactive-glaze-drip-ceramic-vase-5/124373059.html
"Neutral Ceramic Vase, 18""","https://static.athome.com/images/w_200,h_200,c_pad,f_auto,fl_lossy,q_auto/p/124390591/neutral-ceramic-vase-18.jpg",https://www.athome.com//neutral-ceramic-vase-18/124390591.html
"Providence Blue Porcelain Vase, 5""","https://static.athome.com/images/w_200,h_200,c_pad,f_auto,fl_lossy,q_auto/p/124379090/providence-blue-porcelain-vase-5.jpg",https://www.athome.com//providence-blue-porcelain-vase-5/124379090.html
"Honeybloom Tan Etched Flower Porcelain Vase, 6.5""","https://static.athome.com/images/w_200,h_200,c_pad,f_auto,fl_lossy,q_auto/p/124389389/honeybloom-tan-etched-flower-porcelain-vase-6.5.jpg",https://www.athome.com//honeybloom-tan-etched-flower-porcelain-vase-6.5/124389389.html
"Found & Fable Green Palm Vase, 9.1""","https://static.athome.com/images/w_200,h_200,c_pad,f_auto,fl_lossy,q_auto/p/124391099/found-fable-green-palm-vase-9.1.jpg",https://www.athome.com//found-fable-green-palm-vase-9.1/124391099.html
"Recycled Glass Lechero Jar, 7""","https://static.athome.com/images/w_200,h_200,c_pad,f_auto,fl_lossy,q_auto/p/124379609/recycled-glass-lechero-jar-7.jpg",https://www.athome.com//recycled-glass-lechero-jar-7/124379609.html
"Crosby St. Brown Ceramic Vase, 8""","https://static.athome.com/images/w_200,h_200,c_pad,f_auto,fl_lossy,q_auto/p/124378469/crosby-st.-brown-ceramic-vase-8.jpg",https://www.athome.com//crosby-st.-brown-ceramic-vase-8/124378469.html
"Crosby St. White Bubble Vase, 8""","https://static.athome.com/images/w_200,h_200,c_pad,f_auto,fl_lossy,q_auto/p/124399809/crosby-st.-white-bubble-vase-8.jpg",https://www.athome.com//crosby-st.-white-bubble-vase-8/124399809.html
"Glass Rattan Bottle, 5""","https://static.athome.com/images/w_200,h_200,c_pad,f_auto,fl_lossy,q_auto/p/124288633/glass-rattan-bottle-5.jpg",https://www.athome.com//glass-rattan-bottle-5/124288633.html
"Clear Glass Vase, 8""","https://static.athome.com/images/w_200,h_200,c_pad,f_auto,fl_lossy,q_auto/p/124290129/clear-glass-vase-8.jpg",https://www.athome.com//clear-glass-vase-8/124290129.html
31.5In Clear Glass Oversized Ovular Vase,"https://static.athome.com/images/w_200,h_200,c_pad,f_auto,fl_lossy,q_auto/p/124405455/31.5in-clear-glass-oversized-ovular-vase.jpg",https://www.athome.com//31.5in-clear-glass-oversized-ovular-vase/124405455.html
"Silver Mosaic Glass Vase, 6.5""","https://static.athome.com/images/w_200,h_200,c_pad,f_auto,fl_lossy,q_auto/p/124311704/silver-mosaic-glass-vase-6.5.jpg",https://www.athome.com//silver-mosaic-glass-vase-6.5/124311704.html
"Brown Striped White Ceramic Vase, 3""","https://static.athome.com/images/w_200,h_200,c_pad,f_auto,fl_lossy,q_auto/p/124318179/brown-striped-white-ceramic-vase-3.jpg",https://www.athome.com//brown-striped-white-ceramic-vase-3/124318179.html
"Found & Fable Whitewash Carved Vase, 16""","https://static.athome.com/images/w_200,h_200,c_pad,f_auto,fl_lossy,q_auto/p/124379889/found-fable-whitewash-carved-vase-16.jpg",https://www.athome.com//found-fable-whitewash-carved-vase-16/124379889.html
"Found & Fable Black Metal Vase, 19""","https://static.athome.com/images/w_200,h_200,c_pad,f_auto,fl_lossy,q_auto/p/124404619/found-fable-black-metal-vase-19.jpg",https://www.athome.com//found-fable-black-metal-vase-19/124404619.html
12In Round Base Hourglass Clear Glass Vase,"https://static.athome.com/images/w_200,h_200,c_pad,f_auto,fl_lossy,q_auto/p/124404383/12in-round-base-hourglass-clear-glass-vase.jpg",https://www.athome.com//12in-round-base-hourglass-clear-glass-vase/124404383.html
"Honeybloom Bubble Glass Vase, 6""","https://static.athome.com/images/w_200,h_200,c_pad,f_auto,fl_lossy,q_auto/p/124366986/honeybloom-bubble-glass-vase-6.jpg",https://www.athome.com//honeybloom-bubble-glass-vase-6/124366986.html
"Unglazed Handle Vase, 7.3""","https://static.athome.com/images/w_200,h_200,c_pad,f_auto,fl_lossy,q_auto/p/124390564/unglazed-handle-vase-7.3.jpg",https://www.athome.com//unglazed-handle-vase-7.3/124390564.html
8In Clear Glass Vase,"https://static.athome.com/images/w_200,h_200,c_pad,f_auto,fl_lossy,q_auto/p/124404221/8in-clear-glass-vase.jpg",https://www.athome.com//8in-clear-glass-vase/124404221.html
"Grey Ceramic Vase, 8""","https://static.athome.com/images/w_200,h_200,c_pad,f_auto,fl_lossy,q_auto/p/124402617/grey-ceramic-vase-8.jpg",https://www.athome.com//grey-ceramic-vase-8/124402617.html
"Willow Crossley Clear Glass Trumpet Vase, 32""","https://static.athome.com/images/w_200,h_200,c_pad,f_auto,fl_lossy,q_auto/p/124367129/willow-crossley-clear-glass-trumpet-vase-32.jpg",https://www.athome.com//willow-crossley-clear-glass-trumpet-vase-32/124367129.html
"Honeybloom White Metal Vase, 14""","https://static.athome.com/images/w_200,h_200,c_pad,f_auto,fl_lossy,q_auto/p/124366752/honeybloom-white-metal-vase-14.jpg",https://www.athome.com//honeybloom-white-metal-vase-14/124366752.html
"Honeybloom Katherine Blue Ceramic Vase, 12""","https://static.athome.com/images/w_200,h_200,c_pad,f_auto,fl_lossy,q_auto/p/124330184/honeybloom-katherine-blue-ceramic-vase-12.jpg",https://www.athome.com//honeybloom-katherine-blue-ceramic-vase-12/124330184.html
"Pink Glass Bud Vase, 5""","https://static.athome.com/images/w_200,h_200,c_pad,f_auto,fl_lossy,q_auto/p/124389223/pink-glass-bud-vase-5.jpg",https://www.athome.com//pink-glass-bud-vase-5/124389223.html
"Clear Glass Open Ended Hurricane, 10""","https://static.athome.com/images/w_200,h_200,c_pad,f_auto,fl_lossy,q_auto/p/124368021/clear-glass-open-ended-hurricane-10.jpg",https://www.athome.com//clear-glass-open-ended-hurricane-10/124368021.html
"Tracey Boyd Ivory Ceramic Capiz Scalloped Vase, 7""","https://static.athome.com/images/w_200,h_200,c_pad,f_auto,fl_lossy,q_auto/p/124362133/tracey-boyd-ivory-ceramic-capiz-scalloped-vase-7.jpg",https://www.athome.com//tracey-boyd-ivory-ceramic-capiz-scalloped-vase-7/124362133.html
"Brown Woven Bottle Floor Vase, 40""","https://static.athome.com/images/w_200,h_200,c_pad,f_auto,fl_lossy,q_auto/p/124301855/brown-woven-bottle-floor-vase-40.jpg",https://www.athome.com//brown-woven-bottle-floor-vase-40/124301855.html
"Providence Blue Ribbed Glass Vase, 9""","https://static.athome.com/images/w_200,h_200,c_pad,f_auto,fl_lossy,q_auto/p/124399769/providence-blue-ribbed-glass-vase-9.jpg",https://www.athome.com//providence-blue-ribbed-glass-vase-9/124399769.html
"Ty Pennington Rustic Wash Ceramic Vase, 8""","https://static.athome.com/images/w_200,h_200,c_pad,f_auto,fl_lossy,q_auto/p/124381304/ty-pennington-rustic-wash-ceramic-vase-8.jpg",https://www.athome.com//ty-pennington-rustic-wash-ceramic-vase-8/124381304.html
"Clear Glass Hourglass Vase, 8""","https://static.athome.com/images/w_200,h_200,c_pad,f_auto,fl_lossy,q_auto/p/124404420/clear-glass-hourglass-vase-8.jpg",https://www.athome.com//clear-glass-hourglass-vase-8/124404420.html
"Clear Glass Floor Vase, 40""","https://static.athome.com/images/w_200,h_200,c_pad,f_auto,fl_lossy,q_auto/p/124341333/clear-glass-floor-vase-40.jpg",https://www.athome.com//clear-glass-floor-vase-40/124341333.html
"White & Gold Ribbed Floor Vase, 36""","https://static.athome.com/images/w_200,h_200,c_pad,f_auto,fl_lossy,q_auto/p/124297062/white-gold-ribbed-floor-vase-36.jpg",https://www.athome.com//white-gold-ribbed-floor-vase-36/124297062.html
"Green Glass Bud Vase, 6.5""","https://static.athome.com/images/w_200,h_200,c_pad,f_auto,fl_lossy,q_auto/p/124399544/green-glass-bud-vase-6.5.jpg",https://www.athome.com//green-glass-bud-vase-6.5/124399544.html
"Clear Glass Cylinder Vase, 12""","https://static.athome.com/images/w_200,h_200,c_pad,f_auto,fl_lossy,q_auto/p/124311360/clear-glass-cylinder-vase-12.jpg",https://www.athome.com//clear-glass-cylinder-vase-12/124311360.html
"Found & Fable Metal vase, 14""","https://static.athome.com/images/w_200,h_200,c_pad,f_auto,fl_lossy,q_auto/p/124402865/found-fable-metal-vase-14.jpg",https://www.athome.com//found-fable-metal-vase-14/124402865.html
"Teal Ceramic Vase, 4""","https://static.athome.com/images/w_200,h_200,c_pad,f_auto,fl_lossy,q_auto/p/124293751/teal-ceramic-vase-4.jpg",https://www.athome.com//teal-ceramic-vase-4/124293751.html
Remi Vase 10In Black,"https://static.athome.com/images/w_200,h_200,c_pad,f_auto,fl_lossy,q_auto/p/124399849/remi-vase-10in-black.jpg",https://www.athome.com//remi-vase-10in-black/124399849.html
"Crosby St. White Open Ceramic Vase, 9.5""","https://static.athome.com/images/w_200,h_200,c_pad,f_auto,fl_lossy,q_auto/p/124378914/crosby-st.-white-open-ceramic-vase-9.5.jpg",https://www.athome.com//crosby-st.-white-open-ceramic-vase-9.5/124378914.html
"Crosby St. Brown Glass Vase, 10""","https://static.athome.com/images/w_200,h_200,c_pad,f_auto,fl_lossy,q_auto/p/124399818/crosby-st.-brown-glass-vase-10.jpg",https://www.athome.com//crosby-st.-brown-glass-vase-10/124399818.html
"Riley Yellow Open Ceramic Vase, 14""","https://static.athome.com/images/w_200,h_200,c_pad,f_auto,fl_lossy,q_auto/p/124346152/riley-yellow-open-ceramic-vase-14.jpg",https://www.athome.com//riley-yellow-open-ceramic-vase-14/124346152.html
"Warm Grey Bamboo Vase, 18""","https://static.athome.com/images/w_200,h_200,c_pad,f_auto,fl_lossy,q_auto/p/124404598/warm-grey-bamboo-vase-18.jpg",https://www.athome.com//warm-grey-bamboo-vase-18/124404598.html
"Tracey Boyd Natural & Black Wicker Woven Bottle Vase, 24""","https://static.athome.com/images/w_200,h_200,c_pad,f_auto,fl_lossy,q_auto/p/124373157/tracey-boyd-natural-black-wicker-woven-bottle-vase-24.jpg",https://www.athome.com//tracey-boyd-natural-black-wicker-woven-bottle-vase-24/124373157.html
"Found & Fable Black Ceramic Vase, 8""","https://static.athome.com/images/w_200,h_200,c_pad,f_auto,fl_lossy,q_auto/p/124357802/found-fable-black-ceramic-vase-8.jpg",https://www.athome.com//found-fable-black-ceramic-vase-8/124357802.html
"Honeybloom Blue Ceramic Vase, 7""","https://static.athome.com/images/w_200,h_200,c_pad,f_auto,fl_lossy,q_auto/p/124358722/honeybloom-blue-ceramic-vase-7.jpg",https://www.athome.com//honeybloom-blue-ceramic-vase-7/124358722.html
"Matte White Ceramic Vase, 7.5""","https://static.athome.com/images/w_200,h_200,c_pad,f_auto,fl_lossy,q_auto/p/124353302/matte-white-ceramic-vase-7.5.jpg",https://www.athome.com//matte-white-ceramic-vase-7.5/124353302.html
31.5In Clear Glass Sphere Base Long Stem Oversized Vase,"https://static.athome.com/images/w_200,h_200,c_pad,f_auto,fl_lossy,q_auto/p/124405457/31.5in-clear-glass-sphere-base-long-stem-oversized-vase.jpg",https://www.athome.com//31.5in-clear-glass-sphere-base-long-stem-oversized-vase/124405457.html
"Multi Floral Ceramic Vase, 6""","https://static.athome.com/images/w_200,h_200,c_pad,f_auto,fl_lossy,q_auto/p/124404698/multi-floral-ceramic-vase-6.jpg",https://www.athome.com//multi-floral-ceramic-vase-6/124404698.html
"Found & Fable Eileen White Ceramic Vase, 8""","https://static.athome.com/images/w_200,h_200,c_pad,f_auto,fl_lossy,q_auto/p/124373181/found-fable-eileen-white-ceramic-vase-8.jpg",https://www.athome.com//found-fable-eileen-white-ceramic-vase-8/124373181.html
"Ty Pennington Dark Grey Glass Vase, 12""","https://static.athome.com/images/w_200,h_200,c_pad,f_auto,fl_lossy,q_auto/p/124381325/ty-pennington-dark-grey-glass-vase-12.jpg",https://www.athome.com//ty-pennington-dark-grey-glass-vase-12/124381325.html
"Ty Pennington Blue Speckled Ceramic Vase, 7""","https://static.athome.com/images/w_200,h_200,c_pad,f_auto,fl_lossy,q_auto/p/124362193/ty-pennington-blue-speckled-ceramic-vase-7.jpg",https://www.athome.com//ty-pennington-blue-speckled-ceramic-vase-7/124362193.html
"Yellow Glass Bud Vase, 5""","https://static.athome.com/images/w_200,h_200,c_pad,f_auto,fl_lossy,q_auto/p/124399533/yellow-glass-bud-vase-5.jpg",https://www.athome.com//yellow-glass-bud-vase-5/124399533.html
"Ty Pennington Blue Reactive Glaze Ceramic Vase, 6.5""","https://static.athome.com/images/w_200,h_200,c_pad,f_auto,fl_lossy,q_auto/p/124381293/ty-pennington-blue-reactive-glaze-ceramic-vase-6.5.jpg",https://www.athome.com//ty-pennington-blue-reactive-glaze-ceramic-vase-6.5/124381293.html
"Spring Fling Clear Glass Cube Vase, 4""","https://static.athome.com/images/w_200,h_200,c_pad,f_auto,fl_lossy,q_auto/p/124103354/spring-fling-clear-glass-cube-vase-4.jpg",https://www.athome.com//spring-fling-clear-glass-cube-vase-4/124103354.html
"Found & Fable Green Glazed Vase, 14""","https://static.athome.com/images/w_200,h_200,c_pad,f_auto,fl_lossy,q_auto/p/124391121/found-fable-green-glazed-vase-14.jpg",https://www.athome.com//found-fable-green-glazed-vase-14/124391121.html
"Crosby St. White Open Ceramic Vase, 8""","https://static.athome.com/images/w_200,h_200,c_pad,f_auto,fl_lossy,q_auto/p/124378915/crosby-st.-white-open-ceramic-vase-8.jpg",https://www.athome.com//crosby-st.-white-open-ceramic-vase-8/124378915.html
"Found & Fable Etched Silver Metal Vase, 7""","https://static.athome.com/images/w_200,h_200,c_pad,f_auto,fl_lossy,q_auto/p/124381438/found-fable-etched-silver-metal-vase-7.jpg",https://www.athome.com//found-fable-etched-silver-metal-vase-7/124381438.html
"Tracey Boyd Metallic Pewter Ceramic Vase, 7""","https://static.athome.com/images/w_200,h_200,c_pad,f_auto,fl_lossy,q_auto/p/124381298/tracey-boyd-metallic-pewter-ceramic-vase-7.jpg",https://www.athome.com//tracey-boyd-metallic-pewter-ceramic-vase-7/124381298.html
"White Wood Two-Tone Vase, 8""","https://static.athome.com/images/w_200,h_200,c_pad,f_auto,fl_lossy,q_auto/p/124390614/white-wood-two-tone-vase-8.jpg",https://www.athome.com//white-wood-two-tone-vase-8/124390614.html
"Clear Glass Hourglass Vase, 12""","https://static.athome.com/images/w_200,h_200,c_pad,f_auto,fl_lossy,q_auto/p/124404421/clear-glass-hourglass-vase-12.jpg",https://www.athome.com//clear-glass-hourglass-vase-12/124404421.html
"Found & Fable Ivory Vase, 10""","https://static.athome.com/images/w_200,h_200,c_pad,f_auto,fl_lossy,q_auto/p/124373034/found-fable-ivory-vase-10.jpg",https://www.athome.com//found-fable-ivory-vase-10/124373034.html
"Blue Glass Vase, 13""","https://static.athome.com/images/w_200,h_200,c_pad,f_auto,fl_lossy,q_auto/p/124357073/blue-glass-vase-13.jpg",https://www.athome.com//blue-glass-vase-13/124357073.html
"Blue Square Bud Glass Vase, 6""","https://static.athome.com/images/w_200,h_200,c_pad,f_auto,fl_lossy,q_auto/p/124226795/blue-square-bud-glass-vase-6.jpg",https://www.athome.com//blue-square-bud-glass-vase-6/124226795.html
"Clear Glass Open Ended Hurricane, 8""","https://static.athome.com/images/w_200,h_200,c_pad,f_auto,fl_lossy,q_auto/p/124368022/clear-glass-open-ended-hurricane-8.jpg",https://www.athome.com//clear-glass-open-ended-hurricane-8/124368022.html
"White Bust Vase, 7.5""","https://static.athome.com/images/w_200,h_200,c_pad,f_auto,fl_lossy,q_auto/p/124401034/white-bust-vase-7.5.jpg",https://www.athome.com//white-bust-vase-7.5/124401034.html
"Found & Fable Green Capiz Vase, 13""","https://static.athome.com/images/w_200,h_200,c_pad,f_auto,fl_lossy,q_auto/p/124391104/found-fable-green-capiz-vase-13.jpg",https://www.athome.com//found-fable-green-capiz-vase-13/124391104.html
"Clear Glass Vase with Aqua Bubbles, 13""","https://static.athome.com/images/w_200,h_200,c_pad,f_auto,fl_lossy,q_auto/p/124390532/clear-glass-vase-with-aqua-bubbles-13.jpg",https://www.athome.com//clear-glass-vase-with-aqua-bubbles-13/124390532.html
"Honeybloom White Ceramic Vase, 6.5""","https://static.athome.com/images/w_200,h_200,c_pad,f_auto,fl_lossy,q_auto/p/124366987/honeybloom-white-ceramic-vase-6.5.jpg",https://www.athome.com//honeybloom-white-ceramic-vase-6.5/124366987.html
"Gold Ceramic Vase, 30""","https://static.athome.com/images/w_200,h_200,c_pad,f_auto,fl_lossy,q_auto/p/124348244/gold-ceramic-vase-30.jpg",https://www.athome.com//gold-ceramic-vase-30/124348244.html
"Honeybloom Neutral Ceramic Vase, 23""","https://static.athome.com/images/w_200,h_200,c_pad,f_auto,fl_lossy,q_auto/p/124401696/honeybloom-neutral-ceramic-vase-23.jpg",https://www.athome.com//honeybloom-neutral-ceramic-vase-23/124401696.html
"Tracey Boyd Grey Bamboo Capiz Bouquet Vase, 19""","https://static.athome.com/images/w_200,h_200,c_pad,f_auto,fl_lossy,q_auto/p/124381022/tracey-boyd-grey-bamboo-capiz-bouquet-vase-19.jpg",https://www.athome.com//tracey-boyd-grey-bamboo-capiz-bouquet-vase-19/124381022.html
"Metal Square Vase with Circles, 18.5""","https://static.athome.com/images/w_200,h_200,c_pad,f_auto,fl_lossy,q_auto/p/124129229/metal-square-vase-with-circles-18.5.jpg",https://www.athome.com//metal-square-vase-with-circles-18.5/124129229.html
12in Hourglass Clear Glass Vase,"https://static.athome.com/images/w_200,h_200,c_pad,f_auto,fl_lossy,q_auto/p/124404384/12in-hourglass-clear-glass-vase.jpg",https://www.athome.com//12in-hourglass-clear-glass-vase/124404384.html
"Honeybloom Honey Glass Pane Vase, 15.5""","https://static.athome.com/images/w_200,h_200,c_pad,f_auto,fl_lossy,q_auto/p/124389393/honeybloom-honey-glass-pane-vase-15.5.jpg",https://www.athome.com//honeybloom-honey-glass-pane-vase-15.5/124389393.html
"Providence Gold Flower Wide Mouth Ceramic Vase, 9""","https://static.athome.com/images/w_200,h_200,c_pad,f_auto,fl_lossy,q_auto/p/124381004/providence-gold-flower-wide-mouth-ceramic-vase-9.jpg",https://www.athome.com//providence-gold-flower-wide-mouth-ceramic-vase-9/124381004.html
"Crosby St. Blue Ceramic Vase, 11""","https://static.athome.com/images/w_200,h_200,c_pad,f_auto,fl_lossy,q_auto/p/124399813/crosby-st.-blue-ceramic-vase-11.jpg",https://www.athome.com//crosby-st.-blue-ceramic-vase-11/124399813.html
"Ty Pennington Grey Sanded Glass Bottle Vase, 12""","https://static.athome.com/images/w_200,h_200,c_pad,f_auto,fl_lossy,q_auto/p/124381330/ty-pennington-grey-sanded-glass-bottle-vase-12.jpg",https://www.athome.com//ty-pennington-grey-sanded-glass-bottle-vase-12/124381330.html
"Ty Pennington White Glass Vase, 5""","https://static.athome.com/images/w_200,h_200,c_pad,f_auto,fl_lossy,q_auto/p/124381370/ty-pennington-white-glass-vase-5.jpg",https://www.athome.com//ty-pennington-white-glass-vase-5/124381370.html
"Crosby St. Yellow Ceramic Vase, 9.5""","https://static.athome.com/images/w_200,h_200,c_pad,f_auto,fl_lossy,q_auto/p/124399814/crosby-st.-yellow-ceramic-vase-9.5.jpg",https://www.athome.com//crosby-st.-yellow-ceramic-vase-9.5/124399814.html
"Ty Pennington Silver Dimpled Egg Vase, 8.5""","https://static.athome.com/images/w_200,h_200,c_pad,f_auto,fl_lossy,q_auto/p/124390523/ty-pennington-silver-dimpled-egg-vase-8.5.jpg",https://www.athome.com//ty-pennington-silver-dimpled-egg-vase-8.5/124390523.html
"Willow Crossley Bubble Ribbed Glass Vase, 6""","https://static.athome.com/images/w_200,h_200,c_pad,f_auto,fl_lossy,q_auto/p/124377492/willow-crossley-bubble-ribbed-glass-vase-6.jpg",https://www.athome.com//willow-crossley-bubble-ribbed-glass-vase-6/124377492.html
"Crosby St. Navy Blue Glass Vase, 8""","https://static.athome.com/images/w_200,h_200,c_pad,f_auto,fl_lossy,q_auto/p/124399821/crosby-st.-navy-blue-glass-vase-8.jpg",https://www.athome.com//crosby-st.-navy-blue-glass-vase-8/124399821.html
"Ty Pennington Blue Reactive Glaze Ceramic Vase, 8""","https://static.athome.com/images/w_200,h_200,c_pad,f_auto,fl_lossy,q_auto/p/124381292/ty-pennington-blue-reactive-glaze-ceramic-vase-8.jpg",https://www.athome.com//ty-pennington-blue-reactive-glaze-ceramic-vase-8/124381292.html
"Honeybloom Brown Mushroom Ceramic Vase, 5""","https://static.athome.com/images/w_200,h_200,c_pad,f_auto,fl_lossy,q_auto/p/124399936/honeybloom-brown-mushroom-ceramic-vase-5.jpg",https://www.athome.com//honeybloom-brown-mushroom-ceramic-vase-5/124399936.html
"Providence White Mother of Pearl Vase, 13""","https://static.athome.com/images/w_200,h_200,c_pad,f_auto,fl_lossy,q_auto/p/124389059/providence-white-mother-of-pearl-vase-13.jpg",https://www.athome.com//providence-white-mother-of-pearl-vase-13/124389059.html
"Neutral Metal Floor Vase with Handles, 30""","https://static.athome.com/images/w_200,h_200,c_pad,f_auto,fl_lossy,q_auto/p/124341354/neutral-metal-floor-vase-with-handles-30.jpg",https://www.athome.com//neutral-metal-floor-vase-with-handles-30/124341354.html
"Brown Glass Bud Vase, 5""","https://static.athome.com/images/w_200,h_200,c_pad,f_auto,fl_lossy,q_auto/p/124389222/brown-glass-bud-vase-5.jpg",https://www.athome.com//brown-glass-bud-vase-5/124389222.html
"Honeybloom Brown Mushroom Ceramic Vase, 7""","https://static.athome.com/images/w_200,h_200,c_pad,f_auto,fl_lossy,q_auto/p/124399935/honeybloom-brown-mushroom-ceramic-vase-7.jpg",https://www.athome.com//honeybloom-brown-mushroom-ceramic-vase-7/124399935.html
"Crosby St. Riley Black Ceramic Vase, 30""","https://static.athome.com/images/w_200,h_200,c_pad,f_auto,fl_lossy,q_auto/p/124401702/crosby-st.-riley-black-ceramic-vase-30.jpg",https://www.athome.com//crosby-st.-riley-black-ceramic-vase-30/124401702.html
"Tracey Boyd White Ceramic Vase, 12.8""","https://static.athome.com/images/w_200,h_200,c_pad,f_auto,fl_lossy,q_auto/p/124390608/tracey-boyd-white-ceramic-vase-12.8.jpg",https://www.athome.com//tracey-boyd-white-ceramic-vase-12.8/124390608.html
"Honeybloom White Katherine Ceramic Floor Vase, 22""","https://static.athome.com/images/w_200,h_200,c_pad,f_auto,fl_lossy,q_auto/p/124348247/honeybloom-white-katherine-ceramic-floor-vase-22.jpg",https://www.athome.com//honeybloom-white-katherine-ceramic-floor-vase-22/124348247.html
31.5In Clear Glass Oversized Vase,"https://static.athome.com/images/w_200,h_200,c_pad,f_auto,fl_lossy,q_auto/p/124405456/31.5in-clear-glass-oversized-vase.jpg",https://www.athome.com//31.5in-clear-glass-oversized-vase/124405456.html
"Providence Blue Porcelain Vase, 11""","https://static.athome.com/images/w_200,h_200,c_pad,f_auto,fl_lossy,q_auto/p/124379084/providence-blue-porcelain-vase-11.jpg",https://www.athome.com//providence-blue-porcelain-vase-11/124379084.html
"3-Part Bud Glass Vase, 5""","https://static.athome.com/images/w_200,h_200,c_pad,f_auto,fl_lossy,q_auto/p/124380992/3-part-bud-glass-vase-5.jpg",https://www.athome.com//3-part-bud-glass-vase-5/124380992.html
"Blue Glass Vase, 8""","https://static.athome.com/images/w_200,h_200,c_pad,f_auto,fl_lossy,q_auto/p/124357071/blue-glass-vase-8.jpg",https://www.athome.com//blue-glass-vase-8/124357071.html
"Black Metal Vase, 10""","https://static.athome.com/images/w_200,h_200,c_pad,f_auto,fl_lossy,q_auto/p/124404620/black-metal-vase-10.jpg",https://www.athome.com//black-metal-vase-10/124404620.html
"Black Ceramic Vase, 7""","https://static.athome.com/images/w_200,h_200,c_pad,f_auto,fl_lossy,q_auto/p/124349017/black-ceramic-vase-7.jpg",https://www.athome.com//black-ceramic-vase-7/124349017.html
"Providence Rattan Vase, 6""","https://static.athome.com/images/w_200,h_200,c_pad,f_auto,fl_lossy,q_auto/p/124379975/providence-rattan-vase-6.jpg",https://www.athome.com//providence-rattan-vase-6/124379975.html
"Blue Ombre Glass Bottle Vase, 10""","https://static.athome.com/images/w_200,h_200,c_pad,f_auto,fl_lossy,q_auto/p/124287932/blue-ombre-glass-bottle-vase-10.jpg",https://www.athome.com//blue-ombre-glass-bottle-vase-10/124287932.html
"Honeybloom White Checkered Vase, 6.5""","https://static.athome.com/images/w_200,h_200,c_pad,f_auto,fl_lossy,q_auto/p/124389351/honeybloom-white-checkered-vase-6.5.jpg",https://www.athome.com//honeybloom-white-checkered-vase-6.5/124389351.html
"Providence White & Black Floral Ceramic Vase, 6""","https://static.athome.com/images/w_200,h_200,c_pad,f_auto,fl_lossy,q_auto/p/124366736/providence-white-black-floral-ceramic-vase-6.jpg",https://www.athome.com//providence-white-black-floral-ceramic-vase-6/124366736.html
"Ty Pennington Woven Grass Wrapped Glass Vase, 10""","https://static.athome.com/images/w_200,h_200,c_pad,f_auto,fl_lossy,q_auto/p/124390503/ty-pennington-woven-grass-wrapped-glass-vase-10.jpg",https://www.athome.com//ty-pennington-woven-grass-wrapped-glass-vase-10/124390503.html
"Willow Crossley Rattan Woven Vase, 12""","https://static.athome.com/images/w_200,h_200,c_pad,f_auto,fl_lossy,q_auto/p/124389012/willow-crossley-rattan-woven-vase-12.jpg",https://www.athome.com//willow-crossley-rattan-woven-vase-12/124389012.html
"Honeybloom Ceramic Multi-Vase, 8x6","https://static.athome.com/images/w_200,h_200,c_pad,f_auto,fl_lossy,q_auto/p/124401691/honeybloom-ceramic-multi-vase-8x6.jpg",https://www.athome.com//honeybloom-ceramic-multi-vase-8x6/124401691.html
"Providence Blue Frit Glass Vase, 4.5""","https://static.athome.com/images/w_200,h_200,c_pad,f_auto,fl_lossy,q_auto/p/124399767/providence-blue-frit-glass-vase-4.5.jpg",https://www.athome.com//providence-blue-frit-glass-vase-4.5/124399767.html
"Honeybloom Two Tone Ceramic Vase, 12""","https://static.athome.com/images/w_200,h_200,c_pad,f_auto,fl_lossy,q_auto/p/124389352/honeybloom-two-tone-ceramic-vase-12.jpg",https://www.athome.com//honeybloom-two-tone-ceramic-vase-12/124389352.html
"Black Ceramic Vase, 8.5""","https://static.athome.com/images/w_200,h_200,c_pad,f_auto,fl_lossy,q_auto/p/124402621/black-ceramic-vase-8.5.jpg",https://www.athome.com//black-ceramic-vase-8.5/124402621.html
"Clear Glass Open Ended Hurricane, 8""","https://static.athome.com/images/w_200,h_200,c_pad,f_auto,fl_lossy,q_auto/p/124368024/clear-glass-open-ended-hurricane-8.jpg",https://www.athome.com//clear-glass-open-ended-hurricane-8/124368024.html
"Pink Striped Glass Bud Vase, 5""","https://static.athome.com/images/w_200,h_200,c_pad,f_auto,fl_lossy,q_auto/p/124389129/pink-striped-glass-bud-vase-5.jpg",https://www.athome.com//pink-striped-glass-bud-vase-5/124389129.html
"Clear Striped Glass Bud Vase, 5""","https://static.athome.com/images/w_200,h_200,c_pad,f_auto,fl_lossy,q_auto/p/124389126/clear-striped-glass-bud-vase-5.jpg",https://www.athome.com//clear-striped-glass-bud-vase-5/124389126.html
"Crosby St. White Open Ceramic Vase, 7""","https://static.athome.com/images/w_200,h_200,c_pad,f_auto,fl_lossy,q_auto/p/124378916/crosby-st.-white-open-ceramic-vase-7.jpg",https://www.athome.com//crosby-st.-white-open-ceramic-vase-7/124378916.html
"Honeybloom Brown Ceramic Vase, 7.5""","https://static.athome.com/images/w_200,h_200,c_pad,f_auto,fl_lossy,q_auto/p/124399942/honeybloom-brown-ceramic-vase-7.5.jpg",https://www.athome.com//honeybloom-brown-ceramic-vase-7.5/124399942.html
"Metallic Vase, 10""","https://static.athome.com/images/w_200,h_200,c_pad,f_auto,fl_lossy,q_auto/p/124346060/metallic-vase-10.jpg",https://www.athome.com//metallic-vase-10/124346060.html
"Willow Crossley Green Rim Clear Bud Vase, 3""","https://static.athome.com/images/w_200,h_200,c_pad,f_auto,fl_lossy,q_auto/p/124367234/willow-crossley-green-rim-clear-bud-vase-3.jpg",https://www.athome.com//willow-crossley-green-rim-clear-bud-vase-3/124367234.html
"White Ceramic Vase, 6""","https://static.athome.com/images/w_200,h_200,c_pad,f_auto,fl_lossy,q_auto/p/124345945/white-ceramic-vase-6.jpg",https://www.athome.com//white-ceramic-vase-6/124345945.html
"Laila Ali Glass Vase With Silver Rim, 5""","https://static.athome.com/images/w_200,h_200,c_pad,f_auto,fl_lossy,q_auto/p/124361919/laila-ali-glass-vase-with-silver-rim-5.jpg",https://www.athome.com//laila-ali-glass-vase-with-silver-rim-5/124361919.html
"Tracey Boyd Ivory Ceramic Capiz Scalloped Vase, 8""","https://static.athome.com/images/w_200,h_200,c_pad,f_auto,fl_lossy,q_auto/p/124362132/tracey-boyd-ivory-ceramic-capiz-scalloped-vase-8.jpg",https://www.athome.com//tracey-boyd-ivory-ceramic-capiz-scalloped-vase-8/124362132.html
"Willow Crossley White Ribbed Pie Crust Rim Ceramic Vase, 10""","https://static.athome.com/images/w_200,h_200,c_pad,f_auto,fl_lossy,q_auto/p/124373945/willow-crossley-white-ribbed-pie-crust-rim-ceramic-vase-10.jpg",https://www.athome.com//willow-crossley-white-ribbed-pie-crust-rim-ceramic-vase-10/124373945.html
"Providence Helen Black Quatrefoil Vase, 6""","https://static.athome.com/images/w_200,h_200,c_pad,f_auto,fl_lossy,q_auto/p/124367022/providence-helen-black-quatrefoil-vase-6.jpg",https://www.athome.com//providence-helen-black-quatrefoil-vase-6/124367022.html
"Found & Fable Beige Ceramic Vase, 6""","https://static.athome.com/images/w_200,h_200,c_pad,f_auto,fl_lossy,q_auto/p/124373126/found-fable-beige-ceramic-vase-6.jpg",https://www.athome.com//found-fable-beige-ceramic-vase-6/124373126.html
"Honeybloom Yellow Ceramic Vase, 7""","https://static.athome.com/images/w_200,h_200,c_pad,f_auto,fl_lossy,q_auto/p/124366704/honeybloom-yellow-ceramic-vase-7.jpg",https://www.athome.com//honeybloom-yellow-ceramic-vase-7/124366704.html
"Ty Pennington Blue Art Glass Vase, 6""","https://static.athome.com/images/w_200,h_200,c_pad,f_auto,fl_lossy,q_auto/p/124362305/ty-pennington-blue-art-glass-vase-6.jpg",https://www.athome.com//ty-pennington-blue-art-glass-vase-6/124362305.html
"Tracey Boyd Black Ceramic Vase, 7.5""","https://static.athome.com/images/w_200,h_200,c_pad,f_auto,fl_lossy,q_auto/p/124373004/tracey-boyd-black-ceramic-vase-7.5.jpg",https://www.athome.com//tracey-boyd-black-ceramic-vase-7.5/124373004.html
"Crosby St. Black Open Ceramic Vase, 10""","https://static.athome.com/images/w_200,h_200,c_pad,f_auto,fl_lossy,q_auto/p/124379156/crosby-st.-black-open-ceramic-vase-10.jpg",https://www.athome.com//crosby-st.-black-open-ceramic-vase-10/124379156.html
"White Wood Two-Tone Vase, 14""","https://static.athome.com/images/w_200,h_200,c_pad,f_auto,fl_lossy,q_auto/p/124390613/white-wood-two-tone-vase-14.jpg",https://www.athome.com//white-wood-two-tone-vase-14/124390613.html
"Crushed Mirror Mosaic Vase, 15""","https://static.athome.com/images/w_200,h_200,c_pad,f_auto,fl_lossy,q_auto/p/124279552/crushed-mirror-mosaic-vase-15.jpg",https://www.athome.com//crushed-mirror-mosaic-vase-15/124279552.html
"Found & Fable Green Palm Vase, 7""","https://static.athome.com/images/w_200,h_200,c_pad,f_auto,fl_lossy,q_auto/p/124391098/found-fable-green-palm-vase-7.jpg",https://www.athome.com//found-fable-green-palm-vase-7/124391098.html
"Found & Fable Tan & Ivory Print Ceramic Cylinder Vase, 7""","https://static.athome.com/images/w_200,h_200,c_pad,f_auto,fl_lossy,q_auto/p/124373119/found-fable-tan-ivory-print-ceramic-cylinder-vase-7.jpg",https://www.athome.com//found-fable-tan-ivory-print-ceramic-cylinder-vase-7/124373119.html
"Brown & White Ribbed Jug Vase, 12""","https://static.athome.com/images/w_200,h_200,c_pad,f_auto,fl_lossy,q_auto/p/124378922/brown-white-ribbed-jug-vase-12.jpg",https://www.athome.com//brown-white-ribbed-jug-vase-12/124378922.html
"Providence Champagne Glass Vase, 11.8""","https://static.athome.com/images/w_200,h_200,c_pad,f_auto,fl_lossy,q_auto/p/124389065/providence-champagne-glass-vase-11.8.jpg",https://www.athome.com//providence-champagne-glass-vase-11.8/124389065.html
"Ty Pennington Blue Metal Ombre Vase, 9.5""","https://static.athome.com/images/w_200,h_200,c_pad,f_auto,fl_lossy,q_auto/p/124372927/ty-pennington-blue-metal-ombre-vase-9.5.jpg",https://www.athome.com//ty-pennington-blue-metal-ombre-vase-9.5/124372927.html
"Crosby St. Black Gold Stroke Vase, 13""","https://static.athome.com/images/w_200,h_200,c_pad,f_auto,fl_lossy,q_auto/p/124389149/crosby-st.-black-gold-stroke-vase-13.jpg",https://www.athome.com//crosby-st.-black-gold-stroke-vase-13/124389149.html
"Providence White Cutout Ceramic Vase, 11.8""","https://static.athome.com/images/w_200,h_200,c_pad,f_auto,fl_lossy,q_auto/p/124366733/providence-white-cutout-ceramic-vase-11.8.jpg",https://www.athome.com//providence-white-cutout-ceramic-vase-11.8/124366733.html
"Silver Oval Cutout Ceramic Vase, 18.5""","https://static.athome.com/images/w_200,h_200,c_pad,f_auto,fl_lossy,q_auto/p/124256890/silver-oval-cutout-ceramic-vase-18.5.jpg",https://www.athome.com//silver-oval-cutout-ceramic-vase-18.5/124256890.html
"Clear Glass Floor Vase, 28""","https://static.athome.com/images/w_200,h_200,c_pad,f_auto,fl_lossy,q_auto/p/124341336/clear-glass-floor-vase-28.jpg",https://www.athome.com//clear-glass-floor-vase-28/124341336.html
"Clear Glass Vase with Aqua Bubbles, 16""","https://static.athome.com/images/w_200,h_200,c_pad,f_auto,fl_lossy,q_auto/p/124390531/clear-glass-vase-with-aqua-bubbles-16.jpg",https://www.athome.com//clear-glass-vase-with-aqua-bubbles-16/124390531.html
"Tracey Boyd White Ceramic Vase, 14""","https://static.athome.com/images/w_200,h_200,c_pad,f_auto,fl_lossy,q_auto/p/124318534/tracey-boyd-white-ceramic-vase-14.jpg",https://www.athome.com//tracey-boyd-white-ceramic-vase-14/124318534.html
"Honeybloom Dark Blue Ceramic Vase, 10""","https://static.athome.com/images/w_200,h_200,c_pad,f_auto,fl_lossy,q_auto/p/124399947/honeybloom-dark-blue-ceramic-vase-10.jpg",https://www.athome.com//honeybloom-dark-blue-ceramic-vase-10/124399947.html
"Honeybloom Vintage Vase, 8""","https://static.athome.com/images/w_200,h_200,c_pad,f_auto,fl_lossy,q_auto/p/124399939/honeybloom-vintage-vase-8.jpg",https://www.athome.com//honeybloom-vintage-vase-8/124399939.html
"Ty Pennington Blue Splash Ceramic Vase, 6.5""","https://static.athome.com/images/w_200,h_200,c_pad,f_auto,fl_lossy,q_auto/p/124362198/ty-pennington-blue-splash-ceramic-vase-6.5.jpg",https://www.athome.com//ty-pennington-blue-splash-ceramic-vase-6.5/124362198.html
"Providence Blue Floral Print Vase, 16""","https://static.athome.com/images/w_200,h_200,c_pad,f_auto,fl_lossy,q_auto/p/124389053/providence-blue-floral-print-vase-16.jpg",https://www.athome.com//providence-blue-floral-print-vase-16/124389053.html
"Clear Striped Glass Round Bud Vase, 4""","https://static.athome.com/images/w_200,h_200,c_pad,f_auto,fl_lossy,q_auto/p/124389122/clear-striped-glass-round-bud-vase-4.jpg",https://www.athome.com//clear-striped-glass-round-bud-vase-4/124389122.html
"Gold Foiled Metal Floor Vase, 30""","https://static.athome.com/images/w_200,h_200,c_pad,f_auto,fl_lossy,q_auto/p/124341358/gold-foiled-metal-floor-vase-30.jpg",https://www.athome.com//gold-foiled-metal-floor-vase-30/124341358.html
"Tan Ceramic Vase, 4""","https://static.athome.com/images/w_200,h_200,c_pad,f_auto,fl_lossy,q_auto/p/124340272/tan-ceramic-vase-4.jpg",https://www.athome.com//tan-ceramic-vase-4/124340272.html
"Crosby St. Gold Metal Vase, 12""","https://static.athome.com/images/w_200,h_200,c_pad,f_auto,fl_lossy,q_auto/p/124377477/crosby-st.-gold-metal-vase-12.jpg",https://www.athome.com//crosby-st.-gold-metal-vase-12/124377477.html
"Recycled Glass Jar, 9""","https://static.athome.com/images/w_200,h_200,c_pad,f_auto,fl_lossy,q_auto/p/124379606/recycled-glass-jar-9.jpg",https://www.athome.com//recycled-glass-jar-9/124379606.html
Remi Vase 14In Black,"https://static.athome.com/images/w_200,h_200,c_pad,f_auto,fl_lossy,q_auto/p/124399851/remi-vase-14in-black.jpg",https://www.athome.com//remi-vase-14in-black/124399851.html
"Ty Pennington Clear Bubble Glass Cylinder Vase, 8""","https://static.athome.com/images/w_200,h_200,c_pad,f_auto,fl_lossy,q_auto/p/124373045/ty-pennington-clear-bubble-glass-cylinder-vase-8.jpg",https://www.athome.com//ty-pennington-clear-bubble-glass-cylinder-vase-8/124373045.html
"Black Ceramic Vase, 10.5""","https://static.athome.com/images/w_200,h_200,c_pad,f_auto,fl_lossy,q_auto/p/124402620/black-ceramic-vase-10.5.jpg",https://www.athome.com//black-ceramic-vase-10.5/124402620.html
"Tan Ceramic Vase, 6""","https://static.athome.com/images/w_200,h_200,c_pad,f_auto,fl_lossy,q_auto/p/124340271/tan-ceramic-vase-6.jpg",https://www.athome.com//tan-ceramic-vase-6/124340271.html
"Yellow Glass Bud Vase, 4""","https://static.athome.com/images/w_200,h_200,c_pad,f_auto,fl_lossy,q_auto/p/124399535/yellow-glass-bud-vase-4.jpg",https://www.athome.com//yellow-glass-bud-vase-4/124399535.html
"Silver Glass Bottle Vase, 10.5""","https://static.athome.com/images/w_200,h_200,c_pad,f_auto,fl_lossy,q_auto/p/124233152/silver-glass-bottle-vase-10.5.jpg",https://www.athome.com//silver-glass-bottle-vase-10.5/124233152.html
"Crosby St. Curved Black Vase, 10.6""","https://static.athome.com/images/w_200,h_200,c_pad,f_auto,fl_lossy,q_auto/p/124389153/crosby-st.-curved-black-vase-10.6.jpg",https://www.athome.com//crosby-st.-curved-black-vase-10.6/124389153.html
"Crosby St. Yellow Center Hole Glass Vase, 11.5""","https://static.athome.com/images/w_200,h_200,c_pad,f_auto,fl_lossy,q_auto/p/125000832/crosby-st.-yellow-center-hole-glass-vase-11.5.jpg",https://www.athome.com//crosby-st.-yellow-center-hole-glass-vase-11.5/125000832.html
"Providence White 3D Floral Ceramic Vase, 6.5""","https://static.athome.com/images/w_200,h_200,c_pad,f_auto,fl_lossy,q_auto/p/124381311/providence-white-3d-floral-ceramic-vase-6.5.jpg",https://www.athome.com//providence-white-3d-floral-ceramic-vase-6.5/124381311.html
"Katherine Matte Black Vase, 15""","https://static.athome.com/images/w_200,h_200,c_pad,f_auto,fl_lossy,q_auto/p/124346581/katherine-matte-black-vase-15.jpg",https://www.athome.com//katherine-matte-black-vase-15/124346581.html
"Brown Ceramic Vase, 12""","https://static.athome.com/images/w_200,h_200,c_pad,f_auto,fl_lossy,q_auto/p/124402619/brown-ceramic-vase-12.jpg",https://www.athome.com//brown-ceramic-vase-12/124402619.html
"Crosby St. Ivory Glass Vase, 12""","https://static.athome.com/images/w_200,h_200,c_pad,f_auto,fl_lossy,q_auto/p/124389150/crosby-st.-ivory-glass-vase-12.jpg",https://www.athome.com//crosby-st.-ivory-glass-vase-12/124389150.html
"Ty Pennington Silver Ceramic Vase, 8""","https://static.athome.com/images/w_200,h_200,c_pad,f_auto,fl_lossy,q_auto/p/124373050/ty-pennington-silver-ceramic-vase-8.jpg",https://www.athome.com//ty-pennington-silver-ceramic-vase-8/124373050.html
"Willow Crossley Bubble Ribbed Glass Vase, 8""","https://static.athome.com/images/w_200,h_200,c_pad,f_auto,fl_lossy,q_auto/p/124377493/willow-crossley-bubble-ribbed-glass-vase-8.jpg",https://www.athome.com//willow-crossley-bubble-ribbed-glass-vase-8/124377493.html
"Honeybloom White Checkered Vase, 9""","https://static.athome.com/images/w_200,h_200,c_pad,f_auto,fl_lossy,q_auto/p/124389350/honeybloom-white-checkered-vase-9.jpg",https://www.athome.com//honeybloom-white-checkered-vase-9/124389350.html
"Gold Geo Floor Vase, 36""","https://static.athome.com/images/w_200,h_200,c_pad,f_auto,fl_lossy,q_auto/p/124266982/gold-geo-floor-vase-36.jpg",https://www.athome.com//gold-geo-floor-vase-36/124266982.html
"Woven Natural Vase, 10""","https://static.athome.com/images/w_200,h_200,c_pad,f_auto,fl_lossy,q_auto/p/124379668/woven-natural-vase-10.jpg",https://www.athome.com//woven-natural-vase-10/124379668.html
"Ty Pennington Tan Bamboo Mosaic Vase, 24""","https://static.athome.com/images/w_200,h_200,c_pad,f_auto,fl_lossy,q_auto/p/124373160/ty-pennington-tan-bamboo-mosaic-vase-24.jpg",https://www.athome.com//ty-pennington-tan-bamboo-mosaic-vase-24/124373160.html
"Ty Pennington Blue Coral Dot Vase, 13""","https://static.athome.com/images/w_200,h_200,c_pad,f_auto,fl_lossy,q_auto/p/124390530/ty-pennington-blue-coral-dot-vase-13.jpg",https://www.athome.com//ty-pennington-blue-coral-dot-vase-13/124390530.html
"Blue & White Ceramic Glazed Bottle Vase, 11.5""","https://static.athome.com/images/w_200,h_200,c_pad,f_auto,fl_lossy,q_auto/p/124242631/blue-white-ceramic-glazed-bottle-vase-11.5.jpg",https://www.athome.com//blue-white-ceramic-glazed-bottle-vase-11.5/124242631.html
"Providence Black Matte Glass Vase, 9""","https://static.athome.com/images/w_200,h_200,c_pad,f_auto,fl_lossy,q_auto/p/124367996/providence-black-matte-glass-vase-9.jpg",https://www.athome.com//providence-black-matte-glass-vase-9/124367996.html
"Honeybloom Neutral Ceramic Vase, 8""","https://static.athome.com/images/w_200,h_200,c_pad,f_auto,fl_lossy,q_auto/p/124389347/honeybloom-neutral-ceramic-vase-8.jpg",https://www.athome.com//honeybloom-neutral-ceramic-vase-8/124389347.html
"Honeybloom White Katherine Ceramic Floor Vase, 29""","https://static.athome.com/images/w_200,h_200,c_pad,f_auto,fl_lossy,q_auto/p/124348246/honeybloom-white-katherine-ceramic-floor-vase-29.jpg",https://www.athome.com//honeybloom-white-katherine-ceramic-floor-vase-29/124348246.html
"Providence Blue Capiz Mosaic Vase, 23""","https://static.athome.com/images/w_200,h_200,c_pad,f_auto,fl_lossy,q_auto/p/124389100/providence-blue-capiz-mosaic-vase-23.jpg",https://www.athome.com//providence-blue-capiz-mosaic-vase-23/124389100.html
"Ty Pennington Woven Grass Wrapped Glass Vase, 8""","https://static.athome.com/images/w_200,h_200,c_pad,f_auto,fl_lossy,q_auto/p/124390504/ty-pennington-woven-grass-wrapped-glass-vase-8.jpg",https://www.athome.com//ty-pennington-woven-grass-wrapped-glass-vase-8/124390504.html
"Providence Green Glass Vase, 15.7""","https://static.athome.com/images/w_200,h_200,c_pad,f_auto,fl_lossy,q_auto/p/124389066/providence-green-glass-vase-15.7.jpg",https://www.athome.com//providence-green-glass-vase-15.7/124389066.html
"Ty Pennington Blue Glass Vase, 11""","https://static.athome.com/images/w_200,h_200,c_pad,f_auto,fl_lossy,q_auto/p/124348544/ty-pennington-blue-glass-vase-11.jpg",https://www.athome.com//ty-pennington-blue-glass-vase-11/124348544.html
"Cherry Carved Faux Wood Vase, 16""","https://static.athome.com/images/w_200,h_200,c_pad,f_auto,fl_lossy,q_auto/p/124293063/cherry-carved-faux-wood-vase-16.jpg",https://www.athome.com//cherry-carved-faux-wood-vase-16/124293063.html
"Ty Pennington Blue Glass Bottle Vase, 19.5""","https://static.athome.com/images/w_200,h_200,c_pad,f_auto,fl_lossy,q_auto/p/124345688/ty-pennington-blue-glass-bottle-vase-19.5.jpg",https://www.athome.com//ty-pennington-blue-glass-bottle-vase-19.5/124345688.html
"Honeybloom White & Natural Ceramic Floor Vase, 30""","https://static.athome.com/images/w_200,h_200,c_pad,f_auto,fl_lossy,q_auto/p/124346572/honeybloom-white-natural-ceramic-floor-vase-30.jpg",https://www.athome.com//honeybloom-white-natural-ceramic-floor-vase-30/124346572.html
"Matte Black Glass Vase, 11""","https://static.athome.com/images/w_200,h_200,c_pad,f_auto,fl_lossy,q_auto/p/124367994/matte-black-glass-vase-11.jpg",https://www.athome.com//matte-black-glass-vase-11/124367994.html
"Brown Carved Leaf Vase, 11""","https://static.athome.com/images/w_200,h_200,c_pad,f_auto,fl_lossy,q_auto/p/124319616/brown-carved-leaf-vase-11.jpg",https://www.athome.com//brown-carved-leaf-vase-11/124319616.html
"Spanish Glass Rimma Vase, 28""","https://static.athome.com/images/w_200,h_200,c_pad,f_auto,fl_lossy,q_auto/p/124361622/spanish-glass-rimma-vase-28.jpg",https://www.athome.com//spanish-glass-rimma-vase-28/124361622.html
"Green Glass Bud Vase, 4""","https://static.athome.com/images/w_200,h_200,c_pad,f_auto,fl_lossy,q_auto/p/124399548/green-glass-bud-vase-4.jpg",https://www.athome.com//green-glass-bud-vase-4/124399548.html
"Green Recycled Glass Bottle Vase, 21""","https://static.athome.com/images/w_200,h_200,c_pad,f_auto,fl_lossy,q_auto/p/124319564/green-recycled-glass-bottle-vase-21.jpg",https://www.athome.com//green-recycled-glass-bottle-vase-21/124319564.html
"Tracey Boyd Green Ceramic Vase, 8""","https://static.athome.com/images/w_200,h_200,c_pad,f_auto,fl_lossy,q_auto/p/124362069/tracey-boyd-green-ceramic-vase-8.jpg",https://www.athome.com//tracey-boyd-green-ceramic-vase-8/124362069.html
"Blue Spun Bamboo Vase, 25""","https://static.athome.com/images/w_200,h_200,c_pad,f_auto,fl_lossy,q_auto/p/124278325/blue-spun-bamboo-vase-25.jpg",https://www.athome.com//blue-spun-bamboo-vase-25/124278325.html
"Brown Star Capiz Vase, 22""","https://static.athome.com/images/w_200,h_200,c_pad,f_auto,fl_lossy,q_auto/p/124390585/brown-star-capiz-vase-22.jpg",https://www.athome.com//brown-star-capiz-vase-22/124390585.html
"Tracey Boyd Blue Frit Glass Vase, 10""","https://static.athome.com/images/w_200,h_200,c_pad,f_auto,fl_lossy,q_auto/p/124366581/tracey-boyd-blue-frit-glass-vase-10.jpg",https://www.athome.com//tracey-boyd-blue-frit-glass-vase-10/124366581.html
"Distressed White Metal Vase, 17""","https://static.athome.com/images/w_200,h_200,c_pad,f_auto,fl_lossy,q_auto/p/124290528/distressed-white-metal-vase-17.jpg",https://www.athome.com//distressed-white-metal-vase-17/124290528.html
Found & Fable Half Etching Metal Vase Medium,"https://static.athome.com/images/w_200,h_200,c_pad,f_auto,fl_lossy,q_auto/p/124402861/found-fable-half-etching-metal-vase-medium.jpg",https://www.athome.com//found-fable-half-etching-metal-vase-medium/124402861.html
"Blue Glazed Ceramic Pot, 6""","https://static.athome.com/images/w_200,h_200,c_pad,f_auto,fl_lossy,q_auto/p/124340820/blue-glazed-ceramic-pot-6.jpg",https://www.athome.com//blue-glazed-ceramic-pot-6/124340820.html
"Tracey Boyd Grey Bamboo Capiz Vase, 17""","https://static.athome.com/images/w_200,h_200,c_pad,f_auto,fl_lossy,q_auto/p/124381023/tracey-boyd-grey-bamboo-capiz-vase-17.jpg",https://www.athome.com//tracey-boyd-grey-bamboo-capiz-vase-17/124381023.html
"Crosby St. Navy Blue Porcelain Vase, 7""","https://static.athome.com/images/w_200,h_200,c_pad,f_auto,fl_lossy,q_auto/p/124401135/crosby-st.-navy-blue-porcelain-vase-7.jpg",https://www.athome.com//crosby-st.-navy-blue-porcelain-vase-7/124401135.html
"Matte White Ceramic Vase, 8""","https://static.athome.com/images/w_200,h_200,c_pad,f_auto,fl_lossy,q_auto/p/124346997/matte-white-ceramic-vase-8.jpg",https://www.athome.com//matte-white-ceramic-vase-8/124346997.html
"Providence Black Helen Vase, 29""","https://static.athome.com/images/w_200,h_200,c_pad,f_auto,fl_lossy,q_auto/p/124367019/providence-black-helen-vase-29.jpg",https://www.athome.com//providence-black-helen-vase-29/124367019.html
"Katherine Turquoise Ceramic Vase, 15""","https://static.athome.com/images/w_200,h_200,c_pad,f_auto,fl_lossy,q_auto/p/124330196/katherine-turquoise-ceramic-vase-15.jpg",https://www.athome.com//katherine-turquoise-ceramic-vase-15/124330196.html
"Rhinestone Vase, 32""","https://static.athome.com/images/w_200,h_200,c_pad,f_auto,fl_lossy,q_auto/p/124350181/rhinestone-vase-32.jpg",https://www.athome.com//rhinestone-vase-32/124350181.html
"Providence Green Ceramic Vase, 9""","https://static.athome.com/images/w_200,h_200,c_pad,f_auto,fl_lossy,q_auto/p/124389070/providence-green-ceramic-vase-9.jpg",https://www.athome.com//providence-green-ceramic-vase-9/124389070.html
"Dark Green Ceramic Vase, 5""","https://static.athome.com/images/w_200,h_200,c_pad,f_auto,fl_lossy,q_auto/p/124311754/dark-green-ceramic-vase-5.jpg",https://www.athome.com//dark-green-ceramic-vase-5/124311754.html
"Brown Carved Leaf Vase, 7""","https://static.athome.com/images/w_200,h_200,c_pad,f_auto,fl_lossy,q_auto/p/124319615/brown-carved-leaf-vase-7.jpg",https://www.athome.com//brown-carved-leaf-vase-7/124319615.html
"Laila Ali Silver & White Ombre Pillar Glass Vase, 16""","https://static.athome.com/images/w_200,h_200,c_pad,f_auto,fl_lossy,q_auto/p/124346537/laila-ali-silver-white-ombre-pillar-glass-vase-16.jpg",https://www.athome.com//laila-ali-silver-white-ombre-pillar-glass-vase-16/124346537.html
"Providence Green Glass Bouquet Vase, 6.5""","https://static.athome.com/images/w_200,h_200,c_pad,f_auto,fl_lossy,q_auto/p/124378971/providence-green-glass-bouquet-vase-6.5.jpg",https://www.athome.com//providence-green-glass-bouquet-vase-6.5/124378971.html
"Brown Starburst Capiz Floor Vase, 36""","https://static.athome.com/images/w_200,h_200,c_pad,f_auto,fl_lossy,q_auto/p/124278109/brown-starburst-capiz-floor-vase-36.jpg",https://www.athome.com//brown-starburst-capiz-floor-vase-36/124278109.html
"Found & Fable White Ceramic Vase, 5""","https://static.athome.com/images/w_200,h_200,c_pad,f_auto,fl_lossy,q_auto/p/124373143/found-fable-white-ceramic-vase-5.jpg",https://www.athome.com//found-fable-white-ceramic-vase-5/124373143.html
"Providence White Ceramic Vase, 10""","https://static.athome.com/images/w_200,h_200,c_pad,f_auto,fl_lossy,q_auto/p/124377517/providence-white-ceramic-vase-10.jpg",https://www.athome.com//providence-white-ceramic-vase-10/124377517.html
"Crosby St. Curved Brown Vase, 7.5""","https://static.athome.com/images/w_200,h_200,c_pad,f_auto,fl_lossy,q_auto/p/124389152/crosby-st.-curved-brown-vase-7.5.jpg",https://www.athome.com//crosby-st.-curved-brown-vase-7.5/124389152.html
"Blue Ombre Glass Bottle, 12""","https://static.athome.com/images/w_200,h_200,c_pad,f_auto,fl_lossy,q_auto/p/124287931/blue-ombre-glass-bottle-12.jpg",https://www.athome.com//blue-ombre-glass-bottle-12/124287931.html
"Crosby St. Black Perforated Ceramic Vase, 12""","https://static.athome.com/images/w_200,h_200,c_pad,f_auto,fl_lossy,q_auto/p/124389195/crosby-st.-black-perforated-ceramic-vase-12.jpg",https://www.athome.com//crosby-st.-black-perforated-ceramic-vase-12/124389195.html
"Tracey Boyd White Ribbed Ceramic Vase, 5""","https://static.athome.com/images/w_200,h_200,c_pad,f_auto,fl_lossy,q_auto/p/124372965/tracey-boyd-white-ribbed-ceramic-vase-5.jpg",https://www.athome.com//tracey-boyd-white-ribbed-ceramic-vase-5/124372965.html
"Tracey Boyd White Ceramic Open Vase, 13.5""","https://static.athome.com/images/w_200,h_200,c_pad,f_auto,fl_lossy,q_auto/p/124330189/tracey-boyd-white-ceramic-open-vase-13.5.jpg",https://www.athome.com//tracey-boyd-white-ceramic-open-vase-13.5/124330189.html
"Brown Glass Bud Vase, 5""","https://static.athome.com/images/w_200,h_200,c_pad,f_auto,fl_lossy,q_auto/p/124389232/brown-glass-bud-vase-5.jpg",https://www.athome.com//brown-glass-bud-vase-5/124389232.html
"Providence Green Glass Bouquet Vase, 9.5""","https://static.athome.com/images/w_200,h_200,c_pad,f_auto,fl_lossy,q_auto/p/124378972/providence-green-glass-bouquet-vase-9.5.jpg",https://www.athome.com//providence-green-glass-bouquet-vase-9.5/124378972.html
"Tracey Boyd White & Tan Tribal Round Vase, 6.5""","https://static.athome.com/images/w_200,h_200,c_pad,f_auto,fl_lossy,q_auto/p/124390563/tracey-boyd-white-tan-tribal-round-vase-6.5.jpg",https://www.athome.com//tracey-boyd-white-tan-tribal-round-vase-6.5/124390563.html
"Tracey Boyd Terracotta Teardrop Vase, 10""","https://static.athome.com/images/w_200,h_200,c_pad,f_auto,fl_lossy,q_auto/p/124373002/tracey-boyd-terracotta-teardrop-vase-10.jpg",https://www.athome.com//tracey-boyd-terracotta-teardrop-vase-10/124373002.html
"Providence Blue Floral Print Vase, 12""","https://static.athome.com/images/w_200,h_200,c_pad,f_auto,fl_lossy,q_auto/p/124389054/providence-blue-floral-print-vase-12.jpg",https://www.athome.com//providence-blue-floral-print-vase-12/124389054.html
"Found & Fable Black & White Porcelain Vase, 11""","https://static.athome.com/images/w_200,h_200,c_pad,f_auto,fl_lossy,q_auto/p/124358655/found-fable-black-white-porcelain-vase-11.jpg",https://www.athome.com//found-fable-black-white-porcelain-vase-11/124358655.html
"Ty Pennington Blue Splash Ceramic Vase, 9""","https://static.athome.com/images/w_200,h_200,c_pad,f_auto,fl_lossy,q_auto/p/124362197/ty-pennington-blue-splash-ceramic-vase-9.jpg",https://www.athome.com//ty-pennington-blue-splash-ceramic-vase-9/124362197.html
"Providence Green Porcelain Vase, 9""","https://static.athome.com/images/w_200,h_200,c_pad,f_auto,fl_lossy,q_auto/p/124379087/providence-green-porcelain-vase-9.jpg",https://www.athome.com//providence-green-porcelain-vase-9/124379087.html
"Found & Fable Mercury Glass Bottle Vase with Lid, 9""","https://static.athome.com/images/w_200,h_200,c_pad,f_auto,fl_lossy,q_auto/p/124330144/found-fable-mercury-glass-bottle-vase-with-lid-9.jpg",https://www.athome.com//found-fable-mercury-glass-bottle-vase-with-lid-9/124330144.html
"Found & Fable Green Capiz Vase, 17""","https://static.athome.com/images/w_200,h_200,c_pad,f_auto,fl_lossy,q_auto/p/124391103/found-fable-green-capiz-vase-17.jpg",https://www.athome.com//found-fable-green-capiz-vase-17/124391103.html
"White Ceramic Vase, 5""","https://static.athome.com/images/w_200,h_200,c_pad,f_auto,fl_lossy,q_auto/p/124377551/white-ceramic-vase-5.jpg",https://www.athome.com//white-ceramic-vase-5/124377551.html
"Silver Mosaic Glass Vase, 14""","https://static.athome.com/images/w_200,h_200,c_pad,f_auto,fl_lossy,q_auto/p/124328946/silver-mosaic-glass-vase-14.jpg",https://www.athome.com//silver-mosaic-glass-vase-14/124328946.html
"Honeybloom Reactive Glaze Ceramic Vase, 15.2""","https://static.athome.com/images/w_200,h_200,c_pad,f_auto,fl_lossy,q_auto/p/124366980/honeybloom-reactive-glaze-ceramic-vase-15.2.jpg",https://www.athome.com//honeybloom-reactive-glaze-ceramic-vase-15.2/124366980.html
"Willow Crossley White Ceramic Pie Crust Edge Compote, 10.5""","https://static.athome.com/images/w_200,h_200,c_pad,f_auto,fl_lossy,q_auto/p/124373319/willow-crossley-white-ceramic-pie-crust-edge-compote-10.5.jpg",https://www.athome.com//willow-crossley-white-ceramic-pie-crust-edge-compote-10.5/124373319.html
"Brown Ceramic Vase, 10""","https://static.athome.com/images/w_200,h_200,c_pad,f_auto,fl_lossy,q_auto/p/124402618/brown-ceramic-vase-10.jpg",https://www.athome.com//brown-ceramic-vase-10/124402618.html
"Ivory Floral Metal Vase, 14.5""","https://static.athome.com/images/w_200,h_200,c_pad,f_auto,fl_lossy,q_auto/p/124314135/ivory-floral-metal-vase-14.5.jpg",https://www.athome.com//ivory-floral-metal-vase-14.5/124314135.html
"Tracey Boyd Green Porcelain Vase with Handles, 13""","https://static.athome.com/images/w_200,h_200,c_pad,f_auto,fl_lossy,q_auto/p/124361966/tracey-boyd-green-porcelain-vase-with-handles-13.jpg",https://www.athome.com//tracey-boyd-green-porcelain-vase-with-handles-13/124361966.html
"Spanish Glass Grafic Vase, 13""","https://static.athome.com/images/w_200,h_200,c_pad,f_auto,fl_lossy,q_auto/p/124361625/spanish-glass-grafic-vase-13.jpg",https://www.athome.com//spanish-glass-grafic-vase-13/124361625.html
"Providence Blue Porcelain Vase, 14""","https://static.athome.com/images/w_200,h_200,c_pad,f_auto,fl_lossy,q_auto/p/124379086/providence-blue-porcelain-vase-14.jpg",https://www.athome.com//providence-blue-porcelain-vase-14/124379086.html
"Laila Ali Matte Black Ceramic Geo Vase, 4""","https://static.athome.com/images/w_200,h_200,c_pad,f_auto,fl_lossy,q_auto/p/124340281/laila-ali-matte-black-ceramic-geo-vase-4.jpg",https://www.athome.com//laila-ali-matte-black-ceramic-geo-vase-4/124340281.html
"Neutral Crackle Ceramic Vase, 9.5""","https://static.athome.com/images/w_200,h_200,c_pad,f_auto,fl_lossy,q_auto/p/124279343/neutral-crackle-ceramic-vase-9.5.jpg",https://www.athome.com//neutral-crackle-ceramic-vase-9.5/124279343.html
"Honeybloom Pink & White Floral Design Vase, 10""","https://static.athome.com/images/w_200,h_200,c_pad,f_auto,fl_lossy,q_auto/p/124376787/honeybloom-pink-white-floral-design-vase-10.jpg",https://www.athome.com//honeybloom-pink-white-floral-design-vase-10/124376787.html
"Pink Glass Bud Vase, 5""","https://static.athome.com/images/w_200,h_200,c_pad,f_auto,fl_lossy,q_auto/p/124389233/pink-glass-bud-vase-5.jpg",https://www.athome.com//pink-glass-bud-vase-5/124389233.html
"Teal Swirl Bud Glass Vase, 4""","https://static.athome.com/images/w_200,h_200,c_pad,f_auto,fl_lossy,q_auto/p/124313119/teal-swirl-bud-glass-vase-4.jpg",https://www.athome.com//teal-swirl-bud-glass-vase-4/124313119.html
"Honeybloom Green Drip Glaze Vase, 11""","https://static.athome.com/images/w_200,h_200,c_pad,f_auto,fl_lossy,q_auto/p/124389344/honeybloom-green-drip-glaze-vase-11.jpg",https://www.athome.com//honeybloom-green-drip-glaze-vase-11/124389344.html
"Green Fluted Ceramic Bud Vase, 5""","https://static.athome.com/images/w_200,h_200,c_pad,f_auto,fl_lossy,q_auto/p/124389251/green-fluted-ceramic-bud-vase-5.jpg",https://www.athome.com//green-fluted-ceramic-bud-vase-5/124389251.html
"Ty Pennington Blue Art Glass Vase, 8.3""","https://static.athome.com/images/w_200,h_200,c_pad,f_auto,fl_lossy,q_auto/p/124362304/ty-pennington-blue-art-glass-vase-8.3.jpg",https://www.athome.com//ty-pennington-blue-art-glass-vase-8.3/124362304.html
"Black Glass Vase, 6.5""","https://static.athome.com/images/w_200,h_200,c_pad,f_auto,fl_lossy,q_auto/p/124345783/black-glass-vase-6.5.jpg",https://www.athome.com//black-glass-vase-6.5/124345783.html
Remi Vase 10In Polished Silver,"https://static.athome.com/images/w_200,h_200,c_pad,f_auto,fl_lossy,q_auto/p/124399857/remi-vase-10in-polished-silver.jpg",https://www.athome.com//remi-vase-10in-polished-silver/124399857.html
"Ceramic Vase, 14""","https://static.athome.com/images/w_200,h_200,c_pad,f_auto,fl_lossy,q_auto/p/124358354/ceramic-vase-14.jpg",https://www.athome.com//ceramic-vase-14/124358354.html
"Tracey Boyd White Faux Wood Vase, 14""","https://static.athome.com/images/w_200,h_200,c_pad,f_auto,fl_lossy,q_auto/p/124320325/tracey-boyd-white-faux-wood-vase-14.jpg",https://www.athome.com//tracey-boyd-white-faux-wood-vase-14/124320325.html
"Silver Metal Floor Vase, 30""","https://static.athome.com/images/w_200,h_200,c_pad,f_auto,fl_lossy,q_auto/p/124349245/silver-metal-floor-vase-30.jpg",https://www.athome.com//silver-metal-floor-vase-30/124349245.html
"Providence Green Bondo Vase, 21""","https://static.athome.com/images/w_200,h_200,c_pad,f_auto,fl_lossy,q_auto/p/124393100/providence-green-bondo-vase-21.jpg",https://www.athome.com//providence-green-bondo-vase-21/124393100.html
"Spanish Glass Grafic Vase, 9""","https://static.athome.com/images/w_200,h_200,c_pad,f_auto,fl_lossy,q_auto/p/124361626/spanish-glass-grafic-vase-9.jpg",https://www.athome.com//spanish-glass-grafic-vase-9/124361626.html
"Found & Fable White & Brown Ceramic Vase, 11""","https://static.athome.com/images/w_200,h_200,c_pad,f_auto,fl_lossy,q_auto/p/124373183/found-fable-white-brown-ceramic-vase-11.jpg",https://www.athome.com//found-fable-white-brown-ceramic-vase-11/124373183.html
"Providence Red Ceramic Vase, 11.5""","https://static.athome.com/images/w_200,h_200,c_pad,f_auto,fl_lossy,q_auto/p/124399765/providence-red-ceramic-vase-11.5.jpg",https://www.athome.com//providence-red-ceramic-vase-11.5/124399765.html
"Providence Floral Metal Vase, 10.5""","https://static.athome.com/images/w_200,h_200,c_pad,f_auto,fl_lossy,q_auto/p/124399778/providence-floral-metal-vase-10.5.jpg",https://www.athome.com//providence-floral-metal-vase-10.5/124399778.html
"Ty Pennington White Embossed Ceramic Vase, 7""","https://static.athome.com/images/w_200,h_200,c_pad,f_auto,fl_lossy,q_auto/p/124390534/ty-pennington-white-embossed-ceramic-vase-7.jpg",https://www.athome.com//ty-pennington-white-embossed-ceramic-vase-7/124390534.html
"Spanish Glass Carafe Vase, 22""","https://static.athome.com/images/w_200,h_200,c_pad,f_auto,fl_lossy,q_auto/p/124361621/spanish-glass-carafe-vase-22.jpg",https://www.athome.com//spanish-glass-carafe-vase-22/124361621.html
"Yellow & White Striped Ceramic Vase, 5""","https://static.athome.com/images/w_200,h_200,c_pad,f_auto,fl_lossy,q_auto/p/124301483/yellow-white-striped-ceramic-vase-5.jpg",https://www.athome.com//yellow-white-striped-ceramic-vase-5/124301483.html
"Tracey Boyd Blue Ceramic Vase, 5""","https://static.athome.com/images/w_200,h_200,c_pad,f_auto,fl_lossy,q_auto/p/124353102/tracey-boyd-blue-ceramic-vase-5.jpg",https://www.athome.com//tracey-boyd-blue-ceramic-vase-5/124353102.html
"Providence Green Bondo Vase, 18""","https://static.athome.com/images/w_200,h_200,c_pad,f_auto,fl_lossy,q_auto/p/124393101/providence-green-bondo-vase-18.jpg",https://www.athome.com//providence-green-bondo-vase-18/124393101.html
"Crosby St. Navy Blue Porcelain Vase, 11""","https://static.athome.com/images/w_200,h_200,c_pad,f_auto,fl_lossy,q_auto/p/124401136/crosby-st.-navy-blue-porcelain-vase-11.jpg",https://www.athome.com//crosby-st.-navy-blue-porcelain-vase-11/124401136.html
"Brown & White Ribbed Jug Vase, 9""","https://static.athome.com/images/w_200,h_200,c_pad,f_auto,fl_lossy,q_auto/p/124378921/brown-white-ribbed-jug-vase-9.jpg",https://www.athome.com//brown-white-ribbed-jug-vase-9/124378921.html
"Tracy Boyd Matte White Winged Vase, 11""","https://static.athome.com/images/w_200,h_200,c_pad,f_auto,fl_lossy,q_auto/p/124390607/tracy-boyd-matte-white-winged-vase-11.jpg",https://www.athome.com//tracy-boyd-matte-white-winged-vase-11/124390607.html
"Found & Fable Brown Reactive Glaze Ceramic Vase, 12""","https://static.athome.com/images/w_200,h_200,c_pad,f_auto,fl_lossy,q_auto/p/124373138/found-fable-brown-reactive-glaze-ceramic-vase-12.jpg",https://www.athome.com//found-fable-brown-reactive-glaze-ceramic-vase-12/124373138.html
"Tracey Boyd Blue Ceramic Vase, 4""","https://static.athome.com/images/w_200,h_200,c_pad,f_auto,fl_lossy,q_auto/p/124353104/tracey-boyd-blue-ceramic-vase-4.jpg",https://www.athome.com//tracey-boyd-blue-ceramic-vase-4/124353104.html
"Crosby St. Grey Painted Ceramic Vase, 15""","https://static.athome.com/images/w_200,h_200,c_pad,f_auto,fl_lossy,q_auto/p/124319590/crosby-st.-grey-painted-ceramic-vase-15.jpg",https://www.athome.com//crosby-st.-grey-painted-ceramic-vase-15/124319590.html
"Found & Fable White Ribbed Ceramic Vase, 9""","https://static.athome.com/images/w_200,h_200,c_pad,f_auto,fl_lossy,q_auto/p/124372957/found-fable-white-ribbed-ceramic-vase-9.jpg",https://www.athome.com//found-fable-white-ribbed-ceramic-vase-9/124372957.html
3X5 Black Ceramic Vase,"https://static.athome.com/images/w_200,h_200,c_pad,f_auto,fl_lossy,q_auto/p/124373103/3x5-black-ceramic-vase.jpg",https://www.athome.com//3x5-black-ceramic-vase/124373103.html
"Distressed Mercury Glass Bottle Vase, 8""","https://static.athome.com/images/w_200,h_200,c_pad,f_auto,fl_lossy,q_auto/p/124314174/distressed-mercury-glass-bottle-vase-8.jpg",https://www.athome.com//distressed-mercury-glass-bottle-vase-8/124314174.html
"Providence Blue Frit Glass Vase, 9""","https://static.athome.com/images/w_200,h_200,c_pad,f_auto,fl_lossy,q_auto/p/124399768/providence-blue-frit-glass-vase-9.jpg",https://www.athome.com//providence-blue-frit-glass-vase-9/124399768.html
"Crosby St. Addison White Ceramic Vase, 31""","https://static.athome.com/images/w_200,h_200,c_pad,f_auto,fl_lossy,q_auto/p/124401694/crosby-st.-addison-white-ceramic-vase-31.jpg",https://www.athome.com//crosby-st.-addison-white-ceramic-vase-31/124401694.html
"Providence White Cutout Ceramic Ginger Jar, 14.6""","https://static.athome.com/images/w_200,h_200,c_pad,f_auto,fl_lossy,q_auto/p/124389106/providence-white-cutout-ceramic-ginger-jar-14.6.jpg",https://www.athome.com//providence-white-cutout-ceramic-ginger-jar-14.6/124389106.html
"Ceramic Vase, 10""","https://static.athome.com/images/w_200,h_200,c_pad,f_auto,fl_lossy,q_auto/p/124358351/ceramic-vase-10.jpg",https://www.athome.com//ceramic-vase-10/124358351.html
"Honeybloom White Ceramic Vase, 4""","https://static.athome.com/images/w_200,h_200,c_pad,f_auto,fl_lossy,q_auto/p/124346575/honeybloom-white-ceramic-vase-4.jpg",https://www.athome.com//honeybloom-white-ceramic-vase-4/124346575.html
"Recycled Glass Jug Vase, 29""","https://static.athome.com/images/w_200,h_200,c_pad,f_auto,fl_lossy,q_auto/p/124379608/recycled-glass-jug-vase-29.jpg",https://www.athome.com//recycled-glass-jug-vase-29/124379608.html
"Tracey Boyd Grey Bamboo Capiz Teardrop Vase, 24""","https://static.athome.com/images/w_200,h_200,c_pad,f_auto,fl_lossy,q_auto/p/124381020/tracey-boyd-grey-bamboo-capiz-teardrop-vase-24.jpg",https://www.athome.com//tracey-boyd-grey-bamboo-capiz-teardrop-vase-24/124381020.html
"Green Glass Bud Vase, 5""","https://static.athome.com/images/w_200,h_200,c_pad,f_auto,fl_lossy,q_auto/p/124389221/green-glass-bud-vase-5.jpg",https://www.athome.com//green-glass-bud-vase-5/124389221.html
"Providence Blue Ceramic Jar, 12""","https://static.athome.com/images/w_200,h_200,c_pad,f_auto,fl_lossy,q_auto/p/124377515/providence-blue-ceramic-jar-12.jpg",https://www.athome.com//providence-blue-ceramic-jar-12/124377515.html
"Gold Mosaic Vase, 18""","https://static.athome.com/images/w_200,h_200,c_pad,f_auto,fl_lossy,q_auto/p/124339946/gold-mosaic-vase-18.jpg",https://www.athome.com//gold-mosaic-vase-18/124339946.html
"Katherine Matte Black Vase, 8""","https://static.athome.com/images/w_200,h_200,c_pad,f_auto,fl_lossy,q_auto/p/124346584/katherine-matte-black-vase-8.jpg",https://www.athome.com//katherine-matte-black-vase-8/124346584.html
"Tracey Boyd Metallic Pewter Ceramic Vase, 10""","https://static.athome.com/images/w_200,h_200,c_pad,f_auto,fl_lossy,q_auto/p/124381297/tracey-boyd-metallic-pewter-ceramic-vase-10.jpg",https://www.athome.com//tracey-boyd-metallic-pewter-ceramic-vase-10/124381297.html
"Distressed Mercury Glass Bottle Vase, 10""","https://static.athome.com/images/w_200,h_200,c_pad,f_auto,fl_lossy,q_auto/p/124314173/distressed-mercury-glass-bottle-vase-10.jpg",https://www.athome.com//distressed-mercury-glass-bottle-vase-10/124314173.html
Remi Vase 6In White,"https://static.athome.com/images/w_200,h_200,c_pad,f_auto,fl_lossy,q_auto/p/124399858/remi-vase-6in-white.jpg",https://www.athome.com//remi-vase-6in-white/124399858.html
"Black Bamboo Vase, 15""","https://static.athome.com/images/w_200,h_200,c_pad,f_auto,fl_lossy,q_auto/p/124357085/black-bamboo-vase-15.jpg",https://www.athome.com//black-bamboo-vase-15/124357085.html
Ty Pennington 10In Blue Reactive Glaze Vase,"https://static.athome.com/images/w_200,h_200,c_pad,f_auto,fl_lossy,q_auto/p/124361867/ty-pennington-10in-blue-reactive-glaze-vase.jpg",https://www.athome.com//ty-pennington-10in-blue-reactive-glaze-vase/124361867.html
"React Glazed Ceramic Vase, 9""","https://static.athome.com/images/w_200,h_200,c_pad,f_auto,fl_lossy,q_auto/p/124340819/react-glazed-ceramic-vase-9.jpg",https://www.athome.com//react-glazed-ceramic-vase-9/124340819.html
"Matte Black Glass Vase, 9""","https://static.athome.com/images/w_200,h_200,c_pad,f_auto,fl_lossy,q_auto/p/124367993/matte-black-glass-vase-9.jpg",https://www.athome.com//matte-black-glass-vase-9/124367993.html
"Ty Pennington White Embossed Ceramic Vase, 12""","https://static.athome.com/images/w_200,h_200,c_pad,f_auto,fl_lossy,q_auto/p/124390535/ty-pennington-white-embossed-ceramic-vase-12.jpg",https://www.athome.com//ty-pennington-white-embossed-ceramic-vase-12/124390535.html
"Ty Pennington White Ribbed Ceramic Vase, 10""","https://static.athome.com/images/w_200,h_200,c_pad,f_auto,fl_lossy,q_auto/p/124390515/ty-pennington-white-ribbed-ceramic-vase-10.jpg",https://www.athome.com//ty-pennington-white-ribbed-ceramic-vase-10/124390515.html
"Brown Striped White Ceramic Vase, 7.5""","https://static.athome.com/images/w_200,h_200,c_pad,f_auto,fl_lossy,q_auto/p/124318180/brown-striped-white-ceramic-vase-7.5.jpg",https://www.athome.com//brown-striped-white-ceramic-vase-7.5/124318180.html
"Tracey Boyd White Ceramic Open Vase, 8""","https://static.athome.com/images/w_200,h_200,c_pad,f_auto,fl_lossy,q_auto/p/124330191/tracey-boyd-white-ceramic-open-vase-8.jpg",https://www.athome.com//tracey-boyd-white-ceramic-open-vase-8/124330191.html
"Honeybloom Brown Ceramic Vase, 7.5""","https://static.athome.com/images/w_200,h_200,c_pad,f_auto,fl_lossy,q_auto/p/124399945/honeybloom-brown-ceramic-vase-7.5.jpg",https://www.athome.com//honeybloom-brown-ceramic-vase-7.5/124399945.html
"Ty Pennington Silver Ceramic Vase, 10""","https://static.athome.com/images/w_200,h_200,c_pad,f_auto,fl_lossy,q_auto/p/124373049/ty-pennington-silver-ceramic-vase-10.jpg",https://www.athome.com//ty-pennington-silver-ceramic-vase-10/124373049.html
"Blue Ceramic Vase, 8""","https://static.athome.com/images/w_200,h_200,c_pad,f_auto,fl_lossy,q_auto/p/124325636/blue-ceramic-vase-8.jpg",https://www.athome.com//blue-ceramic-vase-8/124325636.html
"Honeybloom Brown Long Neck Ceramic Vase, 9.5""","https://static.athome.com/images/w_200,h_200,c_pad,f_auto,fl_lossy,q_auto/p/124399944/honeybloom-brown-long-neck-ceramic-vase-9.5.jpg",https://www.athome.com//honeybloom-brown-long-neck-ceramic-vase-9.5/124399944.html
"Tracey Boyd White Ribbed Ceramic Vase, 6.5""","https://static.athome.com/images/w_200,h_200,c_pad,f_auto,fl_lossy,q_auto/p/124372964/tracey-boyd-white-ribbed-ceramic-vase-6.5.jpg",https://www.athome.com//tracey-boyd-white-ribbed-ceramic-vase-6.5/124372964.html
"Brown Speckled Ceramic Vase, 8""","https://static.athome.com/images/w_200,h_200,c_pad,f_auto,fl_lossy,q_auto/p/124389390/brown-speckled-ceramic-vase-8.jpg",https://www.athome.com//brown-speckled-ceramic-vase-8/124389390.html
"Purple Glass Vase, 9""","https://static.athome.com/images/w_200,h_200,c_pad,f_auto,fl_lossy,q_auto/p/124331963/purple-glass-vase-9.jpg",https://www.athome.com//purple-glass-vase-9/124331963.html
"Blue Glass Bud Vase, 5""","https://static.athome.com/images/w_200,h_200,c_pad,f_auto,fl_lossy,q_auto/p/124389234/blue-glass-bud-vase-5.jpg",https://www.athome.com//blue-glass-bud-vase-5/124389234.html
"Gold Mosaic Vase, 14""","https://static.athome.com/images/w_200,h_200,c_pad,f_auto,fl_lossy,q_auto/p/124339947/gold-mosaic-vase-14.jpg",https://www.athome.com//gold-mosaic-vase-14/124339947.html
"Honeybloom White Glazed Bottle Vase, 16.5""","https://static.athome.com/images/w_200,h_200,c_pad,f_auto,fl_lossy,q_auto/p/124389370/honeybloom-white-glazed-bottle-vase-16.5.jpg",https://www.athome.com//honeybloom-white-glazed-bottle-vase-16.5/124389370.html
"Distressed White Metal Vase, 21""","https://static.athome.com/images/w_200,h_200,c_pad,f_auto,fl_lossy,q_auto/p/124290527/distressed-white-metal-vase-21.jpg",https://www.athome.com//distressed-white-metal-vase-21/124290527.html
"Willow Crossley White Ribbed Pie Crust Rim Ceramic Vase, 5""","https://static.athome.com/images/w_200,h_200,c_pad,f_auto,fl_lossy,q_auto/p/124373947/willow-crossley-white-ribbed-pie-crust-rim-ceramic-vase-5.jpg",https://www.athome.com//willow-crossley-white-ribbed-pie-crust-rim-ceramic-vase-5/124373947.html
"Honeybloom Floral Pink Vase, 8""","https://static.athome.com/images/w_200,h_200,c_pad,f_auto,fl_lossy,q_auto/p/124376785/honeybloom-floral-pink-vase-8.jpg",https://www.athome.com//honeybloom-floral-pink-vase-8/124376785.html
"Matte White Ceramic Vase, 16""","https://static.athome.com/images/w_200,h_200,c_pad,f_auto,fl_lossy,q_auto/p/124346940/matte-white-ceramic-vase-16.jpg",https://www.athome.com//matte-white-ceramic-vase-16/124346940.html
"White & Gold Metal Vase, 8""","https://static.athome.com/images/w_200,h_200,c_pad,f_auto,fl_lossy,q_auto/p/124305600/white-gold-metal-vase-8.jpg",https://www.athome.com//white-gold-metal-vase-8/124305600.html
"Laila Ali Smoke Ombre Glass Vase, 9""","https://static.athome.com/images/w_200,h_200,c_pad,f_auto,fl_lossy,q_auto/p/124340042/laila-ali-smoke-ombre-glass-vase-9.jpg",https://www.athome.com//laila-ali-smoke-ombre-glass-vase-9/124340042.html
"Crosby St. White & Brown Reactive Ceramic Vase, 7""","https://static.athome.com/images/w_200,h_200,c_pad,f_auto,fl_lossy,q_auto/p/124319593/crosby-st.-white-brown-reactive-ceramic-vase-7.jpg",https://www.athome.com//crosby-st.-white-brown-reactive-ceramic-vase-7/124319593.html
"Pink Glass Bud Vase, 7""","https://static.athome.com/images/w_200,h_200,c_pad,f_auto,fl_lossy,q_auto/p/124389228/pink-glass-bud-vase-7.jpg",https://www.athome.com//pink-glass-bud-vase-7/124389228.html
"Found & Fable Black Metal Vase, 24""","https://static.athome.com/images/w_200,h_200,c_pad,f_auto,fl_lossy,q_auto/p/124373152/found-fable-black-metal-vase-24.jpg",https://www.athome.com//found-fable-black-metal-vase-24/124373152.html
"Honeybloom Reactive Glaze Ceramic Vase, 10""","https://static.athome.com/images/w_200,h_200,c_pad,f_auto,fl_lossy,q_auto/p/124366978/honeybloom-reactive-glaze-ceramic-vase-10.jpg",https://www.athome.com//honeybloom-reactive-glaze-ceramic-vase-10/124366978.html
"Tracey Boyd Bronze Metal Bowl, 7""","https://static.athome.com/images/w_200,h_200,c_pad,f_auto,fl_lossy,q_auto/p/124361540/tracey-boyd-bronze-metal-bowl-7.jpg",https://www.athome.com//tracey-boyd-bronze-metal-bowl-7/124361540.html
"Found & Fable Brown & White Ceramic Vase, 9""","https://static.athome.com/images/w_200,h_200,c_pad,f_auto,fl_lossy,q_auto/p/124366964/found-fable-brown-white-ceramic-vase-9.jpg",https://www.athome.com//found-fable-brown-white-ceramic-vase-9/124366964.html
"Matte Black Ceramic Vase, 8""","https://static.athome.com/images/w_200,h_200,c_pad,f_auto,fl_lossy,q_auto/p/124346944/matte-black-ceramic-vase-8.jpg",https://www.athome.com//matte-black-ceramic-vase-8/124346944.html
"Grey Embossed Bud Glass Vase, 5""","https://static.athome.com/images/w_200,h_200,c_pad,f_auto,fl_lossy,q_auto/p/124340540/grey-embossed-bud-glass-vase-5.jpg",https://www.athome.com//grey-embossed-bud-glass-vase-5/124340540.html
"Black & Grey Mosaic Glass Vase, 12.5""","https://static.athome.com/images/w_200,h_200,c_pad,f_auto,fl_lossy,q_auto/p/124263796/black-grey-mosaic-glass-vase-12.5.jpg",https://www.athome.com//black-grey-mosaic-glass-vase-12.5/124263796.html
"Blue Ombre Glass Bottle Vase, 15""","https://static.athome.com/images/w_200,h_200,c_pad,f_auto,fl_lossy,q_auto/p/124287933/blue-ombre-glass-bottle-vase-15.jpg",https://www.athome.com//blue-ombre-glass-bottle-vase-15/124287933.html
"Honeybloom Pink Ceramic Vase, 9""","https://static.athome.com/images/w_200,h_200,c_pad,f_auto,fl_lossy,q_auto/p/124378581/honeybloom-pink-ceramic-vase-9.jpg",https://www.athome.com//honeybloom-pink-ceramic-vase-9/124378581.html
"Ty Pennington Blue Reactive Glaze Ceramic Vase, 10""","https://static.athome.com/images/w_200,h_200,c_pad,f_auto,fl_lossy,q_auto/p/124372931/ty-pennington-blue-reactive-glaze-ceramic-vase-10.jpg",https://www.athome.com//ty-pennington-blue-reactive-glaze-ceramic-vase-10/124372931.html
"Found & Fable Vase, 10""","https://static.athome.com/images/w_200,h_200,c_pad,f_auto,fl_lossy,q_auto/p/124358656/found-fable-vase-10.jpg",https://www.athome.com//found-fable-vase-10/124358656.html
"Tracey Boyd Yellow Glass Vase, 6""","https://static.athome.com/images/w_200,h_200,c_pad,f_auto,fl_lossy,q_auto/p/124352335/tracey-boyd-yellow-glass-vase-6.jpg",https://www.athome.com//tracey-boyd-yellow-glass-vase-6/124352335.html
"Honeybloom Reactive Glaze Ceramic Vase, 4.5""","https://static.athome.com/images/w_200,h_200,c_pad,f_auto,fl_lossy,q_auto/p/124366979/honeybloom-reactive-glaze-ceramic-vase-4.5.jpg",https://www.athome.com//honeybloom-reactive-glaze-ceramic-vase-4.5/124366979.html
"Found & Fable White Washed Terracotta Vase, 12""","https://static.athome.com/images/w_200,h_200,c_pad,f_auto,fl_lossy,q_auto/p/124379597/found-fable-white-washed-terracotta-vase-12.jpg",https://www.athome.com//found-fable-white-washed-terracotta-vase-12/124379597.html
"Tracey Boyd Black & White Ceramic Vase, 5""","https://static.athome.com/images/w_200,h_200,c_pad,f_auto,fl_lossy,q_auto/p/124372998/tracey-boyd-black-white-ceramic-vase-5.jpg",https://www.athome.com//tracey-boyd-black-white-ceramic-vase-5/124372998.html
"Providence Marbled Ceramic Vase, 12""","https://static.athome.com/images/w_200,h_200,c_pad,f_auto,fl_lossy,q_auto/p/124366739/providence-marbled-ceramic-vase-12.jpg",https://www.athome.com//providence-marbled-ceramic-vase-12/124366739.html
"Ty Pennington White Speckled Clay Vase, 9.8""","https://static.athome.com/images/w_200,h_200,c_pad,f_auto,fl_lossy,q_auto/p/124361546/ty-pennington-white-speckled-clay-vase-9.8.jpg",https://www.athome.com//ty-pennington-white-speckled-clay-vase-9.8/124361546.html
"Metallic Goblet Vase, 16""","https://static.athome.com/images/w_200,h_200,c_pad,f_auto,fl_lossy,q_auto/p/124346063/metallic-goblet-vase-16.jpg",https://www.athome.com//metallic-goblet-vase-16/124346063.html
"Found & Fable Brown Reactive Glaze Ceramic Vase, 7""","https://static.athome.com/images/w_200,h_200,c_pad,f_auto,fl_lossy,q_auto/p/124373140/found-fable-brown-reactive-glaze-ceramic-vase-7.jpg",https://www.athome.com//found-fable-brown-reactive-glaze-ceramic-vase-7/124373140.html
"Brown Ribbed Glass Vase, 8""","https://static.athome.com/images/w_200,h_200,c_pad,f_auto,fl_lossy,q_auto/p/124362430/brown-ribbed-glass-vase-8.jpg",https://www.athome.com//brown-ribbed-glass-vase-8/124362430.html
"Grey Ceramic Vase, 16""","https://static.athome.com/images/w_200,h_200,c_pad,f_auto,fl_lossy,q_auto/p/124225773/grey-ceramic-vase-16.jpg",https://www.athome.com//grey-ceramic-vase-16/124225773.html
"Ty Pennington Frosted Turquoise Glass Vase, 6""","https://static.athome.com/images/w_200,h_200,c_pad,f_auto,fl_lossy,q_auto/p/124353038/ty-pennington-frosted-turquoise-glass-vase-6.jpg",https://www.athome.com//ty-pennington-frosted-turquoise-glass-vase-6/124353038.html
"Pink Glass Decanter Vase, 8""","https://static.athome.com/images/w_200,h_200,c_pad,f_auto,fl_lossy,q_auto/p/124331965/pink-glass-decanter-vase-8.jpg",https://www.athome.com//pink-glass-decanter-vase-8/124331965.html
"Laila Ali Smoke Grey Ombre Glass Vase, 11""","https://static.athome.com/images/w_200,h_200,c_pad,f_auto,fl_lossy,q_auto/p/124340041/laila-ali-smoke-grey-ombre-glass-vase-11.jpg",https://www.athome.com//laila-ali-smoke-grey-ombre-glass-vase-11/124340041.html
"Blue Glass Dot Bud Vase, 5.5""","https://static.athome.com/images/w_200,h_200,c_pad,f_auto,fl_lossy,q_auto/p/124389215/blue-glass-dot-bud-vase-5.5.jpg",https://www.athome.com//blue-glass-dot-bud-vase-5.5/124389215.html
"Ty Pennington Frosted Turquoise Glass Vase, 9""","https://static.athome.com/images/w_200,h_200,c_pad,f_auto,fl_lossy,q_auto/p/124353036/ty-pennington-frosted-turquoise-glass-vase-9.jpg",https://www.athome.com//ty-pennington-frosted-turquoise-glass-vase-9/124353036.html
"Found & Fable Natural Seagrass Vase, 20""","https://static.athome.com/images/w_200,h_200,c_pad,f_auto,fl_lossy,q_auto/p/124373159/found-fable-natural-seagrass-vase-20.jpg",https://www.athome.com//found-fable-natural-seagrass-vase-20/124373159.html
"Found & Fable Black & White Geometric Design Ceramic Vase, 8""","https://static.athome.com/images/w_200,h_200,c_pad,f_auto,fl_lossy,q_auto/p/124358727/found-fable-black-white-geometric-design-ceramic-vase-8.jpg",https://www.athome.com//found-fable-black-white-geometric-design-ceramic-vase-8/124358727.html
"Blue Ombre Metal Floor Vase, 36""","https://static.athome.com/images/w_200,h_200,c_pad,f_auto,fl_lossy,q_auto/p/124349203/blue-ombre-metal-floor-vase-36.jpg",https://www.athome.com//blue-ombre-metal-floor-vase-36/124349203.html
"Brown Diamond Ceramic Vase, 13""","https://static.athome.com/images/w_200,h_200,c_pad,f_auto,fl_lossy,q_auto/p/124330848/brown-diamond-ceramic-vase-13.jpg",https://www.athome.com//brown-diamond-ceramic-vase-13/124330848.html
"Honeybloom Blue & White Floral Design Vase, 7""","https://static.athome.com/images/w_200,h_200,c_pad,f_auto,fl_lossy,q_auto/p/124376788/honeybloom-blue-white-floral-design-vase-7.jpg",https://www.athome.com//honeybloom-blue-white-floral-design-vase-7/124376788.html
"Green Striped Glass Bud Vase, 5""","https://static.athome.com/images/w_200,h_200,c_pad,f_auto,fl_lossy,q_auto/p/124389127/green-striped-glass-bud-vase-5.jpg",https://www.athome.com//green-striped-glass-bud-vase-5/124389127.html
"Providence Black & Gold Stacked Orb Vase, 14.5""","https://static.athome.com/images/w_200,h_200,c_pad,f_auto,fl_lossy,q_auto/p/124366558/providence-black-gold-stacked-orb-vase-14.5.jpg",https://www.athome.com//providence-black-gold-stacked-orb-vase-14.5/124366558.html
"Crosby St. White & Brown Reactive Ceramic Vase, 12""","https://static.athome.com/images/w_200,h_200,c_pad,f_auto,fl_lossy,q_auto/p/124319595/crosby-st.-white-brown-reactive-ceramic-vase-12.jpg",https://www.athome.com//crosby-st.-white-brown-reactive-ceramic-vase-12/124319595.html
"Yellow & White Striped Ceramic Vase, 6""","https://static.athome.com/images/w_200,h_200,c_pad,f_auto,fl_lossy,q_auto/p/124301482/yellow-white-striped-ceramic-vase-6.jpg",https://www.athome.com//yellow-white-striped-ceramic-vase-6/124301482.html
"Found & Fable Ceramic Vase, 10""","https://static.athome.com/images/w_200,h_200,c_pad,f_auto,fl_lossy,q_auto/p/124358652/found-fable-ceramic-vase-10.jpg",https://www.athome.com//found-fable-ceramic-vase-10/124358652.html
"Laila Ali Black Swirled Round Glass Vase, 8""","https://static.athome.com/images/w_200,h_200,c_pad,f_auto,fl_lossy,q_auto/p/124335598/laila-ali-black-swirled-round-glass-vase-8.jpg",https://www.athome.com//laila-ali-black-swirled-round-glass-vase-8/124335598.html
"Katherine Grey Ceramic Vase, 12""","https://static.athome.com/images/w_200,h_200,c_pad,f_auto,fl_lossy,q_auto/p/124340071/katherine-grey-ceramic-vase-12.jpg",https://www.athome.com//katherine-grey-ceramic-vase-12/124340071.html
"Blue Striped Glass Bud Vase, 4""","https://static.athome.com/images/w_200,h_200,c_pad,f_auto,fl_lossy,q_auto/p/124389217/blue-striped-glass-bud-vase-4.jpg",https://www.athome.com//blue-striped-glass-bud-vase-4/124389217.html
"Tracey Boyd Black Metal Vase, 6""","https://static.athome.com/images/w_200,h_200,c_pad,f_auto,fl_lossy,q_auto/p/124373024/tracey-boyd-black-metal-vase-6.jpg",https://www.athome.com//tracey-boyd-black-metal-vase-6/124373024.html
"Tracey Boyd Black & White Ceramic Vase, 6""","https://static.athome.com/images/w_200,h_200,c_pad,f_auto,fl_lossy,q_auto/p/124372996/tracey-boyd-black-white-ceramic-vase-6.jpg",https://www.athome.com//tracey-boyd-black-white-ceramic-vase-6/124372996.html
"Green Glass Bud Vase, 6""","https://static.athome.com/images/w_200,h_200,c_pad,f_auto,fl_lossy,q_auto/p/124389226/green-glass-bud-vase-6.jpg",https://www.athome.com//green-glass-bud-vase-6/124389226.html
"Ty Pennington Terracotta Rattan Vase, 9.8""","https://static.athome.com/images/w_200,h_200,c_pad,f_auto,fl_lossy,q_auto/p/124374176/ty-pennington-terracotta-rattan-vase-9.8.jpg",https://www.athome.com//ty-pennington-terracotta-rattan-vase-9.8/124374176.html
"Found & Fable Black Metal Vase, 27""","https://static.athome.com/images/w_200,h_200,c_pad,f_auto,fl_lossy,q_auto/p/124373151/found-fable-black-metal-vase-27.jpg",https://www.athome.com//found-fable-black-metal-vase-27/124373151.html
"Tracey Boyd Black Spiraling Vase, 14""","https://static.athome.com/images/w_200,h_200,c_pad,f_auto,fl_lossy,q_auto/p/124367528/tracey-boyd-black-spiraling-vase-14.jpg",https://www.athome.com//tracey-boyd-black-spiraling-vase-14/124367528.html
"Brown Ceramic Vase, 10""","https://static.athome.com/images/w_200,h_200,c_pad,f_auto,fl_lossy,q_auto/p/124330167/brown-ceramic-vase-10.jpg",https://www.athome.com//brown-ceramic-vase-10/124330167.html
"Brown Diamond Ceramic Vase, 9.5""","https://static.athome.com/images/w_200,h_200,c_pad,f_auto,fl_lossy,q_auto/p/124330847/brown-diamond-ceramic-vase-9.5.jpg",https://www.athome.com//brown-diamond-ceramic-vase-9.5/124330847.html
"Ty Pennington Blue Reactive Glaze Ceramic Vase, 9""","https://static.athome.com/images/w_200,h_200,c_pad,f_auto,fl_lossy,q_auto/p/124372990/ty-pennington-blue-reactive-glaze-ceramic-vase-9.jpg",https://www.athome.com//ty-pennington-blue-reactive-glaze-ceramic-vase-9/124372990.html
"Blue Ceramic Floral Jar with Golden Lid, 7""","https://static.athome.com/images/w_200,h_200,c_pad,f_auto,fl_lossy,q_auto/p/124288668/blue-ceramic-floral-jar-with-golden-lid-7.jpg",https://www.athome.com//blue-ceramic-floral-jar-with-golden-lid-7/124288668.html
"Blue Floral Ceramic Jar with Lid, 8""","https://static.athome.com/images/w_200,h_200,c_pad,f_auto,fl_lossy,q_auto/p/124288670/blue-floral-ceramic-jar-with-lid-8.jpg",https://www.athome.com//blue-floral-ceramic-jar-with-lid-8/124288670.html
"Tracey Boyd Black Spiralking Vase, 10""","https://static.athome.com/images/w_200,h_200,c_pad,f_auto,fl_lossy,q_auto/p/124367529/tracey-boyd-black-spiralking-vase-10.jpg",https://www.athome.com//tracey-boyd-black-spiralking-vase-10/124367529.html
"Providence Gold Metal Vase, 9""","https://static.athome.com/images/w_200,h_200,c_pad,f_auto,fl_lossy,q_auto/p/124366970/providence-gold-metal-vase-9.jpg",https://www.athome.com//providence-gold-metal-vase-9/124366970.html
null,"https://static.athome.com/images/w_200,h_200,c_pad,f_auto,fl_lossy,q_auto/p/125018235/noname.jpg",https://www.athome.com//noname/125018235.html
null,"https://static.athome.com/images/w_200,h_200,c_pad,f_auto,fl_lossy,q_auto/p/125018442/noname.jpg",https://www.athome.com//noname/125018442.html
"Red Bamboo Vase, 24""","https://static.athome.com/images/w_200,h_200,c_pad,f_auto,fl_lossy,q_auto/p/124310812/red-bamboo-vase-24.jpg",https://www.athome.com//red-bamboo-vase-24/124310812.html
null,"https://static.athome.com/images/w_200,h_200,c_pad,f_auto,fl_lossy,q_auto/p/125019537/noname.jpg",https://www.athome.com//noname/125019537.html
null,"https://static.athome.com/images/w_200,h_200,c_pad,f_auto,fl_lossy,q_auto/p/125019815/noname.jpg",https://www.athome.com//noname/125019815.html
null,"https://static.athome.com/images/w_200,h_200,c_pad,f_auto,fl_lossy,q_auto/p/125016728/noname.jpg",https://www.athome.com//noname/125016728.html
"Crosby St. White Faux Wood Vase, 12""","https://static.athome.com/images/w_200,h_200,c_pad,f_auto,fl_lossy,q_auto/p/124357985/crosby-st.-white-faux-wood-vase-12.jpg",https://www.athome.com//crosby-st.-white-faux-wood-vase-12/124357985.html
"Ty Pennington Tan Ceramic Vase with Handles, 9""","https://static.athome.com/images/w_200,h_200,c_pad,f_auto,fl_lossy,q_auto/p/124361880/ty-pennington-tan-ceramic-vase-with-handles-9.jpg",https://www.athome.com//ty-pennington-tan-ceramic-vase-with-handles-9/124361880.html
"Honeybloom White Sanded Ceramic Vase, 5""","https://static.athome.com/images/w_200,h_200,c_pad,f_auto,fl_lossy,q_auto/p/124314256/honeybloom-white-sanded-ceramic-vase-5.jpg",https://www.athome.com//honeybloom-white-sanded-ceramic-vase-5/124314256.html
"Crosby St. Neutral Ceramic Vase, 3""","https://static.athome.com/images/w_200,h_200,c_pad,f_auto,fl_lossy,q_auto/p/124358703/crosby-st.-neutral-ceramic-vase-3.jpg",https://www.athome.com//crosby-st.-neutral-ceramic-vase-3/124358703.html
"Willow Crossley Clear Glass Ruffle Edge Vase, 11""","https://static.athome.com/images/w_200,h_200,c_pad,f_auto,fl_lossy,q_auto/p/124368001/willow-crossley-clear-glass-ruffle-edge-vase-11.jpg",https://www.athome.com//willow-crossley-clear-glass-ruffle-edge-vase-11/124368001.html
"Honeybloom White Speckled Ceramic Vase, 6""","https://static.athome.com/images/w_200,h_200,c_pad,f_auto,fl_lossy,q_auto/p/124358641/honeybloom-white-speckled-ceramic-vase-6.jpg",https://www.athome.com//honeybloom-white-speckled-ceramic-vase-6/124358641.html
"Providence Black Ceramic Ginger Jar, 9.3""","https://static.athome.com/images/w_200,h_200,c_pad,f_auto,fl_lossy,q_auto/p/124367468/providence-black-ceramic-ginger-jar-9.3.jpg",https://www.athome.com//providence-black-ceramic-ginger-jar-9.3/124367468.html
"Willow Crossley Clear Glass Pie Crust Vase, 21.5""","https://static.athome.com/images/w_200,h_200,c_pad,f_auto,fl_lossy,q_auto/p/124368298/willow-crossley-clear-glass-pie-crust-vase-21.5.jpg",https://www.athome.com//willow-crossley-clear-glass-pie-crust-vase-21.5/124368298.html
"Honeybloom White and Blue Speckeled Vase, 4""","https://static.athome.com/images/w_200,h_200,c_pad,f_auto,fl_lossy,q_auto/p/124357333/honeybloom-white-and-blue-speckeled-vase-4.jpg",https://www.athome.com//honeybloom-white-and-blue-speckeled-vase-4/124357333.html
"Willow Crossley Brown Glass Vase, 12""","https://static.athome.com/images/w_200,h_200,c_pad,f_auto,fl_lossy,q_auto/p/124377525/willow-crossley-brown-glass-vase-12.jpg",https://www.athome.com//willow-crossley-brown-glass-vase-12/124377525.html
"Providence Clear Greek Key Vase, Large","https://static.athome.com/images/w_200,h_200,c_pad,f_auto,fl_lossy,q_auto/p/124367228/providence-clear-greek-key-vase-large.jpg",https://www.athome.com//providence-clear-greek-key-vase-large/124367228.html
"Found & Fable Black Ceramic Vase, 10""","https://static.athome.com/images/w_200,h_200,c_pad,f_auto,fl_lossy,q_auto/p/124372962/found-fable-black-ceramic-vase-10.jpg",https://www.athome.com//found-fable-black-ceramic-vase-10/124372962.html
"Willow Crossley Pie Crust Edge Clear Glass Vase, 4""","https://static.athome.com/images/w_200,h_200,c_pad,f_auto,fl_lossy,q_auto/p/124368017/willow-crossley-pie-crust-edge-clear-glass-vase-4.jpg",https://www.athome.com//willow-crossley-pie-crust-edge-clear-glass-vase-4/124368017.html
"Blue Glass Vase, 4""","https://static.athome.com/images/w_200,h_200,c_pad,f_auto,fl_lossy,q_auto/p/124354762/blue-glass-vase-4.jpg",https://www.athome.com//blue-glass-vase-4/124354762.html
"Providence Tortoise Shell Knob Vase, 14""","https://static.athome.com/images/w_200,h_200,c_pad,f_auto,fl_lossy,q_auto/p/124379501/providence-tortoise-shell-knob-vase-14.jpg",https://www.athome.com//providence-tortoise-shell-knob-vase-14/124379501.html
"Honeybloom Natural Wooden Vase, 16""","https://static.athome.com/images/w_200,h_200,c_pad,f_auto,fl_lossy,q_auto/p/124358298/honeybloom-natural-wooden-vase-16.jpg",https://www.athome.com//honeybloom-natural-wooden-vase-16/124358298.html
"Ty Pennington White Porcelain Vase, 6""","https://static.athome.com/images/w_200,h_200,c_pad,f_auto,fl_lossy,q_auto/p/124381323/ty-pennington-white-porcelain-vase-6.jpg",https://www.athome.com//ty-pennington-white-porcelain-vase-6/124381323.html
"Tracey Boyd Black Contemporary Porcelain Vase, 4""","https://static.athome.com/images/w_200,h_200,c_pad,f_auto,fl_lossy,q_auto/p/124381314/tracey-boyd-black-contemporary-porcelain-vase-4.jpg",https://www.athome.com//tracey-boyd-black-contemporary-porcelain-vase-4/124381314.html
"Honeybloom Brown Speckled Porcelain Vase, 5.5""","https://static.athome.com/images/w_200,h_200,c_pad,f_auto,fl_lossy,q_auto/p/124357330/honeybloom-brown-speckled-porcelain-vase-5.5.jpg",https://www.athome.com//honeybloom-brown-speckled-porcelain-vase-5.5/124357330.html
"Willow Crossley Brown Glass Vase, 10""","https://static.athome.com/images/w_200,h_200,c_pad,f_auto,fl_lossy,q_auto/p/124377524/willow-crossley-brown-glass-vase-10.jpg",https://www.athome.com//willow-crossley-brown-glass-vase-10/124377524.html
"Laila Ali Pink Glass Vase, 13""","https://static.athome.com/images/w_200,h_200,c_pad,f_auto,fl_lossy,q_auto/p/124380082/laila-ali-pink-glass-vase-13.jpg",https://www.athome.com//laila-ali-pink-glass-vase-13/124380082.html
"Crosby St. Red Ribbed Glass Vase, 6.5x11.8""","https://static.athome.com/images/w_200,h_200,c_pad,f_auto,fl_lossy,q_auto/p/124379100/crosby-st.-red-ribbed-glass-vase-6.5x11.8.jpg",https://www.athome.com//crosby-st.-red-ribbed-glass-vase-6.5x11.8/124379100.html
Oh Joy! Pink & Blue Glass Vase,"https://static.athome.com/images/w_200,h_200,c_pad,f_auto,fl_lossy,q_auto/p/124398527/oh-joy%21-pink-blue-glass-vase.jpg",https://www.athome.com//oh-joy%21-pink-blue-glass-vase/124398527.html
"Cantaro Crystal Vase, 7.5""","https://static.athome.com/images/w_200,h_200,c_pad,f_auto,fl_lossy,q_auto/p/124379604/cantaro-crystal-vase-7.5.jpg",https://www.athome.com//cantaro-crystal-vase-7.5/124379604.html
"Providence Tortoise Shell Knob Vase, 11""","https://static.athome.com/images/w_200,h_200,c_pad,f_auto,fl_lossy,q_auto/p/124379502/providence-tortoise-shell-knob-vase-11.jpg",https://www.athome.com//providence-tortoise-shell-knob-vase-11/124379502.html
"Ty Pennington Clear Glass Vase, 9""","https://static.athome.com/images/w_200,h_200,c_pad,f_auto,fl_lossy,q_auto/p/124373055/ty-pennington-clear-glass-vase-9.jpg",https://www.athome.com//ty-pennington-clear-glass-vase-9/124373055.html
"Willow Crossley Clear Glass Ruffle Edge Vase, 5""","https://static.athome.com/images/w_200,h_200,c_pad,f_auto,fl_lossy,q_auto/p/124367999/willow-crossley-clear-glass-ruffle-edge-vase-5.jpg",https://www.athome.com//willow-crossley-clear-glass-ruffle-edge-vase-5/124367999.html
"Willow Crossley Clear Glass Pie Crust Edge Vase, 9""","https://static.athome.com/images/w_200,h_200,c_pad,f_auto,fl_lossy,q_auto/p/124367997/willow-crossley-clear-glass-pie-crust-edge-vase-9.jpg",https://www.athome.com//willow-crossley-clear-glass-pie-crust-edge-vase-9/124367997.html
"Ty Pennington White Porcelain Vase, 4""","https://static.athome.com/images/w_200,h_200,c_pad,f_auto,fl_lossy,q_auto/p/124381324/ty-pennington-white-porcelain-vase-4.jpg",https://www.athome.com//ty-pennington-white-porcelain-vase-4/124381324.html
"Providence Gold Distressed Mercury Glass Vase, 7.5""","https://static.athome.com/images/w_200,h_200,c_pad,f_auto,fl_lossy,q_auto/p/124381331/providence-gold-distressed-mercury-glass-vase-7.5.jpg",https://www.athome.com//providence-gold-distressed-mercury-glass-vase-7.5/124381331.html
"Honeybloom Natural Wooden Vase Decor, 10""","https://static.athome.com/images/w_200,h_200,c_pad,f_auto,fl_lossy,q_auto/p/124358299/honeybloom-natural-wooden-vase-decor-10.jpg",https://www.athome.com//honeybloom-natural-wooden-vase-decor-10/124358299.html
"Grey Bubble Glass Bottle Vase, 18""","https://static.athome.com/images/w_200,h_200,c_pad,f_auto,fl_lossy,q_auto/p/124381339/grey-bubble-glass-bottle-vase-18.jpg",https://www.athome.com//grey-bubble-glass-bottle-vase-18/124381339.html
"Found & Fable Black Ceramic Vase, 5""","https://static.athome.com/images/w_200,h_200,c_pad,f_auto,fl_lossy,q_auto/p/124372963/found-fable-black-ceramic-vase-5.jpg",https://www.athome.com//found-fable-black-ceramic-vase-5/124372963.html
"Tracey Boyd Multicolor Printed Ceramic Vase, 10""","https://static.athome.com/images/w_200,h_200,c_pad,f_auto,fl_lossy,q_auto/p/124372999/tracey-boyd-multicolor-printed-ceramic-vase-10.jpg",https://www.athome.com//tracey-boyd-multicolor-printed-ceramic-vase-10/124372999.html
"Laila Ali Milky Pink Glass Vase, 7.9""","https://static.athome.com/images/w_200,h_200,c_pad,f_auto,fl_lossy,q_auto/p/124353002/laila-ali-milky-pink-glass-vase-7.9.jpg",https://www.athome.com//laila-ali-milky-pink-glass-vase-7.9/124353002.html
"Honeybloom Clear Glass Vase, 10""","https://static.athome.com/images/w_200,h_200,c_pad,f_auto,fl_lossy,q_auto/p/124358014/honeybloom-clear-glass-vase-10.jpg",https://www.athome.com//honeybloom-clear-glass-vase-10/124358014.html
"Providence Tortoise Shell Glass Urn Vase, 7""","https://static.athome.com/images/w_200,h_200,c_pad,f_auto,fl_lossy,q_auto/p/124379495/providence-tortoise-shell-glass-urn-vase-7.jpg",https://www.athome.com//providence-tortoise-shell-glass-urn-vase-7/124379495.html
"Ty Pennington Neutral Bud Glass Vase, 4.5""","https://static.athome.com/images/w_200,h_200,c_pad,f_auto,fl_lossy,q_auto/p/124352542/ty-pennington-neutral-bud-glass-vase-4.5.jpg",https://www.athome.com//ty-pennington-neutral-bud-glass-vase-4.5/124352542.html
"Found & Fable White Two-Tone Ceramic Vase, 7""","https://static.athome.com/images/w_200,h_200,c_pad,f_auto,fl_lossy,q_auto/p/124381310/found-fable-white-two-tone-ceramic-vase-7.jpg",https://www.athome.com//found-fable-white-two-tone-ceramic-vase-7/124381310.html
"Willow Crossley Pie Crust Edge Clear Glass Vase, 17""","https://static.athome.com/images/w_200,h_200,c_pad,f_auto,fl_lossy,q_auto/p/124368018/willow-crossley-pie-crust-edge-clear-glass-vase-17.jpg",https://www.athome.com//willow-crossley-pie-crust-edge-clear-glass-vase-17/124368018.html
"Providence White Ceramic Vase, 7""","https://static.athome.com/images/w_200,h_200,c_pad,f_auto,fl_lossy,q_auto/p/124380999/providence-white-ceramic-vase-7.jpg",https://www.athome.com//providence-white-ceramic-vase-7/124380999.html
"Providence Tortoise Shell Glass Urn Vase, 8.5""","https://static.athome.com/images/w_200,h_200,c_pad,f_auto,fl_lossy,q_auto/p/124379494/providence-tortoise-shell-glass-urn-vase-8.5.jpg",https://www.athome.com//providence-tortoise-shell-glass-urn-vase-8.5/124379494.html
"Cantaro Crystal Vase, 6.5""","https://static.athome.com/images/w_200,h_200,c_pad,f_auto,fl_lossy,q_auto/p/124379602/cantaro-crystal-vase-6.5.jpg",https://www.athome.com//cantaro-crystal-vase-6.5/124379602.html
"Peach Printed Clear Glass Vase, 10""","https://static.athome.com/images/w_200,h_200,c_pad,f_auto,fl_lossy,q_auto/p/124345778/peach-printed-clear-glass-vase-10.jpg",https://www.athome.com//peach-printed-clear-glass-vase-10/124345778.html
"Peach Printed Clear Glass Vase, 6""","https://static.athome.com/images/w_200,h_200,c_pad,f_auto,fl_lossy,q_auto/p/124345777/peach-printed-clear-glass-vase-6.jpg",https://www.athome.com//peach-printed-clear-glass-vase-6/124345777.html
"Honeybloom Speckled Porcelain Vase, 6""","https://static.athome.com/images/w_200,h_200,c_pad,f_auto,fl_lossy,q_auto/p/124357326/honeybloom-speckled-porcelain-vase-6.jpg",https://www.athome.com//honeybloom-speckled-porcelain-vase-6/124357326.html
"Providence Gold Distressed Mercury Glass Vase, 12""","https://static.athome.com/images/w_200,h_200,c_pad,f_auto,fl_lossy,q_auto/p/124381332/providence-gold-distressed-mercury-glass-vase-12.jpg",https://www.athome.com//providence-gold-distressed-mercury-glass-vase-12/124381332.html
"Honeybloom White & Blue Speckled Vase, 8""","https://static.athome.com/images/w_200,h_200,c_pad,f_auto,fl_lossy,q_auto/p/124357332/honeybloom-white-blue-speckled-vase-8.jpg",https://www.athome.com//honeybloom-white-blue-speckled-vase-8/124357332.html
"Willow Crossley Purple Rim Clear Bud Vase, 3""","https://static.athome.com/images/w_200,h_200,c_pad,f_auto,fl_lossy,q_auto/p/124367232/willow-crossley-purple-rim-clear-bud-vase-3.jpg",https://www.athome.com//willow-crossley-purple-rim-clear-bud-vase-3/124367232.html
"Ty Pennington Green Carved Recycled Glass Vase, 8""","https://static.athome.com/images/w_200,h_200,c_pad,f_auto,fl_lossy,q_auto/p/124345064/ty-pennington-green-carved-recycled-glass-vase-8.jpg",https://www.athome.com//ty-pennington-green-carved-recycled-glass-vase-8/124345064.html
"Laila Ali Grey Swirled Glass Vase, 5.5""","https://static.athome.com/images/w_200,h_200,c_pad,f_auto,fl_lossy,q_auto/p/124340705/laila-ali-grey-swirled-glass-vase-5.5.jpg",https://www.athome.com//laila-ali-grey-swirled-glass-vase-5.5/124340705.html
"Tracey Boyd White Ceramic Vase, 6""","https://static.athome.com/images/w_200,h_200,c_pad,f_auto,fl_lossy,q_auto/p/124381295/tracey-boyd-white-ceramic-vase-6.jpg",https://www.athome.com//tracey-boyd-white-ceramic-vase-6/124381295.html
"Green Recycled Glass Bottle Vase, 14""","https://static.athome.com/images/w_200,h_200,c_pad,f_auto,fl_lossy,q_auto/p/124319562/green-recycled-glass-bottle-vase-14.jpg",https://www.athome.com//green-recycled-glass-bottle-vase-14/124319562.html
"Iron Farmhouse Pot with Handles, 10""","https://static.athome.com/images/w_200,h_200,c_pad,f_auto,fl_lossy,q_auto/p/124224850/iron-farmhouse-pot-with-handles-10.jpg",https://www.athome.com//iron-farmhouse-pot-with-handles-10/124224850.html
"Providence Etched Narrow Mouth Glass Vase, 14.2""","https://static.athome.com/images/w_200,h_200,c_pad,f_auto,fl_lossy,q_auto/p/124366521/providence-etched-narrow-mouth-glass-vase-14.2.jpg",https://www.athome.com//providence-etched-narrow-mouth-glass-vase-14.2/124366521.html
"Tracey Boyd Terracotta Print Ceramic Bottle Vase, 13""","https://static.athome.com/images/w_200,h_200,c_pad,f_auto,fl_lossy,q_auto/p/124373096/tracey-boyd-terracotta-print-ceramic-bottle-vase-13.jpg",https://www.athome.com//tracey-boyd-terracotta-print-ceramic-bottle-vase-13/124373096.html
"Amber Glass Round Vase, 7""","https://static.athome.com/images/w_200,h_200,c_pad,f_auto,fl_lossy,q_auto/p/124331973/amber-glass-round-vase-7.jpg",https://www.athome.com//amber-glass-round-vase-7/124331973.html
"Tracey Boyd Dark Pink Frosted Glass Bud Vase, 4""","https://static.athome.com/images/w_200,h_200,c_pad,f_auto,fl_lossy,q_auto/p/124390570/tracey-boyd-dark-pink-frosted-glass-bud-vase-4.jpg",https://www.athome.com//tracey-boyd-dark-pink-frosted-glass-bud-vase-4/124390570.html
"Willow Crossley Yellow Rim Clear Bud Vase, 3""","https://static.athome.com/images/w_200,h_200,c_pad,f_auto,fl_lossy,q_auto/p/124367231/willow-crossley-yellow-rim-clear-bud-vase-3.jpg",https://www.athome.com//willow-crossley-yellow-rim-clear-bud-vase-3/124367231.html
"Tracey Boyd Peach Glass Vase, 6""","https://static.athome.com/images/w_200,h_200,c_pad,f_auto,fl_lossy,q_auto/p/124352323/tracey-boyd-peach-glass-vase-6.jpg",https://www.athome.com//tracey-boyd-peach-glass-vase-6/124352323.html
"Providence Tortoise Shell Glass Urn Vase, 11""","https://static.athome.com/images/w_200,h_200,c_pad,f_auto,fl_lossy,q_auto/p/124379493/providence-tortoise-shell-glass-urn-vase-11.jpg",https://www.athome.com//providence-tortoise-shell-glass-urn-vase-11/124379493.html
"Tracey Boyd Blue Talavera Ginger Jar, 13.5""","https://static.athome.com/images/w_200,h_200,c_pad,f_auto,fl_lossy,q_auto/p/124366577/tracey-boyd-blue-talavera-ginger-jar-13.5.jpg",https://www.athome.com//tracey-boyd-blue-talavera-ginger-jar-13.5/124366577.html
"Honeybloom Clear Glass Vase, 8""","https://static.athome.com/images/w_200,h_200,c_pad,f_auto,fl_lossy,q_auto/p/124358015/honeybloom-clear-glass-vase-8.jpg",https://www.athome.com//honeybloom-clear-glass-vase-8/124358015.html
"Willow Crossley White Rim Clear Bud Vase, 3""","https://static.athome.com/images/w_200,h_200,c_pad,f_auto,fl_lossy,q_auto/p/124367230/willow-crossley-white-rim-clear-bud-vase-3.jpg",https://www.athome.com//willow-crossley-white-rim-clear-bud-vase-3/124367230.html
"Willow Crossley Clear Glass Urn Vase, 8""","https://static.athome.com/images/w_200,h_200,c_pad,f_auto,fl_lossy,q_auto/p/124366552/willow-crossley-clear-glass-urn-vase-8.jpg",https://www.athome.com//willow-crossley-clear-glass-urn-vase-8/124366552.html
"Willow Crossley Ruffled Edge Clear Glass Trumpet Vase, 8.2""","https://static.athome.com/images/w_200,h_200,c_pad,f_auto,fl_lossy,q_auto/p/124373950/willow-crossley-ruffled-edge-clear-glass-trumpet-vase-8.2.jpg",https://www.athome.com//willow-crossley-ruffled-edge-clear-glass-trumpet-vase-8.2/124373950.html
"Ty Pennington Frosted Navy Glass Bottle Vase, 10""","https://static.athome.com/images/w_200,h_200,c_pad,f_auto,fl_lossy,q_auto/p/124353282/ty-pennington-frosted-navy-glass-bottle-vase-10.jpg",https://www.athome.com//ty-pennington-frosted-navy-glass-bottle-vase-10/124353282.html
"Laila Ali Clear Glass Vase, 9""","https://static.athome.com/images/w_200,h_200,c_pad,f_auto,fl_lossy,q_auto/p/124379140/laila-ali-clear-glass-vase-9.jpg",https://www.athome.com//laila-ali-clear-glass-vase-9/124379140.html
"Grace Mitchell Cream Capiz Vase, 14""","https://static.athome.com/images/w_200,h_200,c_pad,f_auto,fl_lossy,q_auto/p/124305345/grace-mitchell-cream-capiz-vase-14.jpg",https://www.athome.com//grace-mitchell-cream-capiz-vase-14/124305345.html
"Providence Greek Key Clear Glass Vase, Small","https://static.athome.com/images/w_200,h_200,c_pad,f_auto,fl_lossy,q_auto/p/124367227/providence-greek-key-clear-glass-vase-small.jpg",https://www.athome.com//providence-greek-key-clear-glass-vase-small/124367227.html
"Crosby St. Ribbed Brown Glass Vase, 6.5""","https://static.athome.com/images/w_200,h_200,c_pad,f_auto,fl_lossy,q_auto/p/124378977/crosby-st.-ribbed-brown-glass-vase-6.5.jpg",https://www.athome.com//crosby-st.-ribbed-brown-glass-vase-6.5/124378977.html
"Honeybloom White Terracotta Vase, 7""","https://static.athome.com/images/w_200,h_200,c_pad,f_auto,fl_lossy,q_auto/p/124367477/honeybloom-white-terracotta-vase-7.jpg",https://www.athome.com//honeybloom-white-terracotta-vase-7/124367477.html
"Crosby St. Brown Ceramic Vase, 4""","https://static.athome.com/images/w_200,h_200,c_pad,f_auto,fl_lossy,q_auto/p/124379082/crosby-st.-brown-ceramic-vase-4.jpg",https://www.athome.com//crosby-st.-brown-ceramic-vase-4/124379082.html
"Glass Mason Jar, 7""","https://static.athome.com/images/w_200,h_200,c_pad,f_auto,fl_lossy,q_auto/p/124367123/glass-mason-jar-7.jpg",https://www.athome.com//glass-mason-jar-7/124367123.html
"Biotic Crystal Glass Vase, 12""","https://static.athome.com/images/w_200,h_200,c_pad,f_auto,fl_lossy,q_auto/p/124379605/biotic-crystal-glass-vase-12.jpg",https://www.athome.com//biotic-crystal-glass-vase-12/124379605.html
"Honeybloom White & Yellow Ceramic Vase, 7.5""","https://static.athome.com/images/w_200,h_200,c_pad,f_auto,fl_lossy,q_auto/p/124366718/honeybloom-white-yellow-ceramic-vase-7.5.jpg",https://www.athome.com//honeybloom-white-yellow-ceramic-vase-7.5/124366718.html
"Dark Blue Ceramic Vase, 10""","https://static.athome.com/images/w_200,h_200,c_pad,f_auto,fl_lossy,q_auto/p/124278706/dark-blue-ceramic-vase-10.jpg",https://www.athome.com//dark-blue-ceramic-vase-10/124278706.html
"Willow Crossley Gold Etched Star Glass Vase, 11.8""","https://static.athome.com/images/w_200,h_200,c_pad,f_auto,fl_lossy,q_auto/p/124367125/willow-crossley-gold-etched-star-glass-vase-11.8.jpg",https://www.athome.com//willow-crossley-gold-etched-star-glass-vase-11.8/124367125.html
"Found & Fable Carved Black Vase, 14""","https://static.athome.com/images/w_200,h_200,c_pad,f_auto,fl_lossy,q_auto/p/124379890/found-fable-carved-black-vase-14.jpg",https://www.athome.com//found-fable-carved-black-vase-14/124379890.html
"Providence Green Glass Vase, 13""","https://static.athome.com/images/w_200,h_200,c_pad,f_auto,fl_lossy,q_auto/p/124378973/providence-green-glass-vase-13.jpg",https://www.athome.com//providence-green-glass-vase-13/124378973.html
"Honeybloom Natural Wicker Vase, 24""","https://static.athome.com/images/w_200,h_200,c_pad,f_auto,fl_lossy,q_auto/p/124367235/honeybloom-natural-wicker-vase-24.jpg",https://www.athome.com//honeybloom-natural-wicker-vase-24/124367235.html
"Providence Clear Greek Key Cylinder Glass Vase, Small","https://static.athome.com/images/w_200,h_200,c_pad,f_auto,fl_lossy,q_auto/p/124367225/providence-clear-greek-key-cylinder-glass-vase-small.jpg",https://www.athome.com//providence-clear-greek-key-cylinder-glass-vase-small/124367225.html
"Natural Wicker Woven Vase, 16""","https://static.athome.com/images/w_200,h_200,c_pad,f_auto,fl_lossy,q_auto/p/124379670/natural-wicker-woven-vase-16.jpg",https://www.athome.com//natural-wicker-woven-vase-16/124379670.html
"Tracey Boyd Brown Glass Vase, 14.6""","https://static.athome.com/images/w_200,h_200,c_pad,f_auto,fl_lossy,q_auto/p/124362222/tracey-boyd-brown-glass-vase-14.6.jpg",https://www.athome.com//tracey-boyd-brown-glass-vase-14.6/124362222.html
"Ty Pennington White Ceramic Vase, 6""","https://static.athome.com/images/w_200,h_200,c_pad,f_auto,fl_lossy,q_auto/p/124362290/ty-pennington-white-ceramic-vase-6.jpg",https://www.athome.com//ty-pennington-white-ceramic-vase-6/124362290.html
"Oh Joy! Colorful Striped Ceramic Vase, 7.5""","https://static.athome.com/images/w_200,h_200,c_pad,f_auto,fl_lossy,q_auto/p/124398518/oh-joy%21-colorful-striped-ceramic-vase-7.5.jpg",https://www.athome.com//oh-joy%21-colorful-striped-ceramic-vase-7.5/124398518.html
"Honeybloom White Metal & Rattan Basketweave Vase, 10""","https://static.athome.com/images/w_200,h_200,c_pad,f_auto,fl_lossy,q_auto/p/124358003/honeybloom-white-metal-rattan-basketweave-vase-10.jpg",https://www.athome.com//honeybloom-white-metal-rattan-basketweave-vase-10/124358003.html
"Honeybloom Yellow Ribbed Ceramic Vase, 8""","https://static.athome.com/images/w_200,h_200,c_pad,f_auto,fl_lossy,q_auto/p/124366699/honeybloom-yellow-ribbed-ceramic-vase-8.jpg",https://www.athome.com//honeybloom-yellow-ribbed-ceramic-vase-8/124366699.html
"Tracey Boyd Copenhagen Mosaic Vase, 13""","https://static.athome.com/images/w_200,h_200,c_pad,f_auto,fl_lossy,q_auto/p/124361830/tracey-boyd-copenhagen-mosaic-vase-13.jpg",https://www.athome.com//tracey-boyd-copenhagen-mosaic-vase-13/124361830.html
"White Ceramic Vase, 6""","https://static.athome.com/images/w_200,h_200,c_pad,f_auto,fl_lossy,q_auto/p/124377550/white-ceramic-vase-6.jpg",https://www.athome.com//white-ceramic-vase-6/124377550.html
"Providence White Ceramic Vase, 12""","https://static.athome.com/images/w_200,h_200,c_pad,f_auto,fl_lossy,q_auto/p/124379164/providence-white-ceramic-vase-12.jpg",https://www.athome.com//providence-white-ceramic-vase-12/124379164.html
"Ty Pennington Amber Glass Vase, 7.7""","https://static.athome.com/images/w_200,h_200,c_pad,f_auto,fl_lossy,q_auto/p/124362215/ty-pennington-amber-glass-vase-7.7.jpg",https://www.athome.com//ty-pennington-amber-glass-vase-7.7/124362215.html
"Tracey Boyd Tan Glass Vase, 10""","https://static.athome.com/images/w_200,h_200,c_pad,f_auto,fl_lossy,q_auto/p/124352326/tracey-boyd-tan-glass-vase-10.jpg",https://www.athome.com//tracey-boyd-tan-glass-vase-10/124352326.html
"Unglazed Handle Vase, 10""","https://static.athome.com/images/w_200,h_200,c_pad,f_auto,fl_lossy,q_auto/p/124390565/unglazed-handle-vase-10.jpg",https://www.athome.com//unglazed-handle-vase-10/124390565.html
"Clear Glass Vase, 15""","https://static.athome.com/images/w_200,h_200,c_pad,f_auto,fl_lossy,q_auto/p/124389031/clear-glass-vase-15.jpg",https://www.athome.com//clear-glass-vase-15/124389031.html
Found & Fable Gashia White Terracotta Vase With Rattan,"https://static.athome.com/images/w_200,h_200,c_pad,f_auto,fl_lossy,q_auto/p/124367536/found-fable-gashia-white-terracotta-vase-with-rattan.jpg",https://www.athome.com//found-fable-gashia-white-terracotta-vase-with-rattan/124367536.html
"Willow Crossly Bud Glass Vase with Silver Rim, 3.5""","https://static.athome.com/images/w_200,h_200,c_pad,f_auto,fl_lossy,q_auto/p/124395324/willow-crossly-bud-glass-vase-with-silver-rim-3.5.jpg",https://www.athome.com//willow-crossly-bud-glass-vase-with-silver-rim-3.5/124395324.html
"Honeybloom Blue Ceramic Vase, 6""","https://static.athome.com/images/w_200,h_200,c_pad,f_auto,fl_lossy,q_auto/p/124358804/honeybloom-blue-ceramic-vase-6.jpg",https://www.athome.com//honeybloom-blue-ceramic-vase-6/124358804.html
"Laila Ali Black Ombre Glass Vase, 5""","https://static.athome.com/images/w_200,h_200,c_pad,f_auto,fl_lossy,q_auto/p/124340700/laila-ali-black-ombre-glass-vase-5.jpg",https://www.athome.com//laila-ali-black-ombre-glass-vase-5/124340700.html
"Ty Pennington Amber Ribbed Glass Vase, 8""","https://static.athome.com/images/w_200,h_200,c_pad,f_auto,fl_lossy,q_auto/p/124361931/ty-pennington-amber-ribbed-glass-vase-8.jpg",https://www.athome.com//ty-pennington-amber-ribbed-glass-vase-8/124361931.html
"Laila Ali Matte Green Frosted Glass Vase, 8""","https://static.athome.com/images/w_200,h_200,c_pad,f_auto,fl_lossy,q_auto/p/124340708/laila-ali-matte-green-frosted-glass-vase-8.jpg",https://www.athome.com//laila-ali-matte-green-frosted-glass-vase-8/124340708.html
"Purple Glass Vase, 8""","https://static.athome.com/images/w_200,h_200,c_pad,f_auto,fl_lossy,q_auto/p/124330563/purple-glass-vase-8.jpg",https://www.athome.com//purple-glass-vase-8/124330563.html
"Amber Glass Vase, 9.5""","https://static.athome.com/images/w_200,h_200,c_pad,f_auto,fl_lossy,q_auto/p/124331974/amber-glass-vase-9.5.jpg",https://www.athome.com//amber-glass-vase-9.5/124331974.html
"Honeybloom Emily Cornflower Blue Bottle Vase, 14""","https://static.athome.com/images/w_200,h_200,c_pad,f_auto,fl_lossy,q_auto/p/124345941/honeybloom-emily-cornflower-blue-bottle-vase-14.jpg",https://www.athome.com//honeybloom-emily-cornflower-blue-bottle-vase-14/124345941.html
"Willow Crossley White & Blue Printed Ceramic Vase, 5""","https://static.athome.com/images/w_200,h_200,c_pad,f_auto,fl_lossy,q_auto/p/124373324/willow-crossley-white-blue-printed-ceramic-vase-5.jpg",https://www.athome.com//willow-crossley-white-blue-printed-ceramic-vase-5/124373324.html
"Ty Pennington Frosted Navy Glass Bottle Vase, 15""","https://static.athome.com/images/w_200,h_200,c_pad,f_auto,fl_lossy,q_auto/p/124353284/ty-pennington-frosted-navy-glass-bottle-vase-15.jpg",https://www.athome.com//ty-pennington-frosted-navy-glass-bottle-vase-15/124353284.html
"Honeybloom Metal Vase with Brass Finish, 14""","https://static.athome.com/images/w_200,h_200,c_pad,f_auto,fl_lossy,q_auto/p/124357499/honeybloom-metal-vase-with-brass-finish-14.jpg",https://www.athome.com//honeybloom-metal-vase-with-brass-finish-14/124357499.html
"Laila Ali Clear Smoke Glass Vase, 6""","https://static.athome.com/images/w_200,h_200,c_pad,f_auto,fl_lossy,q_auto/p/124334403/laila-ali-clear-smoke-glass-vase-6.jpg",https://www.athome.com//laila-ali-clear-smoke-glass-vase-6/124334403.html
"Honeybloom Metal Vase with Brass Finish, 12""","https://static.athome.com/images/w_200,h_200,c_pad,f_auto,fl_lossy,q_auto/p/124357500/honeybloom-metal-vase-with-brass-finish-12.jpg",https://www.athome.com//honeybloom-metal-vase-with-brass-finish-12/124357500.html
"Ty Pennington Frosted Light Blue Glass Vase, 14""","https://static.athome.com/images/w_200,h_200,c_pad,f_auto,fl_lossy,q_auto/p/124352344/ty-pennington-frosted-light-blue-glass-vase-14.jpg",https://www.athome.com//ty-pennington-frosted-light-blue-glass-vase-14/124352344.html
"Grace Mitchell Sea Blue Etched Glass Tea Light Candle Holder, 6""","https://static.athome.com/images/w_200,h_200,c_pad,f_auto,fl_lossy,q_auto/p/124343964/grace-mitchell-sea-blue-etched-glass-tea-light-candle-holder-6.jpg",https://www.athome.com//grace-mitchell-sea-blue-etched-glass-tea-light-candle-holder-6/124343964.html
"Grace Mitchell Blue Floral Ceramic Vase, 9""","https://static.athome.com/images/w_200,h_200,c_pad,f_auto,fl_lossy,q_auto/p/124345922/grace-mitchell-blue-floral-ceramic-vase-9.jpg",https://www.athome.com//grace-mitchell-blue-floral-ceramic-vase-9/124345922.html
"Honeybloom White Metal Distressed Pitcher, 15.5""","https://static.athome.com/images/w_200,h_200,c_pad,f_auto,fl_lossy,q_auto/p/124228990/honeybloom-white-metal-distressed-pitcher-15.5.jpg",https://www.athome.com//honeybloom-white-metal-distressed-pitcher-15.5/124228990.html
"Honeybloom Glass Vase, 14""","https://static.athome.com/images/w_200,h_200,c_pad,f_auto,fl_lossy,q_auto/p/124366707/honeybloom-glass-vase-14.jpg",https://www.athome.com//honeybloom-glass-vase-14/124366707.html
"Found & Fable White Ceramic Vase, 10""","https://static.athome.com/images/w_200,h_200,c_pad,f_auto,fl_lossy,q_auto/p/124373169/found-fable-white-ceramic-vase-10.jpg",https://www.athome.com//found-fable-white-ceramic-vase-10/124373169.html
"Ty Pennington White Glass Vase, 12""","https://static.athome.com/images/w_200,h_200,c_pad,f_auto,fl_lossy,q_auto/p/124352997/ty-pennington-white-glass-vase-12.jpg",https://www.athome.com//ty-pennington-white-glass-vase-12/124352997.html
"Crosby St. Ribbed Neutral Glass Vase, 8.5""","https://static.athome.com/images/w_200,h_200,c_pad,f_auto,fl_lossy,q_auto/p/124378978/crosby-st.-ribbed-neutral-glass-vase-8.5.jpg",https://www.athome.com//crosby-st.-ribbed-neutral-glass-vase-8.5/124378978.html
"Honeybloom White Textured Ceramic Vase, 5""","https://static.athome.com/images/w_200,h_200,c_pad,f_auto,fl_lossy,q_auto/p/124366701/honeybloom-white-textured-ceramic-vase-5.jpg",https://www.athome.com//honeybloom-white-textured-ceramic-vase-5/124366701.html
"Grace Mitchell White Floral Pink Glass Vase, 8""","https://static.athome.com/images/w_200,h_200,c_pad,f_auto,fl_lossy,q_auto/p/124318609/grace-mitchell-white-floral-pink-glass-vase-8.jpg",https://www.athome.com//grace-mitchell-white-floral-pink-glass-vase-8/124318609.html
"Ty Pennington Clear Glass Vase, 4""","https://static.athome.com/images/w_200,h_200,c_pad,f_auto,fl_lossy,q_auto/p/124352982/ty-pennington-clear-glass-vase-4.jpg",https://www.athome.com//ty-pennington-clear-glass-vase-4/124352982.html
"Found & Fable Green Glass Vase, 6""","https://static.athome.com/images/w_200,h_200,c_pad,f_auto,fl_lossy,q_auto/p/124373165/found-fable-green-glass-vase-6.jpg",https://www.athome.com//found-fable-green-glass-vase-6/124373165.html
"Glass Vase with Embellished Band, 8""","https://static.athome.com/images/w_200,h_200,c_pad,f_auto,fl_lossy,q_auto/p/124351109/glass-vase-with-embellished-band-8.jpg",https://www.athome.com//glass-vase-with-embellished-band-8/124351109.html
"Honeybloom Emily Cornflower Blue Bottle Vase, 10""","https://static.athome.com/images/w_200,h_200,c_pad,f_auto,fl_lossy,q_auto/p/124345942/honeybloom-emily-cornflower-blue-bottle-vase-10.jpg",https://www.athome.com//honeybloom-emily-cornflower-blue-bottle-vase-10/124345942.html
"Honeybloom Katherine Turquoise Ceramic Vase, 8""","https://static.athome.com/images/w_200,h_200,c_pad,f_auto,fl_lossy,q_auto/p/124330194/honeybloom-katherine-turquoise-ceramic-vase-8.jpg",https://www.athome.com//honeybloom-katherine-turquoise-ceramic-vase-8/124330194.html
"Willow Crossley White Ceramic Vase with Blue Printed Boarder, 6""","https://static.athome.com/images/w_200,h_200,c_pad,f_auto,fl_lossy,q_auto/p/124373325/willow-crossley-white-ceramic-vase-with-blue-printed-boarder-6.jpg",https://www.athome.com//willow-crossley-white-ceramic-vase-with-blue-printed-boarder-6/124373325.html
"Black Water Hyacinth & Metal Vase, 34""","https://static.athome.com/images/w_200,h_200,c_pad,f_auto,fl_lossy,q_auto/p/124348549/black-water-hyacinth-metal-vase-34.jpg",https://www.athome.com//black-water-hyacinth-metal-vase-34/124348549.html
"Clear Bubble Glass Vase, 13.5""","https://static.athome.com/images/w_200,h_200,c_pad,f_auto,fl_lossy,q_auto/p/124292281/clear-bubble-glass-vase-13.5.jpg",https://www.athome.com//clear-bubble-glass-vase-13.5/124292281.html
"Blue & White Ceramic Vase, 9""","https://static.athome.com/images/w_200,h_200,c_pad,f_auto,fl_lossy,q_auto/p/124345927/blue-white-ceramic-vase-9.jpg",https://www.athome.com//blue-white-ceramic-vase-9/124345927.html
"Ty Pennington Clear Crinkle Glass Vase, 8""","https://static.athome.com/images/w_200,h_200,c_pad,f_auto,fl_lossy,q_auto/p/124352980/ty-pennington-clear-crinkle-glass-vase-8.jpg",https://www.athome.com//ty-pennington-clear-crinkle-glass-vase-8/124352980.html
"Taupe Milk Bud Glass Vase, 4""","https://static.athome.com/images/w_200,h_200,c_pad,f_auto,fl_lossy,q_auto/p/124329936/taupe-milk-bud-glass-vase-4.jpg",https://www.athome.com//taupe-milk-bud-glass-vase-4/124329936.html
"Ty Pennington Amber Ribbed Glass Vase, 4""","https://static.athome.com/images/w_200,h_200,c_pad,f_auto,fl_lossy,q_auto/p/124361928/ty-pennington-amber-ribbed-glass-vase-4.jpg",https://www.athome.com//ty-pennington-amber-ribbed-glass-vase-4/124361928.html
"Blue Ceramic Vase, 12""","https://static.athome.com/images/w_200,h_200,c_pad,f_auto,fl_lossy,q_auto/p/124345813/blue-ceramic-vase-12.jpg",https://www.athome.com//blue-ceramic-vase-12/124345813.html
"Tracey Boyd Neutral Terracotta Vase with Handles, 11.5""","https://static.athome.com/images/w_200,h_200,c_pad,f_auto,fl_lossy,q_auto/p/124373038/tracey-boyd-neutral-terracotta-vase-with-handles-11.5.jpg",https://www.athome.com//tracey-boyd-neutral-terracotta-vase-with-handles-11.5/124373038.html
"Laila Ali White Buried Teardrop Glass Vase, 9""","https://static.athome.com/images/w_200,h_200,c_pad,f_auto,fl_lossy,q_auto/p/124340588/laila-ali-white-buried-teardrop-glass-vase-9.jpg",https://www.athome.com//laila-ali-white-buried-teardrop-glass-vase-9/124340588.html
"Brown Leaf Textured Vase, 22""","https://static.athome.com/images/w_200,h_200,c_pad,f_auto,fl_lossy,q_auto/p/124287686/brown-leaf-textured-vase-22.jpg",https://www.athome.com//brown-leaf-textured-vase-22/124287686.html
"Ty Pennington Frosted Aqua Glass Vase, 12""","https://static.athome.com/images/w_200,h_200,c_pad,f_auto,fl_lossy,q_auto/p/124353040/ty-pennington-frosted-aqua-glass-vase-12.jpg",https://www.athome.com//ty-pennington-frosted-aqua-glass-vase-12/124353040.html
"Found & Fable Wooden Vase, 12""","https://static.athome.com/images/w_200,h_200,c_pad,f_auto,fl_lossy,q_auto/p/124374179/found-fable-wooden-vase-12.jpg",https://www.athome.com//found-fable-wooden-vase-12/124374179.html
